page,table,sfin,mutual_fund_name,main_scheme_name,portfolio_data_0,portfolio_data_1,monthly_aum_value,empty_col
3,tbl_0,,Axis Max Life Insurance Fund,UL LIFE GROWTH SUPER FUND,Security Name,% of AUM,"12,240.64",
3,tbl_0,,Axis Max Life Insurance Fund,UL LIFE GROWTH SUPER FUND,HOUSING DEVELOPMENT FINANCE CORP BANK,7.65%,"12,240.64",
3,tbl_0,,Axis Max Life Insurance Fund,UL LIFE GROWTH SUPER FUND,ICICI BANK LIMITED,7.44%,"12,240.64",
3,tbl_0,,Axis Max Life Insurance Fund,UL LIFE GROWTH SUPER FUND,RELIANCE INDUSTRIES LIMITED,6.27%,"12,240.64",
3,tbl_0,,Axis Max Life Insurance Fund,UL LIFE GROWTH SUPER FUND,BHARTI AIRTEL LIMITED,5.77%,"12,240.64",
3,tbl_0,,Axis Max Life Insurance Fund,UL LIFE GROWTH SUPER FUND,LARSEN & TOUBRO LIMITED,5.61%,"12,240.64",
3,tbl_0,,Axis Max Life Insurance Fund,UL LIFE GROWTH SUPER FUND,INFOSYS LIMITED,5.28%,"12,240.64",
3,tbl_0,,Axis Max Life Insurance Fund,UL LIFE GROWTH SUPER FUND,STATE BANK OF INDIA,5.24%,"12,240.64",
3,tbl_0,,Axis Max Life Insurance Fund,UL LIFE GROWTH SUPER FUND,MARUTI SUZUKI INDIA LIMITED (SUZUKI CORPORATION LIMITED),3.83%,"12,240.64",
3,tbl_0,,Axis Max Life Insurance Fund,UL LIFE GROWTH SUPER FUND,MAHINDRA & MAHINDRA LIMITED,3.76%,"12,240.64",
3,tbl_0,,Axis Max Life Insurance Fund,UL LIFE GROWTH SUPER FUND,TITAN COMPANY LIMITED,3.22%,"12,240.64",
3,tbl_0,,Axis Max Life Insurance Fund,UL LIFE GROWTH SUPER FUND,TOP 10 GOVERNMENT SECURITIES IN THE FUND,,"12,240.64",
3,tbl_0,,Axis Max Life Insurance Fund,UL LIFE GROWTH SUPER FUND,Security Name,% of AUM,"12,240.64",
3,tbl_0,,Axis Max Life Insurance Fund,UL LIFE GROWTH SUPER FUND,NIL,NA,"12,240.64",
3,tbl_0,,Axis Max Life Insurance Fund,UL LIFE GROWTH SUPER FUND,TOP 10 BONDS IN THE FUND,,"12,240.64",
3,tbl_0,,Axis Max Life Insurance Fund,UL LIFE GROWTH SUPER FUND,Security Name,% of AUM,"12,240.64",
3,tbl_0,,Axis Max Life Insurance Fund,UL LIFE GROWTH SUPER FUND,NIL,NA,"12,240.64",
3,tbl_0,,Axis Max Life Insurance Fund,UL LIFE GROWTH SUPER FUND,FUND PROFILE,,"12,240.64",
3,tbl_0,,Axis Max Life Insurance Fund,UL LIFE GROWTH SUPER FUND,Modified Duration (Debt & Money Market Instruments),0.01,"12,240.64",
3,tbl_0,,Axis Max Life Insurance Fund,UL LIFE GROWTH SUPER FUND,Average Maturity (In Years),0.01,"12,240.64",
3,tbl_0,,Axis Max Life Insurance Fund,UL LIFE GROWTH SUPER FUND,Yield to Maturity,5.05%,"12,240.64",
3,tbl_0,,Axis Max Life Insurance Fund,UL LIFE GROWTH SUPER FUND,Beta,0.83,"12,240.64",
,,,,,,,,
,,,,,,,,
4,tbl_0,,Axis Max Life Insurance Fund,HIGH GROWTH FUND,Security Name,% of AUM,"12,571.80",
4,tbl_0,,Axis Max Life Insurance Fund,HIGH GROWTH FUND,INDUS TOWERS LIMITED,3.49%,"12,571.80",
4,tbl_0,,Axis Max Life Insurance Fund,HIGH GROWTH FUND,BSE LIMITED,3.11%,"12,571.80",
4,tbl_0,,Axis Max Life Insurance Fund,HIGH GROWTH FUND,AU SMALL FINANCE BANK LIMITED,2.87%,"12,571.80",
4,tbl_0,,Axis Max Life Insurance Fund,HIGH GROWTH FUND,MAX HEALTHCARE INSTITUTE LTD,2.83%,"12,571.80",
4,tbl_0,,Axis Max Life Insurance Fund,HIGH GROWTH FUND,CUMMINS INDIA LIMITED,2.72%,"12,571.80",
4,tbl_0,,Axis Max Life Insurance Fund,HIGH GROWTH FUND,KARUR VYSYA BANK LIMITED,2.47%,"12,571.80",
4,tbl_0,,Axis Max Life Insurance Fund,HIGH GROWTH FUND,THE FEDERAL BANK LIMITED,2.36%,"12,571.80",
4,tbl_0,,Axis Max Life Insurance Fund,HIGH GROWTH FUND,One 97 Communications Limited,2.25%,"12,571.80",
4,tbl_0,,Axis Max Life Insurance Fund,HIGH GROWTH FUND,FORTIS HEALTHCARE LIMITED,2.10%,"12,571.80",
4,tbl_0,,Axis Max Life Insurance Fund,HIGH GROWTH FUND,LUPIN LIMITED,2.03%,"12,571.80",
4,tbl_0,,Axis Max Life Insurance Fund,HIGH GROWTH FUND,TOP 10 GOVERNMENT SECURITIES IN THE FUND,,"12,571.80",
4,tbl_0,,Axis Max Life Insurance Fund,HIGH GROWTH FUND,Security Name,% of AUM,"12,571.80",
4,tbl_0,,Axis Max Life Insurance Fund,HIGH GROWTH FUND,NIL,NA,"12,571.80",
4,tbl_0,,Axis Max Life Insurance Fund,HIGH GROWTH FUND,TOP 10 BONDS IN THE FUND,,"12,571.80",
4,tbl_0,,Axis Max Life Insurance Fund,HIGH GROWTH FUND,Security Name,% of AUM,"12,571.80",
4,tbl_0,,Axis Max Life Insurance Fund,HIGH GROWTH FUND,NIL,NA,"12,571.80",
4,tbl_0,,Axis Max Life Insurance Fund,HIGH GROWTH FUND,FUND PROFILE,,"12,571.80",
4,tbl_0,,Axis Max Life Insurance Fund,HIGH GROWTH FUND,Modified Duration (Debt & Money Market Instruments),0.01,"12,571.80",
4,tbl_0,,Axis Max Life Insurance Fund,HIGH GROWTH FUND,Average Maturity (In Years),0.01,"12,571.80",
4,tbl_0,,Axis Max Life Insurance Fund,HIGH GROWTH FUND,Yield to Maturity,5.08%,"12,571.80",
4,tbl_0,,Axis Max Life Insurance Fund,HIGH GROWTH FUND,Beta,0.83,"12,571.80",
,,,,,,,,
,,,,,,,,
5,tbl_0,,Axis Max Life Insurance Fund,UL LIFE GROWTH FUND,Security Name,% of AUM,"6,859.67",
5,tbl_0,,Axis Max Life Insurance Fund,UL LIFE GROWTH FUND,ICICI BANK LIMITED,5.50%,"6,859.67",
5,tbl_0,,Axis Max Life Insurance Fund,UL LIFE GROWTH FUND,HOUSING DEVELOPMENT FINANCE CORP BANK,5.20%,"6,859.67",
5,tbl_0,,Axis Max Life Insurance Fund,UL LIFE GROWTH FUND,RELIANCE INDUSTRIES LIMITED,3.35%,"6,859.67",
5,tbl_0,,Axis Max Life Insurance Fund,UL LIFE GROWTH FUND,INFOSYS LIMITED,2.88%,"6,859.67",
5,tbl_0,,Axis Max Life Insurance Fund,UL LIFE GROWTH FUND,LARSEN & TOUBRO LIMITED,2.75%,"6,859.67",
5,tbl_0,,Axis Max Life Insurance Fund,UL LIFE GROWTH FUND,BHARTI AIRTEL LIMITED,2.45%,"6,859.67",
5,tbl_0,,Axis Max Life Insurance Fund,UL LIFE GROWTH FUND,STATE BANK OF INDIA,2.16%,"6,859.67",
5,tbl_0,,Axis Max Life Insurance Fund,UL LIFE GROWTH FUND,MAHINDRA & MAHINDRA LIMITED,1.84%,"6,859.67",
5,tbl_0,,Axis Max Life Insurance Fund,UL LIFE GROWTH FUND,KOTAK MAHINDRA BANK LIMITED,1.81%,"6,859.67",
5,tbl_0,,Axis Max Life Insurance Fund,UL LIFE GROWTH FUND,TITAN COMPANY LIMITED,1.49%,"6,859.67",
5,tbl_0,,Axis Max Life Insurance Fund,UL LIFE GROWTH FUND,TOP 10 GOVERNMENT SECURITIES IN THE FUND,,"6,859.67",
5,tbl_0,,Axis Max Life Insurance Fund,UL LIFE GROWTH FUND,Security Name,% of AUM,"6,859.67",
5,tbl_0,,Axis Max Life Insurance Fund,UL LIFE GROWTH FUND,6.90 GOI 15 APRIL 2065,7.90%,"6,859.67",
5,tbl_0,,Axis Max Life Insurance Fund,UL LIFE GROWTH FUND,6.48 GOI 06 OCT 35,3.52%,"6,859.67",
5,tbl_0,,Axis Max Life Insurance Fund,UL LIFE GROWTH FUND,7.46 GOI 06 NOVEMBER 2073,2.72%,"6,859.67",
5,tbl_0,,Axis Max Life Insurance Fund,UL LIFE GROWTH FUND,7.43 GOI 19 JAN 2076,2.34%,"6,859.67",
5,tbl_0,,Axis Max Life Insurance Fund,UL LIFE GROWTH FUND,6.79 SGB 02 DECEMBER 2034,2.05%,"6,859.67",
5,tbl_0,,Axis Max Life Insurance Fund,UL LIFE GROWTH FUND,6.8 GOI 15 DEC 2060,0.85%,"6,859.67",
5,tbl_0,,Axis Max Life Insurance Fund,UL LIFE GROWTH FUND,7.72 MADHYA PRADESH SDL 18 FEB 2049,0.74%,"6,859.67",
5,tbl_0,,Axis Max Life Insurance Fund,UL LIFE GROWTH FUND,7.30 GOI 19 JUNE 2053,0.72%,"6,859.67",
5,tbl_0,,Axis Max Life Insurance Fund,UL LIFE GROWTH FUND,7.84 TELANGANA SDL 11 FEB 2047,0.67%,"6,859.67",
5,tbl_0,,Axis Max Life Insurance Fund,UL LIFE GROWTH FUND,7.09 GOI 25 NOVEMBER 2074,0.38%,"6,859.67",
5,tbl_0,,Axis Max Life Insurance Fund,UL LIFE GROWTH FUND,TOP 10 BONDS IN THE FUND,,"6,859.67",
5,tbl_0,,Axis Max Life Insurance Fund,UL LIFE GROWTH FUND,Security Name,% of AUM,"6,859.67",
5,tbl_0,,Axis Max Life Insurance Fund,UL LIFE GROWTH FUND,7.80 YES BANK 29 SEP 2027,3.50%,"6,859.67",
5,tbl_0,,Axis Max Life Insurance Fund,UL LIFE GROWTH FUND,7.08 POWER GRID CORPORATION 25 OCTOBER 2034,2.73%,"6,859.67",
5,tbl_0,,Axis Max Life Insurance Fund,UL LIFE GROWTH FUND,7.35 NATIONAL HOUSING BANK 02 JAN 2032,1.97%,"6,859.67",
5,tbl_0,,Axis Max Life Insurance Fund,UL LIFE GROWTH FUND,7.01 NABARD 16 MAR 2029,1.09%,"6,859.67",
5,tbl_0,,Axis Max Life Insurance Fund,UL LIFE GROWTH FUND,6.84 NATIONAL THERMAL POWER CORPORATION 09 MAY 2035,1.05%,"6,859.67",
5,tbl_0,,Axis Max Life Insurance Fund,UL LIFE GROWTH FUND,7.74 INDIAN RAILWAY FINANCE CORP LTD 15 APRIL 2038,0.97%,"6,859.67",
5,tbl_0,,Axis Max Life Insurance Fund,UL LIFE GROWTH FUND,7.65 INDIAN RAILWAY FINANCE CORP LTD 30 DECEMBER 2032,0.79%,"6,859.67",
5,tbl_0,,Axis Max Life Insurance Fund,UL LIFE GROWTH FUND,6.85 NABARD 19 JAN 2029,0.73%,"6,859.67",
5,tbl_0,,Axis Max Life Insurance Fund,UL LIFE GROWTH FUND,7.50 POWERGRID CORPORATION 24 AUGUST 2033,0.63%,"6,859.67",
5,tbl_0,,Axis Max Life Insurance Fund,UL LIFE GROWTH FUND,9.05 CHOLAMANDALAM INVESTMENT & FINANCE COMPANY LIMITED 24 M,0.57%,"6,859.67",
,,,,,,,,
,,,,,,,,
6,tbl_0,,Axis Max Life Insurance Fund,UL LIFE BALANCED FUND,Security Name,% of AUM,"2,125.30",
6,tbl_0,,Axis Max Life Insurance Fund,UL LIFE BALANCED FUND,ICICI BANK LIMITED,3.33%,"2,125.30",
6,tbl_0,,Axis Max Life Insurance Fund,UL LIFE BALANCED FUND,HOUSING DEVELOPMENT FINANCE CORP BANK,3.04%,"2,125.30",
6,tbl_0,,Axis Max Life Insurance Fund,UL LIFE BALANCED FUND,RELIANCE INDUSTRIES LIMITED,1.69%,"2,125.30",
6,tbl_0,,Axis Max Life Insurance Fund,UL LIFE BALANCED FUND,INFOSYS LIMITED,1.58%,"2,125.30",
6,tbl_0,,Axis Max Life Insurance Fund,UL LIFE BALANCED FUND,LARSEN & TOUBRO LIMITED,1.52%,"2,125.30",
6,tbl_0,,Axis Max Life Insurance Fund,UL LIFE BALANCED FUND,BHARTI AIRTEL LIMITED,1.45%,"2,125.30",
6,tbl_0,,Axis Max Life Insurance Fund,UL LIFE BALANCED FUND,KOTAK MAHINDRA BANK LIMITED,1.43%,"2,125.30",
6,tbl_0,,Axis Max Life Insurance Fund,UL LIFE BALANCED FUND,STATE BANK OF INDIA,1.37%,"2,125.30",
6,tbl_0,,Axis Max Life Insurance Fund,UL LIFE BALANCED FUND,MAHINDRA & MAHINDRA LIMITED,1.15%,"2,125.30",
6,tbl_0,,Axis Max Life Insurance Fund,UL LIFE BALANCED FUND,TITAN COMPANY LIMITED,0.97%,"2,125.30",
6,tbl_0,,Axis Max Life Insurance Fund,UL LIFE BALANCED FUND,TOP 10 GOVERNMENT SECURITIES IN THE FUND,,"2,125.30",
6,tbl_0,,Axis Max Life Insurance Fund,UL LIFE BALANCED FUND,Security Name,% of AUM,"2,125.30",
6,tbl_0,,Axis Max Life Insurance Fund,UL LIFE BALANCED FUND,6.90 GOI 15 APRIL 2065,16.20%,"2,125.30",
6,tbl_0,,Axis Max Life Insurance Fund,UL LIFE BALANCED FUND,6.79 SGB 02 DECEMBER 2034,4.72%,"2,125.30",
6,tbl_0,,Axis Max Life Insurance Fund,UL LIFE BALANCED FUND,7.72 MADHYA PRADESH SDL 18 FEB 2045,2.14%,"2,125.30",
6,tbl_0,,Axis Max Life Insurance Fund,UL LIFE BALANCED FUND,7.30 GOI 19 JUNE 2053,2.10%,"2,125.30",
6,tbl_0,,Axis Max Life Insurance Fund,UL LIFE BALANCED FUND,7.43 GOI 19 JAN 2076,1.92%,"2,125.30",
6,tbl_0,,Axis Max Life Insurance Fund,UL LIFE BALANCED FUND,7.40 GOI 19 SEPTEMBER 2062,1.17%,"2,125.30",
6,tbl_0,,Axis Max Life Insurance Fund,UL LIFE BALANCED FUND,6.28 GOI 14 JULY 2032,1.16%,"2,125.30",
6,tbl_0,,Axis Max Life Insurance Fund,UL LIFE BALANCED FUND,7.09 GOI 25 NOVEMBER 2074,0.45%,"2,125.30",
6,tbl_0,,Axis Max Life Insurance Fund,UL LIFE BALANCED FUND,7.46 GOI 06 NOVEMBER 2073,0.40%,"2,125.30",
6,tbl_0,,Axis Max Life Insurance Fund,UL LIFE BALANCED FUND,7.88 GOI 19 MAR 2030,0.37%,"2,125.30",
6,tbl_0,,Axis Max Life Insurance Fund,UL LIFE BALANCED FUND,TOP 10 BONDS IN THE FUND,,"2,125.30",
6,tbl_0,,Axis Max Life Insurance Fund,UL LIFE BALANCED FUND,Security Name,% of AUM,"2,125.30",
6,tbl_0,,Axis Max Life Insurance Fund,UL LIFE BALANCED FUND,7.80 YES BANK 29 SEP 2027,3.83%,"2,125.30",
6,tbl_0,,Axis Max Life Insurance Fund,UL LIFE BALANCED FUND,7.15 INDIAN RAILWAY FINANCE CORP LTD 14 NOVEMBER 2039,2.99%,"2,125.30",
6,tbl_0,,Axis Max Life Insurance Fund,UL LIFE BALANCED FUND,7.35 NATIONAL HOUSING BANK 02 JAN 2032,2.31%,"2,125.30",
6,tbl_0,,Axis Max Life Insurance Fund,UL LIFE BALANCED FUND,7.08 POWER GRID CORPORATION 25 OCTOBER 2034,2.30%,"2,125.30",
6,tbl_0,,Axis Max Life Insurance Fund,UL LIFE BALANCED FUND,7.65 POWER FINANCE CORPORATION 13 NOVEMBER 2037,1.92%,"2,125.30",
6,tbl_0,,Axis Max Life Insurance Fund,UL LIFE BALANCED FUND,6.85 NABARD 19 JAN 2029,1.64%,"2,125.30",
6,tbl_0,,Axis Max Life Insurance Fund,UL LIFE BALANCED FUND,7.8 YES BANK 01 OCT 2027,1.56%,"2,125.30",
6,tbl_0,,Axis Max Life Insurance Fund,UL LIFE BALANCED FUND,7.65 INDIAN RAILWAY FINANCE CORP LTD 30 DECEMBER 2032,1.19%,"2,125.30",
6,tbl_0,,Axis Max Life Insurance Fund,UL LIFE BALANCED FUND,7.01 NABARD 16 MAR 2029,1.17%,"2,125.30",
6,tbl_0,,Axis Max Life Insurance Fund,UL LIFE BALANCED FUND,8.58 HUDCO (GOI SERVICED) 14 February 2029,1.17%,"2,125.30",
,,,,,,,,
,,,,,,,,
7,tbl_0,,Axis Max Life Insurance Fund,UL LIFE CONSERVATIVE FUND,Security Name,% of AUM,189.46,
7,tbl_0,,Axis Max Life Insurance Fund,UL LIFE CONSERVATIVE FUND,ICICI BANK LIMITED,1.09%,189.46,
7,tbl_0,,Axis Max Life Insurance Fund,UL LIFE CONSERVATIVE FUND,HOUSING DEVELOPMENT FINANCE CORP BANK,0.94%,189.46,
7,tbl_0,,Axis Max Life Insurance Fund,UL LIFE CONSERVATIVE FUND,RELIANCE INDUSTRIES LIMITED,0.60%,189.46,
7,tbl_0,,Axis Max Life Insurance Fund,UL LIFE CONSERVATIVE FUND,LARSEN & TOUBRO LIMITED,0.58%,189.46,
7,tbl_0,,Axis Max Life Insurance Fund,UL LIFE CONSERVATIVE FUND,NTPC LIMITED,0.50%,189.46,
7,tbl_0,,Axis Max Life Insurance Fund,UL LIFE CONSERVATIVE FUND,BHARTI AIRTEL LIMITED,0.46%,189.46,
7,tbl_0,,Axis Max Life Insurance Fund,UL LIFE CONSERVATIVE FUND,INFOSYS LIMITED,0.45%,189.46,
7,tbl_0,,Axis Max Life Insurance Fund,UL LIFE CONSERVATIVE FUND,AXIS BANK LIMITED,0.41%,189.46,
7,tbl_0,,Axis Max Life Insurance Fund,UL LIFE CONSERVATIVE FUND,KOTAK MAHINDRA BANK LIMITED,0.41%,189.46,
7,tbl_0,,Axis Max Life Insurance Fund,UL LIFE CONSERVATIVE FUND,MAHINDRA & MAHINDRA LIMITED,0.34%,189.46,
7,tbl_0,,Axis Max Life Insurance Fund,UL LIFE CONSERVATIVE FUND,TOP 10 GOVERNMENT SECURITIES IN THE FUND,,189.46,
7,tbl_0,,Axis Max Life Insurance Fund,UL LIFE CONSERVATIVE FUND,Security Name,% of AUM,189.46,
7,tbl_0,,Axis Max Life Insurance Fund,UL LIFE CONSERVATIVE FUND,7.43 GOI 19 JAN 2076,18.28%,189.46,
7,tbl_0,,Axis Max Life Insurance Fund,UL LIFE CONSERVATIVE FUND,6.01 GOI 21 JULY 2030,13.55%,189.46,
7,tbl_0,,Axis Max Life Insurance Fund,UL LIFE CONSERVATIVE FUND,6.90 GOI 15 APRIL 2065,12.63%,189.46,
7,tbl_0,,Axis Max Life Insurance Fund,UL LIFE CONSERVATIVE FUND,6.48 GOI 06 OCT 35,7.72%,189.46,
7,tbl_0,,Axis Max Life Insurance Fund,UL LIFE CONSERVATIVE FUND,8.17 GOI 01 DEC 2044,1.01%,189.46,
7,tbl_0,,Axis Max Life Insurance Fund,UL LIFE CONSERVATIVE FUND,7.43 ANDHRA PRADESH SDL 05 JUNE 2042,0.95%,189.46,
7,tbl_0,,Axis Max Life Insurance Fund,UL LIFE CONSERVATIVE FUND,7.46 GOI 06 NOVEMBER 2073,0.66%,189.46,
7,tbl_0,,Axis Max Life Insurance Fund,UL LIFE CONSERVATIVE FUND,6.95 GOI 16 DEC 2061,0.19%,189.46,
7,tbl_0,,Axis Max Life Insurance Fund,UL LIFE CONSERVATIVE FUND,6.8 GOI 15 DEC 2060,0.16%,189.46,
7,tbl_0,,Axis Max Life Insurance Fund,UL LIFE CONSERVATIVE FUND,7.54 GOI 23 MAY 2036,0.07%,189.46,
7,tbl_0,,Axis Max Life Insurance Fund,UL LIFE CONSERVATIVE FUND,TOP 10 BONDS IN THE FUND,,189.46,
7,tbl_0,,Axis Max Life Insurance Fund,UL LIFE CONSERVATIVE FUND,Security Name,% of AUM,189.46,
7,tbl_0,,Axis Max Life Insurance Fund,UL LIFE CONSERVATIVE FUND,6.85 NABARD 19 JAN 2029,4.85%,189.46,
7,tbl_0,,Axis Max Life Insurance Fund,UL LIFE CONSERVATIVE FUND,7.12 POWER GRID CORPORATION 24 DECEMBER 2034,4.14%,189.46,
7,tbl_0,,Axis Max Life Insurance Fund,UL LIFE CONSERVATIVE FUND,7.80 YES BANK 29 SEP 2027,4.11%,189.46,
7,tbl_0,,Axis Max Life Insurance Fund,UL LIFE CONSERVATIVE FUND,8.09 RURAL ELECTRIFICATION CORPORATION LIMITED 21 MAR 2028 -,2.70%,189.46,
7,tbl_0,,Axis Max Life Insurance Fund,UL LIFE CONSERVATIVE FUND,7.65 INDIAN RAILWAY FINANCE CORP LTD 30 DECEMBER 2032,2.67%,189.46,
7,tbl_0,,Axis Max Life Insurance Fund,UL LIFE CONSERVATIVE FUND,7.37 NABARD 28 MAY 2035,2.63%,189.46,
7,tbl_0,,Axis Max Life Insurance Fund,UL LIFE CONSERVATIVE FUND,7.15 INDIAN RAILWAY FINANCE CORP LTD 14 NOVEMBER 2039,2.58%,189.46,
7,tbl_0,,Axis Max Life Insurance Fund,UL LIFE CONSERVATIVE FUND,7.50 POWERGRID CORPORATION 24 AUGUST 2033,1.70%,189.46,
7,tbl_0,,Axis Max Life Insurance Fund,UL LIFE CONSERVATIVE FUND,6.8 SBI 21 AUG 2035 TIER-2 (CALL DATE 21 AUG 2030),1.52%,189.46,
7,tbl_0,,Axis Max Life Insurance Fund,UL LIFE CONSERVATIVE FUND,7.85 INDIAN RAILWAY FINANCE CORPORATION 01 JUL 2034,1.08%,189.46,
,,,,,,,,
,,,,,,,,
8,tbl_0,,Axis Max Life Insurance Fund,UL LIFE SECURED FUND,Security NIL Name,% NA of AUM,"1,012.93",
8,tbl_0,,Axis Max Life Insurance Fund,UL LIFE SECURED FUND,TOP 10 GOVERNMENT SECURITIES IN THE FUND,,"1,012.93",
8,tbl_0,,Axis Max Life Insurance Fund,UL LIFE SECURED FUND,Security Name,% of AUM,"1,012.93",
8,tbl_0,,Axis Max Life Insurance Fund,UL LIFE SECURED FUND,7.43 GOI 19 JAN 2076,11.84%,"1,012.93",
8,tbl_0,,Axis Max Life Insurance Fund,UL LIFE SECURED FUND,6.90 GOI 15 APRIL 2065,8.79%,"1,012.93",
8,tbl_0,,Axis Max Life Insurance Fund,UL LIFE SECURED FUND,6.01 GOI 21 JULY 2030,6.43%,"1,012.93",
8,tbl_0,,Axis Max Life Insurance Fund,UL LIFE SECURED FUND,8.30 GOI 02 JUL 2040,5.41%,"1,012.93",
8,tbl_0,,Axis Max Life Insurance Fund,UL LIFE SECURED FUND,6.28 GOI 14 JULY 2032,5.36%,"1,012.93",
8,tbl_0,,Axis Max Life Insurance Fund,UL LIFE SECURED FUND,7.73 HARYANA SDL 18 FEB 2045,3.49%,"1,012.93",
8,tbl_0,,Axis Max Life Insurance Fund,UL LIFE SECURED FUND,7.30 GOI 19 JUNE 2053,3.43%,"1,012.93",
8,tbl_0,,Axis Max Life Insurance Fund,UL LIFE SECURED FUND,8.83 GOI 12 DEC 2041,2.29%,"1,012.93",
8,tbl_0,,Axis Max Life Insurance Fund,UL LIFE SECURED FUND,6.48 GOI 06 OCT 35,2.22%,"1,012.93",
8,tbl_0,,Axis Max Life Insurance Fund,UL LIFE SECURED FUND,7.46 GOI 06 NOVEMBER 2073,1.00%,"1,012.93",
8,tbl_0,,Axis Max Life Insurance Fund,UL LIFE SECURED FUND,TOP 10 BONDS IN THE FUND,,"1,012.93",
8,tbl_0,,Axis Max Life Insurance Fund,UL LIFE SECURED FUND,Security Name,% of AUM,"1,012.93",
8,tbl_0,,Axis Max Life Insurance Fund,UL LIFE SECURED FUND,7.89 BAJAJ HOUSING FINANCE LIMITED 14 JULY 2034,7.62%,"1,012.93",
8,tbl_0,,Axis Max Life Insurance Fund,UL LIFE SECURED FUND,7.15 INDIAN RAILWAY FINANCE CORP LTD 14 NOVEMBER 2039,7.23%,"1,012.93",
8,tbl_0,,Axis Max Life Insurance Fund,UL LIFE SECURED FUND,7.37 NABARD 28 MAY 2035,3.73%,"1,012.93",
8,tbl_0,,Axis Max Life Insurance Fund,UL LIFE SECURED FUND,7.35 NATIONAL HOUSING BANK 02 JAN 2032,3.57%,"1,012.93",
8,tbl_0,,Axis Max Life Insurance Fund,UL LIFE SECURED FUND,7.80 YES BANK 29 SEP 2027,3.39%,"1,012.93",
8,tbl_0,,Axis Max Life Insurance Fund,UL LIFE SECURED FUND,7.72 BAJAJ FINANCE LIMITED 23 MAY 2033,2.51%,"1,012.93",
8,tbl_0,,Axis Max Life Insurance Fund,UL LIFE SECURED FUND,7.64 POWER FINANCE CORP 22 FEB 2033 (PUT OPTION 21.02.26),2.48%,"1,012.93",
8,tbl_0,,Axis Max Life Insurance Fund,UL LIFE SECURED FUND,6.85 NABARD 19 JAN 2029,2.42%,"1,012.93",
8,tbl_0,,Axis Max Life Insurance Fund,UL LIFE SECURED FUND,7.8 YES BANK 01 OCT 2027,1.60%,"1,012.93",
8,tbl_0,,Axis Max Life Insurance Fund,UL LIFE SECURED FUND,8.65 INDIA INFRADEBT LIMITED 22 MAR 2026,1.12%,"1,012.93",
8,tbl_0,,Axis Max Life Insurance Fund,UL LIFE SECURED FUND,FUND PROFILE,,"1,012.93",
8,tbl_0,,Axis Max Life Insurance Fund,UL LIFE SECURED FUND,Modified Duration (Debt & Money Market Instruments),7.26,"1,012.93",
8,tbl_0,,Axis Max Life Insurance Fund,UL LIFE SECURED FUND,Average Maturity (In Years),17.24,"1,012.93",
8,tbl_0,,Axis Max Life Insurance Fund,UL LIFE SECURED FUND,Yield Beta to Maturity,7.18% 0.80,"1,012.93",
,,,,,,,,
,,,,,,,,
9,tbl_0,,Axis Max Life Insurance Fund,DYNAMIC OPPORTUINITIES FUND,Security Name,% of AUM,339.41,
9,tbl_0,,Axis Max Life Insurance Fund,DYNAMIC OPPORTUINITIES FUND,HOUSING DEVELOPMENT FINANCE CORP BANK,6.43%,339.41,
9,tbl_0,,Axis Max Life Insurance Fund,DYNAMIC OPPORTUINITIES FUND,ICICI BANK LIMITED,4.43%,339.41,
9,tbl_0,,Axis Max Life Insurance Fund,DYNAMIC OPPORTUINITIES FUND,RELIANCE INDUSTRIES LIMITED,3.33%,339.41,
9,tbl_0,,Axis Max Life Insurance Fund,DYNAMIC OPPORTUINITIES FUND,MAX HEALTHCARE INSTITUTE LTD,3.09%,339.41,
9,tbl_0,,Axis Max Life Insurance Fund,DYNAMIC OPPORTUINITIES FUND,STATE BANK OF INDIA,2.69%,339.41,
9,tbl_0,,Axis Max Life Insurance Fund,DYNAMIC OPPORTUINITIES FUND,LARSEN & TOUBRO LIMITED,2.29%,339.41,
9,tbl_0,,Axis Max Life Insurance Fund,DYNAMIC OPPORTUINITIES FUND,AXIS BANK LIMITED,2.15%,339.41,
9,tbl_0,,Axis Max Life Insurance Fund,DYNAMIC OPPORTUINITIES FUND,ETERNAL LIMITED,1.98%,339.41,
9,tbl_0,,Axis Max Life Insurance Fund,DYNAMIC OPPORTUINITIES FUND,MARUTI SUZUKI INDIA LIMITED (SUZUKI CORPORATION LIMITED),1.65%,339.41,
9,tbl_0,,Axis Max Life Insurance Fund,DYNAMIC OPPORTUINITIES FUND,DIVIS LABORATORIES LIMITED,1.56%,339.41,
9,tbl_0,,Axis Max Life Insurance Fund,DYNAMIC OPPORTUINITIES FUND,TOP 10 GOVERNMENT SECURITIES IN THE FUND,,339.41,
9,tbl_0,,Axis Max Life Insurance Fund,DYNAMIC OPPORTUINITIES FUND,Security Name,% of AUM,339.41,
9,tbl_0,,Axis Max Life Insurance Fund,DYNAMIC OPPORTUINITIES FUND,7.43 GOI 19 JAN 2076,8.51%,339.41,
9,tbl_0,,Axis Max Life Insurance Fund,DYNAMIC OPPORTUINITIES FUND,6.01 GOI 21 JULY 2030,7.94%,339.41,
9,tbl_0,,Axis Max Life Insurance Fund,DYNAMIC OPPORTUINITIES FUND,7.46 GOI 06 NOVEMBER 2073,3.07%,339.41,
9,tbl_0,,Axis Max Life Insurance Fund,DYNAMIC OPPORTUINITIES FUND,7.73 HARYANA SDL 18 FEB 2045,2.97%,339.41,
9,tbl_0,,Axis Max Life Insurance Fund,DYNAMIC OPPORTUINITIES FUND,6.90 GOI 15 APRIL 2065,2.46%,339.41,
9,tbl_0,,Axis Max Life Insurance Fund,DYNAMIC OPPORTUINITIES FUND,6.8 GOI 15 DEC 2060,2.29%,339.41,
9,tbl_0,,Axis Max Life Insurance Fund,DYNAMIC OPPORTUINITIES FUND,7.72 MADHYA PRADESH SDL 18 FEB 2045,1.49%,339.41,
9,tbl_0,,Axis Max Life Insurance Fund,DYNAMIC OPPORTUINITIES FUND,7.29 SGB 27 JANUARY 2033,1.40%,339.41,
9,tbl_0,,Axis Max Life Insurance Fund,DYNAMIC OPPORTUINITIES FUND,7.29 TELANGANA SDL 07 August 2040,0.50%,339.41,
9,tbl_0,,Axis Max Life Insurance Fund,DYNAMIC OPPORTUINITIES FUND,8.17 GOI 01 DEC 2044,0.39%,339.41,
9,tbl_0,,Axis Max Life Insurance Fund,DYNAMIC OPPORTUINITIES FUND,TOP 10 BONDS IN THE FUND,,339.41,
9,tbl_0,,Axis Max Life Insurance Fund,DYNAMIC OPPORTUINITIES FUND,Security Name,% of AUM,339.41,
9,tbl_0,,Axis Max Life Insurance Fund,DYNAMIC OPPORTUINITIES FUND,7.8 YES BANK 01 OCT 2027,1.88%,339.41,
9,tbl_0,,Axis Max Life Insurance Fund,DYNAMIC OPPORTUINITIES FUND,7.15 INDIAN RAILWAY FINANCE CORP LTD 14 NOVEMBER 2039,1.87%,339.41,
9,tbl_0,,Axis Max Life Insurance Fund,DYNAMIC OPPORTUINITIES FUND,7.65 INDIAN RAILWAY FINANCE CORP LTD 30 DECEMBER 2032,1.49%,339.41,
9,tbl_0,,Axis Max Life Insurance Fund,DYNAMIC OPPORTUINITIES FUND,7.37 NABARD 28 MAY 2035,1.47%,339.41,
9,tbl_0,,Axis Max Life Insurance Fund,DYNAMIC OPPORTUINITIES FUND,7.50 POWERGRID CORPORATION 24 AUGUST 2033,1.43%,339.41,
9,tbl_0,,Axis Max Life Insurance Fund,DYNAMIC OPPORTUINITIES FUND,7.35 NATIONAL HOUSING BANK 02 JAN 2032,1.18%,339.41,
9,tbl_0,,Axis Max Life Insurance Fund,DYNAMIC OPPORTUINITIES FUND,6.85 NABARD 19 JAN 2029,1.10%,339.41,
9,tbl_0,,Axis Max Life Insurance Fund,DYNAMIC OPPORTUINITIES FUND,7.45 ALTIUS TELE INFRA 20 APR 2035 (Step up & Step down),0.90%,339.41,
9,tbl_0,,Axis Max Life Insurance Fund,DYNAMIC OPPORTUINITIES FUND,6.75 PIRAMAL CAPITAL & HOUSING FINANCE LIMIT,0.88%,339.41,
9,tbl_0,,Axis Max Life Insurance Fund,DYNAMIC OPPORTUINITIES FUND,7.80 YES BANK 29 SEP 2027,0.79%,339.41,
,,,,,,,,
,,,,,,,,
10,tbl_0,,Axis Max Life Insurance Fund,UL MONEY MARKET FUND,Security NIL Name,% of AUM NA,{},
10,tbl_0,,Axis Max Life Insurance Fund,UL MONEY MARKET FUND,TOP 10 GOVERNMENT SECURITIES IN THE FUND,,{},
10,tbl_0,,Axis Max Life Insurance Fund,UL MONEY MARKET FUND,Security NIL Name,% of AUM NA,{},
10,tbl_0,,Axis Max Life Insurance Fund,UL MONEY MARKET FUND,TOP 10 BONDS IN THE FUND,,{},
10,tbl_0,,Axis Max Life Insurance Fund,UL MONEY MARKET FUND,Security NIL Name,% of AUM NA,{},
10,tbl_0,,Axis Max Life Insurance Fund,UL MONEY MARKET FUND,FUND PROFILE,,{},
10,tbl_0,,Axis Max Life Insurance Fund,UL MONEY MARKET FUND,Modified Duration (Debt & Money Market Instruments),0.57,{},
10,tbl_0,,Axis Max Life Insurance Fund,UL MONEY MARKET FUND,Average Maturity (In Years),0.57,{},
10,tbl_0,,Axis Max Life Insurance Fund,UL MONEY MARKET FUND,Yield to Maturity,5.45%,{},
,,,,,,,,
,,,,,,,,
11,tbl_0,,Axis Max Life Insurance Fund,UL SECURE PLUS,Security Name,% of AUM,176.83,
11,tbl_0,,Axis Max Life Insurance Fund,UL SECURE PLUS,NIL,NA,176.83,
11,tbl_0,,Axis Max Life Insurance Fund,UL SECURE PLUS,TOP 10 GOVERNMENT SECURITIES IN THE FUND,,176.83,
11,tbl_0,,Axis Max Life Insurance Fund,UL SECURE PLUS,Security Name,% of AUM,176.83,
11,tbl_0,,Axis Max Life Insurance Fund,UL SECURE PLUS,6.01 GOI 21 JULY 2030,20.06%,176.83,
11,tbl_0,,Axis Max Life Insurance Fund,UL SECURE PLUS,7.43 GOI 19 JAN 2076,16.07%,176.83,
11,tbl_0,,Axis Max Life Insurance Fund,UL SECURE PLUS,6.90 GOI 15 APRIL 2065,13.49%,176.83,
11,tbl_0,,Axis Max Life Insurance Fund,UL SECURE PLUS,8.83 GOI 12 DEC 2041,6.55%,176.83,
11,tbl_0,,Axis Max Life Insurance Fund,UL SECURE PLUS,6.48 GOI 06 OCT 35,2.14%,176.83,
11,tbl_0,,Axis Max Life Insurance Fund,UL SECURE PLUS,7.29 TELANGANA SDL 07 August 2040,1.53%,176.83,
11,tbl_0,,Axis Max Life Insurance Fund,UL SECURE PLUS,7.34 ANDHRA PRADESH SDL 31 JULY 2044,1.48%,176.83,
11,tbl_0,,Axis Max Life Insurance Fund,UL SECURE PLUS,7.54 GOI 23 MAY 2036,0.55%,176.83,
11,tbl_0,,Axis Max Life Insurance Fund,UL SECURE PLUS,6.95 GOI 16 DEC 2061,0.39%,176.83,
11,tbl_0,,Axis Max Life Insurance Fund,UL SECURE PLUS,8.17 GOI 01 DEC 2044,0.36%,176.83,
11,tbl_0,,Axis Max Life Insurance Fund,UL SECURE PLUS,TOP 10 BONDS IN THE FUND,,176.83,
11,tbl_0,,Axis Max Life Insurance Fund,UL SECURE PLUS,Security Name,% of AUM,176.83,
11,tbl_0,,Axis Max Life Insurance Fund,UL SECURE PLUS,7.80 YES BANK 29 SEP 2027,5.93%,176.83,
11,tbl_0,,Axis Max Life Insurance Fund,UL SECURE PLUS,7.65 INDIAN RAILWAY FINANCE CORP LTD 30 DECEMBER 2032,5.73%,176.83,
11,tbl_0,,Axis Max Life Insurance Fund,UL SECURE PLUS,8.50 CHOLAMANDALAM INVESTMENT & FIN CO LTD 27 MARCH 2026,2.83%,176.83,
11,tbl_0,,Axis Max Life Insurance Fund,UL SECURE PLUS,7.37 NABARD 28 MAY 2035,2.82%,176.83,
11,tbl_0,,Axis Max Life Insurance Fund,UL SECURE PLUS,7.12 POWER GRID CORPORATION 24 DECEMBER 2034,2.77%,176.83,
11,tbl_0,,Axis Max Life Insurance Fund,UL SECURE PLUS,6.85 NABARD 19 JAN 2029,2.08%,176.83,
11,tbl_0,,Axis Max Life Insurance Fund,UL SECURE PLUS,8.65 INDIA INFRADEBT LIMITED 22 MAR 2026,1.98%,176.83,
11,tbl_0,,Axis Max Life Insurance Fund,UL SECURE PLUS,7.65 POWER FINANCE CORPORATION 13 NOVEMBER 2037,1.67%,176.83,
11,tbl_0,,Axis Max Life Insurance Fund,UL SECURE PLUS,7.15 INDIAN RAILWAY FINANCE CORP LTD 14 NOVEMBER 2039,1.38%,176.83,
11,tbl_0,,Axis Max Life Insurance Fund,UL SECURE PLUS,6.8 SBI 21 AUG 2035 TIER-2 (CALL DATE 21 AUG 2030),1.25%,176.83,
11,tbl_0,,Axis Max Life Insurance Fund,UL SECURE PLUS,FUND PROFILE,,176.83,
11,tbl_0,,Axis Max Life Insurance Fund,UL SECURE PLUS,Modified Duration (Debt & Money Market Instruments),7.11,176.83,
11,tbl_0,,Axis Max Life Insurance Fund,UL SECURE PLUS,Average Maturity (In Years),18.4,176.83,
11,tbl_0,,Axis Max Life Insurance Fund,UL SECURE PLUS,Yield to Maturity,7.07%,176.83,
11,tbl_0,,Axis Max Life Insurance Fund,UL SECURE PLUS,Beta,0.96,176.83,
,,,,,,,,
,,,,,,,,
12,tbl_0,,Axis Max Life Insurance Fund,GUARANTEED FUND- DYNAMIC,Security Name,% of AUM,{},
12,tbl_0,,Axis Max Life Insurance Fund,GUARANTEED FUND- DYNAMIC,ICICI BANK LIMITED,1.60%,{},
12,tbl_0,,Axis Max Life Insurance Fund,GUARANTEED FUND- DYNAMIC,HOUSING DEVELOPMENT FINANCE CORP BANK,1.38%,{},
12,tbl_0,,Axis Max Life Insurance Fund,GUARANTEED FUND- DYNAMIC,AXIS BANK LIMITED,1.18%,{},
12,tbl_0,,Axis Max Life Insurance Fund,GUARANTEED FUND- DYNAMIC,RELIANCE INDUSTRIES LIMITED,0.89%,{},
12,tbl_0,,Axis Max Life Insurance Fund,GUARANTEED FUND- DYNAMIC,LARSEN & TOUBRO LIMITED,0.80%,{},
12,tbl_0,,Axis Max Life Insurance Fund,GUARANTEED FUND- DYNAMIC,NTPC LIMITED,0.68%,{},
12,tbl_0,,Axis Max Life Insurance Fund,GUARANTEED FUND- DYNAMIC,BHARTI AIRTEL LIMITED,0.68%,{},
12,tbl_0,,Axis Max Life Insurance Fund,GUARANTEED FUND- DYNAMIC,KOTAK MAHINDRA BANK LIMITED,0.52%,{},
12,tbl_0,,Axis Max Life Insurance Fund,GUARANTEED FUND- DYNAMIC,MAHINDRA & MAHINDRA LIMITED,0.48%,{},
12,tbl_0,,Axis Max Life Insurance Fund,GUARANTEED FUND- DYNAMIC,INFOSYS LIMITED,0.48%,{},
12,tbl_0,,Axis Max Life Insurance Fund,GUARANTEED FUND- DYNAMIC,TOP 10 GOVERNMENT SECURITIES IN THE FUND,,{},
12,tbl_0,,Axis Max Life Insurance Fund,GUARANTEED FUND- DYNAMIC,Security Name,% of AUM,{},
12,tbl_0,,Axis Max Life Insurance Fund,GUARANTEED FUND- DYNAMIC,6.01 GOI 21 JULY 2030,27.56%,{},
12,tbl_0,,Axis Max Life Insurance Fund,GUARANTEED FUND- DYNAMIC,7.43 GOI 19 JAN 2076,14.36%,{},
12,tbl_0,,Axis Max Life Insurance Fund,GUARANTEED FUND- DYNAMIC,6.8 GOI 15 DEC 2060,8.88%,{},
12,tbl_0,,Axis Max Life Insurance Fund,GUARANTEED FUND- DYNAMIC,6.90 GOI 15 APRIL 2065,6.27%,{},
12,tbl_0,,Axis Max Life Insurance Fund,GUARANTEED FUND- DYNAMIC,7.43 ANDHRA PRADESH SDL 05 JUNE 2042,5.33%,{},
12,tbl_0,,Axis Max Life Insurance Fund,GUARANTEED FUND- DYNAMIC,7.29 SGB 27 JANUARY 2033,5.07%,{},
12,tbl_0,,Axis Max Life Insurance Fund,GUARANTEED FUND- DYNAMIC,7.46 GOI 06 NOVEMBER 2073,1.95%,{},
12,tbl_0,,Axis Max Life Insurance Fund,GUARANTEED FUND- DYNAMIC,8.17 GOI 01 DEC 2044,1.63%,{},
12,tbl_0,,Axis Max Life Insurance Fund,GUARANTEED FUND- DYNAMIC,7.25 GOI 12 JUNE 2063,0.48%,{},
12,tbl_0,,Axis Max Life Insurance Fund,GUARANTEED FUND- DYNAMIC,7.73 GOI 19 DEC 2034,0.44%,{},
12,tbl_0,,Axis Max Life Insurance Fund,GUARANTEED FUND- DYNAMIC,TOP 10 BONDS IN THE FUND,,{},
12,tbl_0,,Axis Max Life Insurance Fund,GUARANTEED FUND- DYNAMIC,Security Name,% of AUM,{},
12,tbl_0,,Axis Max Life Insurance Fund,GUARANTEED FUND- DYNAMIC,6.85 NABARD 19 JAN 2029,4.46%,{},
12,tbl_0,,Axis Max Life Insurance Fund,GUARANTEED FUND- DYNAMIC,7.43 NABFID 04 JULY 2034 (Put option),1.93%,{},
12,tbl_0,,Axis Max Life Insurance Fund,GUARANTEED FUND- DYNAMIC,7.75 INDIAN RAILWAY FINANCE CORP LTD 15 APRIL 2033,0.65%,{},
,,,,,,,,
,,,,,,,,
13,tbl_0,,Axis Max Life Insurance Fund,GUARANTEED FUND-INCOME,Security Name,% of AUM,{},
13,tbl_0,,Axis Max Life Insurance Fund,GUARANTEED FUND-INCOME,ICICI BANK LIMITED,0.54%,{},
13,tbl_0,,Axis Max Life Insurance Fund,GUARANTEED FUND-INCOME,HOUSING DEVELOPMENT FINANCE CORP BANK,0.46%,{},
13,tbl_0,,Axis Max Life Insurance Fund,GUARANTEED FUND-INCOME,AXIS BANK LIMITED,0.37%,{},
13,tbl_0,,Axis Max Life Insurance Fund,GUARANTEED FUND-INCOME,RELIANCE INDUSTRIES LIMITED,0.29%,{},
13,tbl_0,,Axis Max Life Insurance Fund,GUARANTEED FUND-INCOME,LARSEN & TOUBRO LIMITED,0.26%,{},
13,tbl_0,,Axis Max Life Insurance Fund,GUARANTEED FUND-INCOME,NTPC LIMITED,0.22%,{},
13,tbl_0,,Axis Max Life Insurance Fund,GUARANTEED FUND-INCOME,BHARTI AIRTEL LIMITED,0.19%,{},
13,tbl_0,,Axis Max Life Insurance Fund,GUARANTEED FUND-INCOME,KOTAK MAHINDRA BANK LIMITED,0.17%,{},
13,tbl_0,,Axis Max Life Insurance Fund,GUARANTEED FUND-INCOME,INFOSYS LIMITED,0.16%,{},
13,tbl_0,,Axis Max Life Insurance Fund,GUARANTEED FUND-INCOME,MAHINDRA & MAHINDRA LIMITED,0.14%,{},
13,tbl_0,,Axis Max Life Insurance Fund,GUARANTEED FUND-INCOME,TOP 10 GOVERNMENT SECURITIES IN THE FUND,,{},
13,tbl_0,,Axis Max Life Insurance Fund,GUARANTEED FUND-INCOME,Security Name,% of AUM,{},
13,tbl_0,,Axis Max Life Insurance Fund,GUARANTEED FUND-INCOME,6.01 GOI 21 JULY 2030,41.14%,{},
13,tbl_0,,Axis Max Life Insurance Fund,GUARANTEED FUND-INCOME,7.43 GOI 19 JAN 2076,20.75%,{},
13,tbl_0,,Axis Max Life Insurance Fund,GUARANTEED FUND-INCOME,6.8 GOI 15 DEC 2060,7.60%,{},
13,tbl_0,,Axis Max Life Insurance Fund,GUARANTEED FUND-INCOME,7.29 SGB 27 JANUARY 2033,6.51%,{},
13,tbl_0,,Axis Max Life Insurance Fund,GUARANTEED FUND-INCOME,7.43 ANDHRA PRADESH SDL 05 JUNE 2042,5.71%,{},
13,tbl_0,,Axis Max Life Insurance Fund,GUARANTEED FUND-INCOME,8.17 GOI 01 DEC 2044,4.36%,{},
13,tbl_0,,Axis Max Life Insurance Fund,GUARANTEED FUND-INCOME,7.88 GOI 19 MAR 2030,4.14%,{},
13,tbl_0,,Axis Max Life Insurance Fund,GUARANTEED FUND-INCOME,7.25 GOI 12 JUNE 2063,0.77%,{},
13,tbl_0,,Axis Max Life Insurance Fund,GUARANTEED FUND-INCOME,8.30 GOI 02 JUL 2040,0.33%,{},
13,tbl_0,,Axis Max Life Insurance Fund,GUARANTEED FUND-INCOME,8.24 GOI 15 FEB 2027,0.28%,{},
13,tbl_0,,Axis Max Life Insurance Fund,GUARANTEED FUND-INCOME,TOP 10 BONDS IN THE FUND,,{},
13,tbl_0,,Axis Max Life Insurance Fund,GUARANTEED FUND-INCOME,Security Name,% of AUM,{},
13,tbl_0,,Axis Max Life Insurance Fund,GUARANTEED FUND-INCOME,NIL,NA,{},
,,,,,,,,
,,,,,,,,
14,tbl_0,,Axis Max Life Insurance Fund,UL LIFE DIVERSIFIED EQUITY FUND,Security Name,% of AUM,"3,327.76",
14,tbl_0,,Axis Max Life Insurance Fund,UL LIFE DIVERSIFIED EQUITY FUND,ICICI BANK LIMITED,5.74%,"3,327.76",
14,tbl_0,,Axis Max Life Insurance Fund,UL LIFE DIVERSIFIED EQUITY FUND,HOUSING DEVELOPMENT FINANCE CORP BANK,5.03%,"3,327.76",
14,tbl_0,,Axis Max Life Insurance Fund,UL LIFE DIVERSIFIED EQUITY FUND,RELIANCE INDUSTRIES LIMITED,4.72%,"3,327.76",
14,tbl_0,,Axis Max Life Insurance Fund,UL LIFE DIVERSIFIED EQUITY FUND,LARSEN & TOUBRO LIMITED,3.71%,"3,327.76",
14,tbl_0,,Axis Max Life Insurance Fund,UL LIFE DIVERSIFIED EQUITY FUND,INFOSYS LIMITED,3.46%,"3,327.76",
14,tbl_0,,Axis Max Life Insurance Fund,UL LIFE DIVERSIFIED EQUITY FUND,MAHINDRA & MAHINDRA LIMITED,2.66%,"3,327.76",
14,tbl_0,,Axis Max Life Insurance Fund,UL LIFE DIVERSIFIED EQUITY FUND,STATE BANK OF INDIA,2.61%,"3,327.76",
14,tbl_0,,Axis Max Life Insurance Fund,UL LIFE DIVERSIFIED EQUITY FUND,ETERNAL LIMITED,2.44%,"3,327.76",
14,tbl_0,,Axis Max Life Insurance Fund,UL LIFE DIVERSIFIED EQUITY FUND,BHARAT ELECTRONICS LIMITED,2.21%,"3,327.76",
14,tbl_0,,Axis Max Life Insurance Fund,UL LIFE DIVERSIFIED EQUITY FUND,KOTAK MAHINDRA BANK LIMITED,2.19%,"3,327.76",
14,tbl_0,,Axis Max Life Insurance Fund,UL LIFE DIVERSIFIED EQUITY FUND,TOP 10 GOVERNMENT SECURITIES IN THE FUND,,"3,327.76",
14,tbl_0,,Axis Max Life Insurance Fund,UL LIFE DIVERSIFIED EQUITY FUND,Security Name,% of AUM,"3,327.76",
14,tbl_0,,Axis Max Life Insurance Fund,UL LIFE DIVERSIFIED EQUITY FUND,NIL,NA,"3,327.76",
14,tbl_0,,Axis Max Life Insurance Fund,UL LIFE DIVERSIFIED EQUITY FUND,TOP 10 BONDS IN THE FUND,,"3,327.76",
14,tbl_0,,Axis Max Life Insurance Fund,UL LIFE DIVERSIFIED EQUITY FUND,Security Name,% of AUM,"3,327.76",
14,tbl_0,,Axis Max Life Insurance Fund,UL LIFE DIVERSIFIED EQUITY FUND,NIL,NA,"3,327.76",
14,tbl_0,,Axis Max Life Insurance Fund,UL LIFE DIVERSIFIED EQUITY FUND,FUND PROFILE,,"3,327.76",
14,tbl_0,,Axis Max Life Insurance Fund,UL LIFE DIVERSIFIED EQUITY FUND,Modified Duration (Debt & Money Market Instruments),0.01,"3,327.76",
14,tbl_0,,Axis Max Life Insurance Fund,UL LIFE DIVERSIFIED EQUITY FUND,Average Maturity (In Years),0.01,"3,327.76",
14,tbl_0,,Axis Max Life Insurance Fund,UL LIFE DIVERSIFIED EQUITY FUND,Yield to Maturity,5.09%,"3,327.76",
14,tbl_0,,Axis Max Life Insurance Fund,UL LIFE DIVERSIFIED EQUITY FUND,Beta,0.92,"3,327.76",
,,,,,,,,
,,,,,,,,
15,tbl_0,,Axis Max Life Insurance Fund,UL MONEY MARKET II FUND,Security NIL Name,% of AUM NA,108.55,
15,tbl_0,,Axis Max Life Insurance Fund,UL MONEY MARKET II FUND,TOP 10 GOVERNMENT SECURITIES IN THE FUND,,108.55,
15,tbl_0,,Axis Max Life Insurance Fund,UL MONEY MARKET II FUND,Security NIL Name,% of AUM NA,108.55,
15,tbl_0,,Axis Max Life Insurance Fund,UL MONEY MARKET II FUND,TOP 10 BONDS IN THE FUND,,108.55,
15,tbl_0,,Axis Max Life Insurance Fund,UL MONEY MARKET II FUND,Security NIL Name,% of AUM NA,108.55,
15,tbl_0,,Axis Max Life Insurance Fund,UL MONEY MARKET II FUND,FUND PROFILE,,108.55,
15,tbl_0,,Axis Max Life Insurance Fund,UL MONEY MARKET II FUND,Modified Duration (Debt & Money Market Instruments),0.36,108.55,
15,tbl_0,,Axis Max Life Insurance Fund,UL MONEY MARKET II FUND,Average Maturity (In Years),0.36,108.55,
15,tbl_0,,Axis Max Life Insurance Fund,UL MONEY MARKET II FUND,Yield to Maturity,6.06%,108.55,
,,,,,,,,
,,,,,,,,
16,tbl_0,,Axis Max Life Insurance Fund,UL SUSTAINABLE EQUITY FUND,Security Name,% of AUM,600.81,
16,tbl_0,,Axis Max Life Insurance Fund,UL SUSTAINABLE EQUITY FUND,ICICI BANK LIMITED,7.27%,600.81,
16,tbl_0,,Axis Max Life Insurance Fund,UL SUSTAINABLE EQUITY FUND,HOUSING DEVELOPMENT FINANCE CORP BANK,5.82%,600.81,
16,tbl_0,,Axis Max Life Insurance Fund,UL SUSTAINABLE EQUITY FUND,BHARTI AIRTEL LIMITED,5.19%,600.81,
16,tbl_0,,Axis Max Life Insurance Fund,UL SUSTAINABLE EQUITY FUND,STATE BANK OF INDIA,5.03%,600.81,
16,tbl_0,,Axis Max Life Insurance Fund,UL SUSTAINABLE EQUITY FUND,ETERNAL LIMITED,4.23%,600.81,
16,tbl_0,,Axis Max Life Insurance Fund,UL SUSTAINABLE EQUITY FUND,MAHINDRA & MAHINDRA LIMITED,4.09%,600.81,
16,tbl_0,,Axis Max Life Insurance Fund,UL SUSTAINABLE EQUITY FUND,TITAN COMPANY LIMITED,3.21%,600.81,
16,tbl_0,,Axis Max Life Insurance Fund,UL SUSTAINABLE EQUITY FUND,ICICI PRUDENTIAL BANKING ETF,3.06%,600.81,
16,tbl_0,,Axis Max Life Insurance Fund,UL SUSTAINABLE EQUITY FUND,ULTRATECH CEMENT LIMITED,2.60%,600.81,
16,tbl_0,,Axis Max Life Insurance Fund,UL SUSTAINABLE EQUITY FUND,INFOSYS LIMITED,2.52%,600.81,
16,tbl_0,,Axis Max Life Insurance Fund,UL SUSTAINABLE EQUITY FUND,TOP 10 GOVERNMENT SECURITIES IN THE FUND,,600.81,
16,tbl_0,,Axis Max Life Insurance Fund,UL SUSTAINABLE EQUITY FUND,Security Name,% of AUM,600.81,
16,tbl_0,,Axis Max Life Insurance Fund,UL SUSTAINABLE EQUITY FUND,NIL,NA,600.81,
16,tbl_0,,Axis Max Life Insurance Fund,UL SUSTAINABLE EQUITY FUND,TOP 10 BONDS IN THE FUND,,600.81,
16,tbl_0,,Axis Max Life Insurance Fund,UL SUSTAINABLE EQUITY FUND,Security Name,% of AUM,600.81,
16,tbl_0,,Axis Max Life Insurance Fund,UL SUSTAINABLE EQUITY FUND,NIL,NA,600.81,
16,tbl_0,,Axis Max Life Insurance Fund,UL SUSTAINABLE EQUITY FUND,FUND PROFILE,,600.81,
16,tbl_0,,Axis Max Life Insurance Fund,UL SUSTAINABLE EQUITY FUND,Modified Duration (Debt & Money Market Instruments),0.01,600.81,
16,tbl_0,,Axis Max Life Insurance Fund,UL SUSTAINABLE EQUITY FUND,Average Maturity (In Years),0.01,600.81,
16,tbl_0,,Axis Max Life Insurance Fund,UL SUSTAINABLE EQUITY FUND,Yield to Maturity,5.08%,600.81,
16,tbl_0,,Axis Max Life Insurance Fund,UL SUSTAINABLE EQUITY FUND,Beta,0.95,600.81,
,,,,,,,,
,,,,,,,,
17,tbl_0,,Axis Max Life Insurance Fund,UL PURE GROWTH FUND,Security Name,% of AUM,469.73,
17,tbl_0,,Axis Max Life Insurance Fund,UL PURE GROWTH FUND,JINDAL STEEL & POWER LIMITED,4.70%,469.73,
17,tbl_0,,Axis Max Life Insurance Fund,UL PURE GROWTH FUND,FORTIS HEALTHCARE LIMITED,4.62%,469.73,
17,tbl_0,,Axis Max Life Insurance Fund,UL PURE GROWTH FUND,ULTRATECH CEMENT LIMITED,4.59%,469.73,
17,tbl_0,,Axis Max Life Insurance Fund,UL PURE GROWTH FUND,INFOSYS LIMITED,4.16%,469.73,
17,tbl_0,,Axis Max Life Insurance Fund,UL PURE GROWTH FUND,BHARAT ELECTRONICS LIMITED,3.80%,469.73,
17,tbl_0,,Axis Max Life Insurance Fund,UL PURE GROWTH FUND,LUPIN LIMITED,3.19%,469.73,
17,tbl_0,,Axis Max Life Insurance Fund,UL PURE GROWTH FUND,ASTRAL LIMITED,2.82%,469.73,
17,tbl_0,,Axis Max Life Insurance Fund,UL PURE GROWTH FUND,MEDPLUS HEALTH SERVICES LTD,2.59%,469.73,
17,tbl_0,,Axis Max Life Insurance Fund,UL PURE GROWTH FUND,ETERNAL LIMITED,2.52%,469.73,
17,tbl_0,,Axis Max Life Insurance Fund,UL PURE GROWTH FUND,BRITANNIA INDUSTRIES LIMITED,2.37%,469.73,
17,tbl_0,,Axis Max Life Insurance Fund,UL PURE GROWTH FUND,TOP 10 GOVERNMENT SECURITIES IN THE FUND,,469.73,
17,tbl_0,,Axis Max Life Insurance Fund,UL PURE GROWTH FUND,Security Name,% of AUM,469.73,
17,tbl_0,,Axis Max Life Insurance Fund,UL PURE GROWTH FUND,NIL,NA,469.73,
17,tbl_0,,Axis Max Life Insurance Fund,UL PURE GROWTH FUND,TOP 10 BONDS IN THE FUND,,469.73,
17,tbl_0,,Axis Max Life Insurance Fund,UL PURE GROWTH FUND,Security Name,% of AUM,469.73,
17,tbl_0,,Axis Max Life Insurance Fund,UL PURE GROWTH FUND,NIL,NA,469.73,
17,tbl_0,,Axis Max Life Insurance Fund,UL PURE GROWTH FUND,FUND PROFILE,,469.73,
17,tbl_0,,Axis Max Life Insurance Fund,UL PURE GROWTH FUND,Modified Duration (Debt & Money Market Instruments),0,469.73,
17,tbl_0,,Axis Max Life Insurance Fund,UL PURE GROWTH FUND,Average Maturity (In Years),0,469.73,
17,tbl_0,,Axis Max Life Insurance Fund,UL PURE GROWTH FUND,Yield to Maturity,0.00%,469.73,
17,tbl_0,,Axis Max Life Insurance Fund,UL PURE GROWTH FUND,Beta,0.94,469.73,
,,,,,,,,
,,,,,,,,
18,tbl_0,,Axis Max Life Insurance Fund,UL LIFE DYNAMIC BOND FUND,Security Name,% of AUM,36.25,
18,tbl_0,,Axis Max Life Insurance Fund,UL LIFE DYNAMIC BOND FUND,NIL,NA,36.25,
18,tbl_0,,Axis Max Life Insurance Fund,UL LIFE DYNAMIC BOND FUND,TOP 10 GOVERNMENT SECURITIES IN THE FUND,,36.25,
18,tbl_0,,Axis Max Life Insurance Fund,UL LIFE DYNAMIC BOND FUND,Security Name,% of AUM,36.25,
18,tbl_0,,Axis Max Life Insurance Fund,UL LIFE DYNAMIC BOND FUND,6.48 GOI 06 OCT 35,24.80%,36.25,
18,tbl_0,,Axis Max Life Insurance Fund,UL LIFE DYNAMIC BOND FUND,6.90 GOI 15 APRIL 2065,23.93%,36.25,
18,tbl_0,,Axis Max Life Insurance Fund,UL LIFE DYNAMIC BOND FUND,7.83 GUJARAT SDL 13 JUL 2026,2.78%,36.25,
18,tbl_0,,Axis Max Life Insurance Fund,UL LIFE DYNAMIC BOND FUND,6.01 GOI 21 JULY 2030,2.05%,36.25,
18,tbl_0,,Axis Max Life Insurance Fund,UL LIFE DYNAMIC BOND FUND,7.80 GUJARAT SDL 27 DEC 2027,1.42%,36.25,
18,tbl_0,,Axis Max Life Insurance Fund,UL LIFE DYNAMIC BOND FUND,7.73 HARYANA SDL 18 FEB 2045,0.97%,36.25,
18,tbl_0,,Axis Max Life Insurance Fund,UL LIFE DYNAMIC BOND FUND,7.29 SGB 27 JANUARY 2033,0.87%,36.25,
18,tbl_0,,Axis Max Life Insurance Fund,UL LIFE DYNAMIC BOND FUND,7.25 MAHARASHTRA SDL 28 DEC 2026,0.70%,36.25,
18,tbl_0,,Axis Max Life Insurance Fund,UL LIFE DYNAMIC BOND FUND,7.38 GOI 20 JUNE 2027,0.19%,36.25,
18,tbl_0,,Axis Max Life Insurance Fund,UL LIFE DYNAMIC BOND FUND,7.54 GOI 23 MAY 2036,0.15%,36.25,
18,tbl_0,,Axis Max Life Insurance Fund,UL LIFE DYNAMIC BOND FUND,TOP 10 BONDS IN THE FUND,,36.25,
18,tbl_0,,Axis Max Life Insurance Fund,UL LIFE DYNAMIC BOND FUND,Security Name,% of AUM,36.25,
18,tbl_0,,Axis Max Life Insurance Fund,UL LIFE DYNAMIC BOND FUND,7.12 POWER GRID CORPORATION 24 DECEMBER 2034,7.03%,36.25,
18,tbl_0,,Axis Max Life Insurance Fund,UL LIFE DYNAMIC BOND FUND,7.65 INDIAN RAILWAY FINANCE CORP LTD 30 DECEMBER 2032,5.59%,36.25,
18,tbl_0,,Axis Max Life Insurance Fund,UL LIFE DYNAMIC BOND FUND,7.80 YES BANK 29 SEP 2027,4.68%,36.25,
18,tbl_0,,Axis Max Life Insurance Fund,UL LIFE DYNAMIC BOND FUND,6.85 NABARD 19 JAN 2029,4.11%,36.25,
18,tbl_0,,Axis Max Life Insurance Fund,UL LIFE DYNAMIC BOND FUND,7.37 NABARD 28 MAY 2035,2.75%,36.25,
18,tbl_0,,Axis Max Life Insurance Fund,UL LIFE DYNAMIC BOND FUND,6.65 FOOD CORPORATION OF INDIA GOVT GUARANTEED 23 OCT 2030,1.89%,36.25,
18,tbl_0,,Axis Max Life Insurance Fund,UL LIFE DYNAMIC BOND FUND,7.66 POWER FINANCE CORP 15 APRIL 2033 (PUT OPTION 15.04.26),1.40%,36.25,
18,tbl_0,,Axis Max Life Insurance Fund,UL LIFE DYNAMIC BOND FUND,7.45 ALTIUS TELE INFRA 20 APR 2035 (Step up & Step down),1.40%,36.25,
18,tbl_0,,Axis Max Life Insurance Fund,UL LIFE DYNAMIC BOND FUND,7.43 NABFID 04 JULY 2034 (Put option),1.38%,36.25,
18,tbl_0,,Axis Max Life Insurance Fund,UL LIFE DYNAMIC BOND FUND,7.23 SBI BANK INFRA 19 NOV 2039,1.36%,36.25,
18,tbl_0,,Axis Max Life Insurance Fund,UL LIFE DYNAMIC BOND FUND,FUND PROFILE,,36.25,
18,tbl_0,,Axis Max Life Insurance Fund,UL LIFE DYNAMIC BOND FUND,Modified Duration (Debt & Money Market Instruments),6.92,36.25,
18,tbl_0,,Axis Max Life Insurance Fund,UL LIFE DYNAMIC BOND FUND,Average Maturity (In Years),15,36.25,
18,tbl_0,,Axis Max Life Insurance Fund,UL LIFE DYNAMIC BOND FUND,Yield to Maturity,7.03%,36.25,
18,tbl_0,,Axis Max Life Insurance Fund,UL LIFE DYNAMIC BOND FUND,Beta,0.9,36.25,
,,,,,,,,
,,,,,,,,
19,tbl_0,,Axis Max Life Insurance Fund,NIFTY SMALLCAP QUALITY INDEX FUND,Security Name,% of AUM,"1,191.53",
19,tbl_0,,Axis Max Life Insurance Fund,NIFTY SMALLCAP QUALITY INDEX FUND,COMPUTER AGE MANAGEMENT SERVICES LIMITED,4.77%,"1,191.53",
19,tbl_0,,Axis Max Life Insurance Fund,NIFTY SMALLCAP QUALITY INDEX FUND,CENTRAL DEPOSITORY SERVICES (INDIA) LIMITED,4.27%,"1,191.53",
19,tbl_0,,Axis Max Life Insurance Fund,NIFTY SMALLCAP QUALITY INDEX FUND,INDIAN ENERGY EXCHANGE LIMITED,3.78%,"1,191.53",
19,tbl_0,,Axis Max Life Insurance Fund,NIFTY SMALLCAP QUALITY INDEX FUND,KARUR VYSYA BANK LIMITED,3.77%,"1,191.53",
19,tbl_0,,Axis Max Life Insurance Fund,NIFTY SMALLCAP QUALITY INDEX FUND,CASTROL INDIA LIMITED,3.39%,"1,191.53",
19,tbl_0,,Axis Max Life Insurance Fund,NIFTY SMALLCAP QUALITY INDEX FUND,J B CHEMICALS & PHARMACEUTICALS LTD,3.28%,"1,191.53",
19,tbl_0,,Axis Max Life Insurance Fund,NIFTY SMALLCAP QUALITY INDEX FUND,MOTHERSON SUMI WIRING INDIA LIMITED,3.21%,"1,191.53",
19,tbl_0,,Axis Max Life Insurance Fund,NIFTY SMALLCAP QUALITY INDEX FUND,ANGEL ONE LIMITED,3.20%,"1,191.53",
19,tbl_0,,Axis Max Life Insurance Fund,NIFTY SMALLCAP QUALITY INDEX FUND,Gillette India Ltd,2.94%,"1,191.53",
19,tbl_0,,Axis Max Life Insurance Fund,NIFTY SMALLCAP QUALITY INDEX FUND,EMAMI LTD,2.75%,"1,191.53",
19,tbl_0,,Axis Max Life Insurance Fund,NIFTY SMALLCAP QUALITY INDEX FUND,TOP 10 GOVERNMENT SECURITIES IN THE FUND,,"1,191.53",
19,tbl_0,,Axis Max Life Insurance Fund,NIFTY SMALLCAP QUALITY INDEX FUND,Security Name,% of AUM,"1,191.53",
19,tbl_0,,Axis Max Life Insurance Fund,NIFTY SMALLCAP QUALITY INDEX FUND,NIL,NA,"1,191.53",
19,tbl_0,,Axis Max Life Insurance Fund,NIFTY SMALLCAP QUALITY INDEX FUND,TOP 10 BONDS IN THE FUND,,"1,191.53",
19,tbl_0,,Axis Max Life Insurance Fund,NIFTY SMALLCAP QUALITY INDEX FUND,Security Name,% of AUM,"1,191.53",
19,tbl_0,,Axis Max Life Insurance Fund,NIFTY SMALLCAP QUALITY INDEX FUND,NIL,NA,"1,191.53",
19,tbl_0,,Axis Max Life Insurance Fund,NIFTY SMALLCAP QUALITY INDEX FUND,FUND PROFILE,,"1,191.53",
19,tbl_0,,Axis Max Life Insurance Fund,NIFTY SMALLCAP QUALITY INDEX FUND,Modified Duration (Debt & Money Market Instruments),0.01,"1,191.53",
19,tbl_0,,Axis Max Life Insurance Fund,NIFTY SMALLCAP QUALITY INDEX FUND,Average Maturity (In Years),0.01,"1,191.53",
19,tbl_0,,Axis Max Life Insurance Fund,NIFTY SMALLCAP QUALITY INDEX FUND,Yield to Maturity,5.08%,"1,191.53",
19,tbl_0,,Axis Max Life Insurance Fund,NIFTY SMALLCAP QUALITY INDEX FUND,Beta,0.98,"1,191.53",
,,,,,,,,
,,,,,,,,
20,tbl_0,,Axis Max Life Insurance Fund,MIDCAP MOMENTUM INDEX FUND,Security Name,% of AUM,"1,167.32",
20,tbl_0,,Axis Max Life Insurance Fund,MIDCAP MOMENTUM INDEX FUND,HERO MOTOCORP LIMITED,5.98%,"1,167.32",
20,tbl_0,,Axis Max Life Insurance Fund,MIDCAP MOMENTUM INDEX FUND,CUMMINS INDIA LIMITED,5.26%,"1,167.32",
20,tbl_0,,Axis Max Life Insurance Fund,MIDCAP MOMENTUM INDEX FUND,ASHOK LEYLAND LIMITED,4.71%,"1,167.32",
20,tbl_0,,Axis Max Life Insurance Fund,MIDCAP MOMENTUM INDEX FUND,BSE LIMITED,3.90%,"1,167.32",
20,tbl_0,,Axis Max Life Insurance Fund,MIDCAP MOMENTUM INDEX FUND,FORTIS HEALTHCARE LIMITED,3.68%,"1,167.32",
20,tbl_0,,Axis Max Life Insurance Fund,MIDCAP MOMENTUM INDEX FUND,One 97 Communications Limited,3.60%,"1,167.32",
20,tbl_0,,Axis Max Life Insurance Fund,MIDCAP MOMENTUM INDEX FUND,THE FEDERAL BANK LIMITED,3.60%,"1,167.32",
20,tbl_0,,Axis Max Life Insurance Fund,MIDCAP MOMENTUM INDEX FUND,GE VERNOVA T&D INDIA LTD,3.48%,"1,167.32",
20,tbl_0,,Axis Max Life Insurance Fund,MIDCAP MOMENTUM INDEX FUND,AU SMALL FINANCE BANK LIMITED,3.37%,"1,167.32",
20,tbl_0,,Axis Max Life Insurance Fund,MIDCAP MOMENTUM INDEX FUND,FSN E-COMMERCE VENTURE LTD,3.33%,"1,167.32",
20,tbl_0,,Axis Max Life Insurance Fund,MIDCAP MOMENTUM INDEX FUND,TOP 10 GOVERNMENT SECURITIES IN THE FUND,,"1,167.32",
20,tbl_0,,Axis Max Life Insurance Fund,MIDCAP MOMENTUM INDEX FUND,Security Name,% of AUM,"1,167.32",
20,tbl_0,,Axis Max Life Insurance Fund,MIDCAP MOMENTUM INDEX FUND,NIL,NA,"1,167.32",
20,tbl_0,,Axis Max Life Insurance Fund,MIDCAP MOMENTUM INDEX FUND,TOP 10 BONDS IN THE FUND,,"1,167.32",
20,tbl_0,,Axis Max Life Insurance Fund,MIDCAP MOMENTUM INDEX FUND,Security Name,% of AUM,"1,167.32",
20,tbl_0,,Axis Max Life Insurance Fund,MIDCAP MOMENTUM INDEX FUND,NIL,NA,"1,167.32",
20,tbl_0,,Axis Max Life Insurance Fund,MIDCAP MOMENTUM INDEX FUND,FUND PROFILE,,"1,167.32",
20,tbl_0,,Axis Max Life Insurance Fund,MIDCAP MOMENTUM INDEX FUND,Modified Duration (Debt & Money Market Instruments),0.01,"1,167.32",
20,tbl_0,,Axis Max Life Insurance Fund,MIDCAP MOMENTUM INDEX FUND,Average Maturity (In Years),0.01,"1,167.32",
20,tbl_0,,Axis Max Life Insurance Fund,MIDCAP MOMENTUM INDEX FUND,Yield to Maturity,5.08%,"1,167.32",
20,tbl_0,,Axis Max Life Insurance Fund,MIDCAP MOMENTUM INDEX FUND,Beta,0.99,"1,167.32",
,,,,,,,,
,,,,,,,,
21,tbl_0,,Axis Max Life Insurance Fund,NIFTY ALPHA 50 FUND,Security Name,% of AUM,685.84,
21,tbl_0,,Axis Max Life Insurance Fund,NIFTY ALPHA 50 FUND,HITACHI ENERGY INDIA LTD (Formerly ABB Power Products),7.23%,685.84,
21,tbl_0,,Axis Max Life Insurance Fund,NIFTY ALPHA 50 FUND,GE VERNOVA T&D INDIA LTD,4.99%,685.84,
21,tbl_0,,Axis Max Life Insurance Fund,NIFTY ALPHA 50 FUND,LAURUS LABS LIMITED,4.89%,685.84,
21,tbl_0,,Axis Max Life Insurance Fund,NIFTY ALPHA 50 FUND,NAVIN FLUORINE INTERNATIONAL LIMITED,4.50%,685.84,
21,tbl_0,,Axis Max Life Insurance Fund,NIFTY ALPHA 50 FUND,FSN E-COMMERCE VENTURE LTD,3.65%,685.84,
21,tbl_0,,Axis Max Life Insurance Fund,NIFTY ALPHA 50 FUND,NARAYANA HRUDAYALAYA LIMITED,3.41%,685.84,
21,tbl_0,,Axis Max Life Insurance Fund,NIFTY ALPHA 50 FUND,EICHER MOTORS LIMITED,3.15%,685.84,
21,tbl_0,,Axis Max Life Insurance Fund,NIFTY ALPHA 50 FUND,TVS MOTOR COMPANY LIMITED,2.92%,685.84,
21,tbl_0,,Axis Max Life Insurance Fund,NIFTY ALPHA 50 FUND,REDINGTON INDIA LIMITED,2.70%,685.84,
21,tbl_0,,Axis Max Life Insurance Fund,NIFTY ALPHA 50 FUND,L&T FINANCE LIMITED (Formerly L&T Finance holding),2.63%,685.84,
21,tbl_0,,Axis Max Life Insurance Fund,NIFTY ALPHA 50 FUND,TOP 10 GOVERNMENT SECURITIES IN THE FUND,,685.84,
21,tbl_0,,Axis Max Life Insurance Fund,NIFTY ALPHA 50 FUND,Security Name,% of AUM,685.84,
21,tbl_0,,Axis Max Life Insurance Fund,NIFTY ALPHA 50 FUND,NIL,NA,685.84,
21,tbl_0,,Axis Max Life Insurance Fund,NIFTY ALPHA 50 FUND,TOP 10 BONDS IN THE FUND,,685.84,
21,tbl_0,,Axis Max Life Insurance Fund,NIFTY ALPHA 50 FUND,Security Name,% of AUM,685.84,
21,tbl_0,,Axis Max Life Insurance Fund,NIFTY ALPHA 50 FUND,NIL,NA,685.84,
21,tbl_0,,Axis Max Life Insurance Fund,NIFTY ALPHA 50 FUND,FUND PROFILE,,685.84,
21,tbl_0,,Axis Max Life Insurance Fund,NIFTY ALPHA 50 FUND,Modified Duration (Debt & Money Market Instruments),0.01,685.84,
21,tbl_0,,Axis Max Life Insurance Fund,NIFTY ALPHA 50 FUND,Average Maturity (In Years),0.01,685.84,
21,tbl_0,,Axis Max Life Insurance Fund,NIFTY ALPHA 50 FUND,Yield to Maturity,5.08%,685.84,
21,tbl_0,,Axis Max Life Insurance Fund,NIFTY ALPHA 50 FUND,Beta,0.95,685.84,
,,,,,,,,
,,,,,,,,
22,tbl_0,,Axis Max Life Insurance Fund,NIFTY 500 MOMENTUM 50 FUND,Security Name,% of AUM,244,
22,tbl_0,,Axis Max Life Insurance Fund,NIFTY 500 MOMENTUM 50 FUND,EICHER MOTORS LIMITED,6.29%,244,
22,tbl_0,,Axis Max Life Insurance Fund,NIFTY 500 MOMENTUM 50 FUND,MAHINDRA & MAHINDRA LIMITED,5.57%,244,
22,tbl_0,,Axis Max Life Insurance Fund,NIFTY 500 MOMENTUM 50 FUND,HINDALCO INDUSTRIES LIMITED,5.48%,244,
22,tbl_0,,Axis Max Life Insurance Fund,NIFTY 500 MOMENTUM 50 FUND,MARUTI SUZUKI INDIA LIMITED (SUZUKI CORPORATION LIMITED),5.32%,244,
22,tbl_0,,Axis Max Life Insurance Fund,NIFTY 500 MOMENTUM 50 FUND,BHARTI AIRTEL LIMITED,5.30%,244,
22,tbl_0,,Axis Max Life Insurance Fund,NIFTY 500 MOMENTUM 50 FUND,ASIAN PAINTS (INDIA) LIMITED,4.84%,244,
22,tbl_0,,Axis Max Life Insurance Fund,NIFTY 500 MOMENTUM 50 FUND,TVS MOTOR COMPANY LIMITED,4.40%,244,
22,tbl_0,,Axis Max Life Insurance Fund,NIFTY 500 MOMENTUM 50 FUND,SHRIRAM FINANCE LIMITED,4.02%,244,
22,tbl_0,,Axis Max Life Insurance Fund,NIFTY 500 MOMENTUM 50 FUND,HERO MOTOCORP LIMITED,3.95%,244,
22,tbl_0,,Axis Max Life Insurance Fund,NIFTY 500 MOMENTUM 50 FUND,INTERGLOBE AVIATION LTD,3.88%,244,
22,tbl_0,,Axis Max Life Insurance Fund,NIFTY 500 MOMENTUM 50 FUND,TOP 10 GOVERNMENT SECURITIES IN THE FUND,,244,
22,tbl_0,,Axis Max Life Insurance Fund,NIFTY 500 MOMENTUM 50 FUND,Security Name,% of AUM,244,
22,tbl_0,,Axis Max Life Insurance Fund,NIFTY 500 MOMENTUM 50 FUND,NIL,NA,244,
22,tbl_0,,Axis Max Life Insurance Fund,NIFTY 500 MOMENTUM 50 FUND,TOP 10 BONDS IN THE FUND,,244,
22,tbl_0,,Axis Max Life Insurance Fund,NIFTY 500 MOMENTUM 50 FUND,Security Name,% of AUM,244,
22,tbl_0,,Axis Max Life Insurance Fund,NIFTY 500 MOMENTUM 50 FUND,NIL,NA,244,
22,tbl_0,,Axis Max Life Insurance Fund,NIFTY 500 MOMENTUM 50 FUND,FUND PROFILE,,244,
22,tbl_0,,Axis Max Life Insurance Fund,NIFTY 500 MOMENTUM 50 FUND,Modified Duration (Debt & Money Market Instruments),0.01,244,
22,tbl_0,,Axis Max Life Insurance Fund,NIFTY 500 MOMENTUM 50 FUND,Average Maturity (In Years),0.01,244,
22,tbl_0,,Axis Max Life Insurance Fund,NIFTY 500 MOMENTUM 50 FUND,Yield to Maturity,5.08%,244,
22,tbl_0,,Axis Max Life Insurance Fund,NIFTY 500 MOMENTUM 50 FUND,Beta,0.98,244,
,,,,,,,,
,,,,,,,,
23,tbl_0,,Axis Max Life Insurance Fund,NIFTY MOMENTUM QUALITY 50 FUND,Security Name,% of AUM,131.62,
23,tbl_0,,Axis Max Life Insurance Fund,NIFTY MOMENTUM QUALITY 50 FUND,BHARAT ELECTRONICS LIMITED,5.95%,131.62,
23,tbl_0,,Axis Max Life Insurance Fund,NIFTY MOMENTUM QUALITY 50 FUND,EICHER MOTORS LIMITED,5.83%,131.62,
23,tbl_0,,Axis Max Life Insurance Fund,NIFTY MOMENTUM QUALITY 50 FUND,NESTLE INDIA LIMITED,5.41%,131.62,
23,tbl_0,,Axis Max Life Insurance Fund,NIFTY MOMENTUM QUALITY 50 FUND,HERO MOTOCORP LIMITED,5.40%,131.62,
23,tbl_0,,Axis Max Life Insurance Fund,NIFTY MOMENTUM QUALITY 50 FUND,CUMMINS INDIA LIMITED,4.85%,131.62,
23,tbl_0,,Axis Max Life Insurance Fund,NIFTY MOMENTUM QUALITY 50 FUND,MARUTI SUZUKI INDIA LIMITED (SUZUKI CORPORATION LIMITED),4.77%,131.62,
23,tbl_0,,Axis Max Life Insurance Fund,NIFTY MOMENTUM QUALITY 50 FUND,ASIAN PAINTS (INDIA) LIMITED,4.61%,131.62,
23,tbl_0,,Axis Max Life Insurance Fund,NIFTY MOMENTUM QUALITY 50 FUND,BRITANNIA INDUSTRIES LIMITED,4.57%,131.62,
23,tbl_0,,Axis Max Life Insurance Fund,NIFTY MOMENTUM QUALITY 50 FUND,BSE LIMITED,4.44%,131.62,
23,tbl_0,,Axis Max Life Insurance Fund,NIFTY MOMENTUM QUALITY 50 FUND,MULTI COMMODITY EXCHANGE OF INDIA LIMITED,4.43%,131.62,
23,tbl_0,,Axis Max Life Insurance Fund,NIFTY MOMENTUM QUALITY 50 FUND,TOP 10 GOVERNMENT SECURITIES IN THE FUND,,131.62,
23,tbl_0,,Axis Max Life Insurance Fund,NIFTY MOMENTUM QUALITY 50 FUND,Security Name,% of AUM,131.62,
23,tbl_0,,Axis Max Life Insurance Fund,NIFTY MOMENTUM QUALITY 50 FUND,NIL,NA,131.62,
23,tbl_0,,Axis Max Life Insurance Fund,NIFTY MOMENTUM QUALITY 50 FUND,TOP 10 BONDS IN THE FUND,,131.62,
23,tbl_0,,Axis Max Life Insurance Fund,NIFTY MOMENTUM QUALITY 50 FUND,Security Name,% of AUM,131.62,
23,tbl_0,,Axis Max Life Insurance Fund,NIFTY MOMENTUM QUALITY 50 FUND,NIL,NA,131.62,
23,tbl_0,,Axis Max Life Insurance Fund,NIFTY MOMENTUM QUALITY 50 FUND,FUND PROFILE,,131.62,
23,tbl_0,,Axis Max Life Insurance Fund,NIFTY MOMENTUM QUALITY 50 FUND,Modified Duration (Debt & Money Market Instruments),0.01,131.62,
23,tbl_0,,Axis Max Life Insurance Fund,NIFTY MOMENTUM QUALITY 50 FUND,Average Maturity (In Years),0.01,131.62,
23,tbl_0,,Axis Max Life Insurance Fund,NIFTY MOMENTUM QUALITY 50 FUND,Yield to Maturity,5.08%,131.62,
23,tbl_0,,Axis Max Life Insurance Fund,NIFTY MOMENTUM QUALITY 50 FUND,Beta,0.98,131.62,
,,,,,,,,
,,,,,,,,
24,tbl_0,,Axis Max Life Insurance Fund,SUSTAINABLE WEALTH 50 INDEX FUND,Security Name,% of AUM,126.3,
24,tbl_0,,Axis Max Life Insurance Fund,SUSTAINABLE WEALTH 50 INDEX FUND,BANK OF MAHARASHTRA,2.62%,126.3,
24,tbl_0,,Axis Max Life Insurance Fund,SUSTAINABLE WEALTH 50 INDEX FUND,INDIAN BANK,2.54%,126.3,
24,tbl_0,,Axis Max Life Insurance Fund,SUSTAINABLE WEALTH 50 INDEX FUND,BANK OF INDIA,2.52%,126.3,
24,tbl_0,,Axis Max Life Insurance Fund,SUSTAINABLE WEALTH 50 INDEX FUND,STATE BANK OF INDIA,2.49%,126.3,
24,tbl_0,,Axis Max Life Insurance Fund,SUSTAINABLE WEALTH 50 INDEX FUND,ABB INDIA LIMITED,2.34%,126.3,
24,tbl_0,,Axis Max Life Insurance Fund,SUSTAINABLE WEALTH 50 INDEX FUND,SCHAEFFLER INDIA LIMITED,2.29%,126.3,
24,tbl_0,,Axis Max Life Insurance Fund,SUSTAINABLE WEALTH 50 INDEX FUND,POLYCAB INDIA LIMITED,2.28%,126.3,
24,tbl_0,,Axis Max Life Insurance Fund,SUSTAINABLE WEALTH 50 INDEX FUND,JINDAL SAW LTD,2.23%,126.3,
24,tbl_0,,Axis Max Life Insurance Fund,SUSTAINABLE WEALTH 50 INDEX FUND,SIEMENS LIMITED,2.20%,126.3,
24,tbl_0,,Axis Max Life Insurance Fund,SUSTAINABLE WEALTH 50 INDEX FUND,PUNJAB NATIONAL BANK LIMITED,2.15%,126.3,
24,tbl_0,,Axis Max Life Insurance Fund,SUSTAINABLE WEALTH 50 INDEX FUND,TOP 10 GOVERNMENT SECURITIES IN THE FUND,,126.3,
24,tbl_0,,Axis Max Life Insurance Fund,SUSTAINABLE WEALTH 50 INDEX FUND,Security Name,% of AUM,126.3,
24,tbl_0,,Axis Max Life Insurance Fund,SUSTAINABLE WEALTH 50 INDEX FUND,NIL,NA,126.3,
24,tbl_0,,Axis Max Life Insurance Fund,SUSTAINABLE WEALTH 50 INDEX FUND,TOP 10 BONDS IN THE FUND,,126.3,
24,tbl_0,,Axis Max Life Insurance Fund,SUSTAINABLE WEALTH 50 INDEX FUND,Security Name,% of AUM,126.3,
24,tbl_0,,Axis Max Life Insurance Fund,SUSTAINABLE WEALTH 50 INDEX FUND,NIL,NA,126.3,
24,tbl_0,,Axis Max Life Insurance Fund,SUSTAINABLE WEALTH 50 INDEX FUND,FUND PROFILE,,126.3,
24,tbl_0,,Axis Max Life Insurance Fund,SUSTAINABLE WEALTH 50 INDEX FUND,Modified Duration (Debt & Money Market Instruments),0.01,126.3,
24,tbl_0,,Axis Max Life Insurance Fund,SUSTAINABLE WEALTH 50 INDEX FUND,Average Maturity (In Years),0.01,126.3,
24,tbl_0,,Axis Max Life Insurance Fund,SUSTAINABLE WEALTH 50 INDEX FUND,Yield to Maturity,5.08%,126.3,
24,tbl_0,,Axis Max Life Insurance Fund,SUSTAINABLE WEALTH 50 INDEX FUND,Beta,0.97,126.3,
,,,,,,,,
,,,,,,,,
25,tbl_0,,Axis Max Life Insurance Fund,SMART INNOVATION FUND,Security Name,% of AUM,50.39,
25,tbl_0,,Axis Max Life Insurance Fund,SMART INNOVATION FUND,RELIANCE INDUSTRIES LIMITED,5.29%,50.39,
25,tbl_0,,Axis Max Life Insurance Fund,SMART INNOVATION FUND,TUBE INVESTMENTS OF INDIA LIMITED,5.10%,50.39,
25,tbl_0,,Axis Max Life Insurance Fund,SMART INNOVATION FUND,STATE BANK OF INDIA,3.67%,50.39,
25,tbl_0,,Axis Max Life Insurance Fund,SMART INNOVATION FUND,HOUSING DEVELOPMENT FINANCE CORP BANK,3.20%,50.39,
25,tbl_0,,Axis Max Life Insurance Fund,SMART INNOVATION FUND,MAX HEALTHCARE INSTITUTE LTD,2.83%,50.39,
25,tbl_0,,Axis Max Life Insurance Fund,SMART INNOVATION FUND,AUROBINDO PHARMA LIMITED,2.76%,50.39,
25,tbl_0,,Axis Max Life Insurance Fund,SMART INNOVATION FUND,DIVIS LABORATORIES LIMITED,2.71%,50.39,
25,tbl_0,,Axis Max Life Insurance Fund,SMART INNOVATION FUND,ANTHEM BIOSCIENCES LTD,2.69%,50.39,
25,tbl_0,,Axis Max Life Insurance Fund,SMART INNOVATION FUND,INFOSYS LIMITED,2.63%,50.39,
25,tbl_0,,Axis Max Life Insurance Fund,SMART INNOVATION FUND,VOLTAMP TRANSFORMERS LTD,2.52%,50.39,
25,tbl_0,,Axis Max Life Insurance Fund,SMART INNOVATION FUND,TOP 10 GOVERNMENT SECURITIES IN THE FUND,,50.39,
25,tbl_0,,Axis Max Life Insurance Fund,SMART INNOVATION FUND,Security Name,% of AUM,50.39,
25,tbl_0,,Axis Max Life Insurance Fund,SMART INNOVATION FUND,NIL,NA,50.39,
25,tbl_0,,Axis Max Life Insurance Fund,SMART INNOVATION FUND,TOP 10 BONDS IN THE FUND,,50.39,
25,tbl_0,,Axis Max Life Insurance Fund,SMART INNOVATION FUND,Security Name,% of AUM,50.39,
25,tbl_0,,Axis Max Life Insurance Fund,SMART INNOVATION FUND,NIL,NA,50.39,
25,tbl_0,,Axis Max Life Insurance Fund,SMART INNOVATION FUND,FUND PROFILE,,50.39,
25,tbl_0,,Axis Max Life Insurance Fund,SMART INNOVATION FUND,Modified Duration (Debt & Money Market Instruments),0.01,50.39,
25,tbl_0,,Axis Max Life Insurance Fund,SMART INNOVATION FUND,Average Maturity (In Years),0.01,50.39,
25,tbl_0,,Axis Max Life Insurance Fund,SMART INNOVATION FUND,Yield to Maturity,5.09%,50.39,
25,tbl_0,,Axis Max Life Insurance Fund,SMART INNOVATION FUND,Beta,1.01,50.39,
,,,,,,,,
,,,,,,,,
26,tbl_0,,Axis Max Life Insurance Fund,NIFTY 500 MULTIFACTOR 50 INDEX FUND,Security Name,% of AUM,64.5,
26,tbl_0,,Axis Max Life Insurance Fund,NIFTY 500 MULTIFACTOR 50 INDEX FUND,INDIAN BANK,3.09%,64.5,
26,tbl_0,,Axis Max Life Insurance Fund,NIFTY 500 MULTIFACTOR 50 INDEX FUND,COAL INDIA LIMITED,2.81%,64.5,
26,tbl_0,,Axis Max Life Insurance Fund,NIFTY 500 MULTIFACTOR 50 INDEX FUND,OIL & NATURAL GAS CORP LIMITED,2.79%,64.5,
26,tbl_0,,Axis Max Life Insurance Fund,NIFTY 500 MULTIFACTOR 50 INDEX FUND,INDIAN OIL CORPORATION LIMITED,2.77%,64.5,
26,tbl_0,,Axis Max Life Insurance Fund,NIFTY 500 MULTIFACTOR 50 INDEX FUND,THE FEDERAL BANK LIMITED,2.68%,64.5,
26,tbl_0,,Axis Max Life Insurance Fund,NIFTY 500 MULTIFACTOR 50 INDEX FUND,UNION BANK OF INDIA,2.64%,64.5,
26,tbl_0,,Axis Max Life Insurance Fund,NIFTY 500 MULTIFACTOR 50 INDEX FUND,CANARA BANK LIMITED,2.64%,64.5,
26,tbl_0,,Axis Max Life Insurance Fund,NIFTY 500 MULTIFACTOR 50 INDEX FUND,ASTER DM HEALTHCARE LTD,2.61%,64.5,
26,tbl_0,,Axis Max Life Insurance Fund,NIFTY 500 MULTIFACTOR 50 INDEX FUND,EICHER MOTORS LIMITED,2.56%,64.5,
26,tbl_0,,Axis Max Life Insurance Fund,NIFTY 500 MULTIFACTOR 50 INDEX FUND,BANK OF BARODA (DENA & VIJAYA BANK AMALGAMATED),2.55%,64.5,
26,tbl_0,,Axis Max Life Insurance Fund,NIFTY 500 MULTIFACTOR 50 INDEX FUND,TOP 10 GOVERNMENT SECURITIES IN THE FUND,,64.5,
26,tbl_0,,Axis Max Life Insurance Fund,NIFTY 500 MULTIFACTOR 50 INDEX FUND,Security Name,% of AUM,64.5,
26,tbl_0,,Axis Max Life Insurance Fund,NIFTY 500 MULTIFACTOR 50 INDEX FUND,NIL,NA,64.5,
26,tbl_0,,Axis Max Life Insurance Fund,NIFTY 500 MULTIFACTOR 50 INDEX FUND,TOP 10 BONDS IN THE FUND,,64.5,
26,tbl_0,,Axis Max Life Insurance Fund,NIFTY 500 MULTIFACTOR 50 INDEX FUND,Security Name,% of AUM,64.5,
26,tbl_0,,Axis Max Life Insurance Fund,NIFTY 500 MULTIFACTOR 50 INDEX FUND,NIL,NA,64.5,
26,tbl_0,,Axis Max Life Insurance Fund,NIFTY 500 MULTIFACTOR 50 INDEX FUND,FUND PROFILE,,64.5,
26,tbl_0,,Axis Max Life Insurance Fund,NIFTY 500 MULTIFACTOR 50 INDEX FUND,Modified Duration (Debt & Money Market Instruments),0.01,64.5,
26,tbl_0,,Axis Max Life Insurance Fund,NIFTY 500 MULTIFACTOR 50 INDEX FUND,Average Maturity (In Years),0.01,64.5,
26,tbl_0,,Axis Max Life Insurance Fund,NIFTY 500 MULTIFACTOR 50 INDEX FUND,Yield to Maturity,5.08%,64.5,
26,tbl_0,,Axis Max Life Insurance Fund,NIFTY 500 MULTIFACTOR 50 INDEX FUND,Beta,0.98,64.5,
,,,,,,,,
,,,,,,,,
27,tbl_0,,Axis Max Life Insurance Fund,BSE 500 VALUE 50 INDEX FUND,Security Name,% of AUM,117.98,
27,tbl_0,,Axis Max Life Insurance Fund,BSE 500 VALUE 50 INDEX FUND,OIL & NATURAL GAS CORP LIMITED,6.73%,117.98,
27,tbl_0,,Axis Max Life Insurance Fund,BSE 500 VALUE 50 INDEX FUND,STATE BANK OF INDIA,6.64%,117.98,
27,tbl_0,,Axis Max Life Insurance Fund,BSE 500 VALUE 50 INDEX FUND,HINDALCO INDUSTRIES LIMITED,6.47%,117.98,
27,tbl_0,,Axis Max Life Insurance Fund,BSE 500 VALUE 50 INDEX FUND,Tata Motors Passenger Vehicles Limited,6.41%,117.98,
27,tbl_0,,Axis Max Life Insurance Fund,BSE 500 VALUE 50 INDEX FUND,COAL INDIA LIMITED,6.02%,117.98,
27,tbl_0,,Axis Max Life Insurance Fund,BSE 500 VALUE 50 INDEX FUND,INDIAN OIL CORPORATION LIMITED,4.61%,117.98,
27,tbl_0,,Axis Max Life Insurance Fund,BSE 500 VALUE 50 INDEX FUND,BHARAT PETROLEUM CORPORATION LIMITED,4.36%,117.98,
27,tbl_0,,Axis Max Life Insurance Fund,BSE 500 VALUE 50 INDEX FUND,POWER FINANCE CORP LIMITED,3.94%,117.98,
27,tbl_0,,Axis Max Life Insurance Fund,BSE 500 VALUE 50 INDEX FUND,BANK OF BARODA (DENA & VIJAYA BANK AMALGAMATED),3.64%,117.98,
27,tbl_0,,Axis Max Life Insurance Fund,BSE 500 VALUE 50 INDEX FUND,GAIL (INDIA) LIMITED,3.37%,117.98,
27,tbl_0,,Axis Max Life Insurance Fund,BSE 500 VALUE 50 INDEX FUND,TOP 10 GOVERNMENT SECURITIES IN THE FUND,,117.98,
27,tbl_0,,Axis Max Life Insurance Fund,BSE 500 VALUE 50 INDEX FUND,Security NIL Name,% of AUM NA,117.98,
27,tbl_0,,Axis Max Life Insurance Fund,BSE 500 VALUE 50 INDEX FUND,TOP 10 BONDS IN THE FUND,,117.98,
27,tbl_0,,Axis Max Life Insurance Fund,BSE 500 VALUE 50 INDEX FUND,Security NIL Name,% of AUM NA,117.98,
27,tbl_0,,Axis Max Life Insurance Fund,BSE 500 VALUE 50 INDEX FUND,FUND PROFILE,,117.98,
27,tbl_0,,Axis Max Life Insurance Fund,BSE 500 VALUE 50 INDEX FUND,Modified Duration (Debt & Money Market Instruments),0.01,117.98,
27,tbl_0,,Axis Max Life Insurance Fund,BSE 500 VALUE 50 INDEX FUND,Average Maturity (In Years),0.01,117.98,
27,tbl_0,,Axis Max Life Insurance Fund,BSE 500 VALUE 50 INDEX FUND,Yield to Maturity,5.08%,117.98,
27,tbl_0,,Axis Max Life Insurance Fund,BSE 500 VALUE 50 INDEX FUND,Beta,0.98,117.98,
,,,,,,,,
,,,,,,,,
28,tbl_0,,Axis Max Life Insurance Fund,INDIA CONSUMPTION OPPORTUNITIES FUND,Security Name,% of AUM,21.93,
28,tbl_0,,Axis Max Life Insurance Fund,INDIA CONSUMPTION OPPORTUNITIES FUND,BHARTI AIRTEL LIMITED,8.44%,21.93,
28,tbl_0,,Axis Max Life Insurance Fund,INDIA CONSUMPTION OPPORTUNITIES FUND,MAHINDRA & MAHINDRA LIMITED,8.01%,21.93,
28,tbl_0,,Axis Max Life Insurance Fund,INDIA CONSUMPTION OPPORTUNITIES FUND,ETERNAL LIMITED,6.89%,21.93,
28,tbl_0,,Axis Max Life Insurance Fund,INDIA CONSUMPTION OPPORTUNITIES FUND,ITC LIMITED,6.45%,21.93,
28,tbl_0,,Axis Max Life Insurance Fund,INDIA CONSUMPTION OPPORTUNITIES FUND,MARUTI SUZUKI INDIA LIMITED (SUZUKI CORPORATION LIMITED),5.77%,21.93,
28,tbl_0,,Axis Max Life Insurance Fund,INDIA CONSUMPTION OPPORTUNITIES FUND,TITAN COMPANY LIMITED,5.58%,21.93,
28,tbl_0,,Axis Max Life Insurance Fund,INDIA CONSUMPTION OPPORTUNITIES FUND,HINDUSTAN UNILEVER LIMITED,4.04%,21.93,
28,tbl_0,,Axis Max Life Insurance Fund,INDIA CONSUMPTION OPPORTUNITIES FUND,NESTLE INDIA LIMITED,3.76%,21.93,
28,tbl_0,,Axis Max Life Insurance Fund,INDIA CONSUMPTION OPPORTUNITIES FUND,Varun Beverages Limited,3.53%,21.93,
28,tbl_0,,Axis Max Life Insurance Fund,INDIA CONSUMPTION OPPORTUNITIES FUND,MAX HEALTHCARE INSTITUTE LTD,3.31%,21.93,
28,tbl_0,,Axis Max Life Insurance Fund,INDIA CONSUMPTION OPPORTUNITIES FUND,TOP 10 GOVERNMENT SECURITIES IN THE FUND,,21.93,
28,tbl_0,,Axis Max Life Insurance Fund,INDIA CONSUMPTION OPPORTUNITIES FUND,Security Name,% of AUM,21.93,
28,tbl_0,,Axis Max Life Insurance Fund,INDIA CONSUMPTION OPPORTUNITIES FUND,NIL,NA,21.93,
28,tbl_0,,Axis Max Life Insurance Fund,INDIA CONSUMPTION OPPORTUNITIES FUND,TOP 10 BONDS IN THE FUND,,21.93,
28,tbl_0,,Axis Max Life Insurance Fund,INDIA CONSUMPTION OPPORTUNITIES FUND,Security Name,% of AUM,21.93,
28,tbl_0,,Axis Max Life Insurance Fund,INDIA CONSUMPTION OPPORTUNITIES FUND,NIL,NA,21.93,
28,tbl_0,,Axis Max Life Insurance Fund,INDIA CONSUMPTION OPPORTUNITIES FUND,FUND PROFILE,,21.93,
28,tbl_0,,Axis Max Life Insurance Fund,INDIA CONSUMPTION OPPORTUNITIES FUND,Modified Duration (Debt & Money Market Instruments),0.01,21.93,
28,tbl_0,,Axis Max Life Insurance Fund,INDIA CONSUMPTION OPPORTUNITIES FUND,Average Maturity (In Years),0.01,21.93,
28,tbl_0,,Axis Max Life Insurance Fund,INDIA CONSUMPTION OPPORTUNITIES FUND,Yield to Maturity,5.08%,21.93,
28,tbl_0,,Axis Max Life Insurance Fund,INDIA CONSUMPTION OPPORTUNITIES FUND,Beta,0.93,21.93,
,,,,,,,,
,,,,,,,,
29,tbl_0,,Axis Max Life Insurance Fund,BSE 500 DIVIDEND LEADERS 50 INDEX FUND,Security Name,% of AUM,71.56,
29,tbl_0,,Axis Max Life Insurance Fund,BSE 500 DIVIDEND LEADERS 50 INDEX FUND,POWER FINANCE CORP LIMITED,5.56%,71.56,
29,tbl_0,,Axis Max Life Insurance Fund,BSE 500 DIVIDEND LEADERS 50 INDEX FUND,OIL & NATURAL GAS CORP LIMITED,5.41%,71.56,
29,tbl_0,,Axis Max Life Insurance Fund,BSE 500 DIVIDEND LEADERS 50 INDEX FUND,INDIAN OIL CORPORATION LIMITED,5.32%,71.56,
29,tbl_0,,Axis Max Life Insurance Fund,BSE 500 DIVIDEND LEADERS 50 INDEX FUND,COAL INDIA LIMITED,5.21%,71.56,
29,tbl_0,,Axis Max Life Insurance Fund,BSE 500 DIVIDEND LEADERS 50 INDEX FUND,BHARAT PETROLEUM CORPORATION LIMITED,5.01%,71.56,
29,tbl_0,,Axis Max Life Insurance Fund,BSE 500 DIVIDEND LEADERS 50 INDEX FUND,RURAL ELECTRIFICATION CORPORATION LIMITED,4.72%,71.56,
29,tbl_0,,Axis Max Life Insurance Fund,BSE 500 DIVIDEND LEADERS 50 INDEX FUND,VEDANTA LIMITED,4.54%,71.56,
29,tbl_0,,Axis Max Life Insurance Fund,BSE 500 DIVIDEND LEADERS 50 INDEX FUND,HERO MOTOCORP LIMITED,4.44%,71.56,
29,tbl_0,,Axis Max Life Insurance Fund,BSE 500 DIVIDEND LEADERS 50 INDEX FUND,TATA STEEL LIMITED,4.33%,71.56,
29,tbl_0,,Axis Max Life Insurance Fund,BSE 500 DIVIDEND LEADERS 50 INDEX FUND,NTPC LIMITED,3.71%,71.56,
29,tbl_0,,Axis Max Life Insurance Fund,BSE 500 DIVIDEND LEADERS 50 INDEX FUND,TOP 10 GOVERNMENT SECURITIES IN THE FUND,,71.56,
29,tbl_0,,Axis Max Life Insurance Fund,BSE 500 DIVIDEND LEADERS 50 INDEX FUND,Security Name,% of AUM,71.56,
29,tbl_0,,Axis Max Life Insurance Fund,BSE 500 DIVIDEND LEADERS 50 INDEX FUND,NIL,NA,71.56,
29,tbl_0,,Axis Max Life Insurance Fund,BSE 500 DIVIDEND LEADERS 50 INDEX FUND,TOP 10 BONDS IN THE FUND,,71.56,
29,tbl_0,,Axis Max Life Insurance Fund,BSE 500 DIVIDEND LEADERS 50 INDEX FUND,Security Name,% of AUM,71.56,
29,tbl_0,,Axis Max Life Insurance Fund,BSE 500 DIVIDEND LEADERS 50 INDEX FUND,NIL,NA,71.56,
29,tbl_0,,Axis Max Life Insurance Fund,BSE 500 DIVIDEND LEADERS 50 INDEX FUND,FUND PROFILE,,71.56,
29,tbl_0,,Axis Max Life Insurance Fund,BSE 500 DIVIDEND LEADERS 50 INDEX FUND,Modified Duration (Debt & Money Market Instruments),0.01,71.56,
29,tbl_0,,Axis Max Life Insurance Fund,BSE 500 DIVIDEND LEADERS 50 INDEX FUND,Average Maturity (In Years),0.01,71.56,
29,tbl_0,,Axis Max Life Insurance Fund,BSE 500 DIVIDEND LEADERS 50 INDEX FUND,Yield to Maturity,5.08%,71.56,
29,tbl_0,,Axis Max Life Insurance Fund,BSE 500 DIVIDEND LEADERS 50 INDEX FUND,Beta,0.95,71.56,
,,,,,,,,
,,,,,,,,
30,tbl_0,,Axis Max Life Insurance Fund,27-Feb-26 HIGH GROWTH FUND II,Security Name,% of AUM,47.86,
30,tbl_0,,Axis Max Life Insurance Fund,27-Feb-26 HIGH GROWTH FUND II,BSE LIMITED,3.94%,47.86,
30,tbl_0,,Axis Max Life Insurance Fund,27-Feb-26 HIGH GROWTH FUND II,INDUS TOWERS LIMITED,3.55%,47.86,
30,tbl_0,,Axis Max Life Insurance Fund,27-Feb-26 HIGH GROWTH FUND II,AU SMALL FINANCE BANK LIMITED,3.10%,47.86,
30,tbl_0,,Axis Max Life Insurance Fund,27-Feb-26 HIGH GROWTH FUND II,CUMMINS INDIA LIMITED,2.91%,47.86,
30,tbl_0,,Axis Max Life Insurance Fund,27-Feb-26 HIGH GROWTH FUND II,MAX HEALTHCARE INSTITUTE LTD,2.69%,47.86,
30,tbl_0,,Axis Max Life Insurance Fund,27-Feb-26 HIGH GROWTH FUND II,KARUR VYSYA BANK LIMITED,2.61%,47.86,
30,tbl_0,,Axis Max Life Insurance Fund,27-Feb-26 HIGH GROWTH FUND II,THE FEDERAL BANK LIMITED,2.55%,47.86,
30,tbl_0,,Axis Max Life Insurance Fund,27-Feb-26 HIGH GROWTH FUND II,CG POWER & INDUSTRIAL SOLUTIONS LIMITED,2.19%,47.86,
30,tbl_0,,Axis Max Life Insurance Fund,27-Feb-26 HIGH GROWTH FUND II,LUPIN LIMITED,2.18%,47.86,
30,tbl_0,,Axis Max Life Insurance Fund,27-Feb-26 HIGH GROWTH FUND II,DIXON TECHNOLOGIES INDIA LIMITED,2.12%,47.86,
30,tbl_0,,Axis Max Life Insurance Fund,27-Feb-26 HIGH GROWTH FUND II,TOP 10 GOVERNMENT SECURITIES IN THE FUND,,47.86,
30,tbl_0,,Axis Max Life Insurance Fund,27-Feb-26 HIGH GROWTH FUND II,Security Name,% of AUM,47.86,
30,tbl_0,,Axis Max Life Insurance Fund,27-Feb-26 HIGH GROWTH FUND II,NIL,NA,47.86,
30,tbl_0,,Axis Max Life Insurance Fund,27-Feb-26 HIGH GROWTH FUND II,TOP 10 BONDS IN THE FUND,,47.86,
30,tbl_0,,Axis Max Life Insurance Fund,27-Feb-26 HIGH GROWTH FUND II,Security Name,% of AUM,47.86,
30,tbl_0,,Axis Max Life Insurance Fund,27-Feb-26 HIGH GROWTH FUND II,NIL,NA,47.86,
30,tbl_0,,Axis Max Life Insurance Fund,27-Feb-26 HIGH GROWTH FUND II,FUND PROFILE,,47.86,
30,tbl_0,,Axis Max Life Insurance Fund,27-Feb-26 HIGH GROWTH FUND II,Modified Duration (Debt & Money Market Instruments),0.01,47.86,
30,tbl_0,,Axis Max Life Insurance Fund,27-Feb-26 HIGH GROWTH FUND II,Average Maturity (In Years),0.01,47.86,
30,tbl_0,,Axis Max Life Insurance Fund,27-Feb-26 HIGH GROWTH FUND II,Yield to Maturity,5.09%,47.86,
30,tbl_0,,Axis Max Life Insurance Fund,27-Feb-26 HIGH GROWTH FUND II,Beta,0.93,47.86,
,,,,,,,,
,,,,,,,,
31,tbl_0,,Axis Max Life Insurance Fund,27-Feb-26 DIVERSIFIED EQUITY FUND II,Security Name,% of AUM,{},
31,tbl_0,,Axis Max Life Insurance Fund,27-Feb-26 DIVERSIFIED EQUITY FUND II,NIL,NA,{},
31,tbl_0,,Axis Max Life Insurance Fund,27-Feb-26 DIVERSIFIED EQUITY FUND II,TOP 10 GOVERNMENT SECURITIES IN THE FUND,,{},
31,tbl_0,,Axis Max Life Insurance Fund,27-Feb-26 DIVERSIFIED EQUITY FUND II,Security Name,% of AUM,{},
31,tbl_0,,Axis Max Life Insurance Fund,27-Feb-26 DIVERSIFIED EQUITY FUND II,NIL,NA,{},
31,tbl_0,,Axis Max Life Insurance Fund,27-Feb-26 DIVERSIFIED EQUITY FUND II,TOP 10 BONDS IN THE FUND,,{},
31,tbl_0,,Axis Max Life Insurance Fund,27-Feb-26 DIVERSIFIED EQUITY FUND II,Security Name,% of AUM,{},
31,tbl_0,,Axis Max Life Insurance Fund,27-Feb-26 DIVERSIFIED EQUITY FUND II,NIL,NA,{},
31,tbl_0,,Axis Max Life Insurance Fund,27-Feb-26 DIVERSIFIED EQUITY FUND II,FUND PROFILE,,{},
31,tbl_0,,Axis Max Life Insurance Fund,27-Feb-26 DIVERSIFIED EQUITY FUND II,Modified Duration (Debt & Money Market Instruments),NA,{},
31,tbl_0,,Axis Max Life Insurance Fund,27-Feb-26 DIVERSIFIED EQUITY FUND II,Average Maturity (In Years),NA,{},
31,tbl_0,,Axis Max Life Insurance Fund,27-Feb-26 DIVERSIFIED EQUITY FUND II,Yield to Maturity,NA,{},
31,tbl_0,,Axis Max Life Insurance Fund,27-Feb-26 DIVERSIFIED EQUITY FUND II,Beta,0,{},
,,,,,,,,
,,,,,,,,
32,tbl_0,,Axis Max Life Insurance Fund,DISCONTINUANCE FUND INDIVIDUAL,Security Name,% of AUM,"5,366.46",
32,tbl_0,,Axis Max Life Insurance Fund,DISCONTINUANCE FUND INDIVIDUAL,NIL,NA,"5,366.46",
32,tbl_0,,Axis Max Life Insurance Fund,DISCONTINUANCE FUND INDIVIDUAL,TOP 10 GOVERNMENT SECURITIES IN THE FUND,,"5,366.46",
32,tbl_0,,Axis Max Life Insurance Fund,DISCONTINUANCE FUND INDIVIDUAL,Security Name,% of AUM,"5,366.46",
32,tbl_0,,Axis Max Life Insurance Fund,DISCONTINUANCE FUND INDIVIDUAL,364 DAYS TBILL 19 MARCH 2026,10.90%,"5,366.46",
32,tbl_0,,Axis Max Life Insurance Fund,DISCONTINUANCE FUND INDIVIDUAL,364 DAYS TBILL 01 MAY 2026,8.03%,"5,366.46",
32,tbl_0,,Axis Max Life Insurance Fund,DISCONTINUANCE FUND INDIVIDUAL,364 DAYS TBILL 02 APRIL 2026,7.97%,"5,366.46",
32,tbl_0,,Axis Max Life Insurance Fund,DISCONTINUANCE FUND INDIVIDUAL,364 DAYS TBILL 05 MARCH 2026,5.57%,"5,366.46",
32,tbl_0,,Axis Max Life Insurance Fund,DISCONTINUANCE FUND INDIVIDUAL,364 DAYS TBILL 15 JAN 2027,5.33%,"5,366.46",
32,tbl_0,,Axis Max Life Insurance Fund,DISCONTINUANCE FUND INDIVIDUAL,364 DAYS TBILL 16 JULY 2026,4.79%,"5,366.46",
32,tbl_0,,Axis Max Life Insurance Fund,DISCONTINUANCE FUND INDIVIDUAL,364 DAYS TBILL 12 MARCH 2026,4.65%,"5,366.46",
32,tbl_0,,Axis Max Life Insurance Fund,DISCONTINUANCE FUND INDIVIDUAL,364 DAYS TBILL 07 JAN 2027,4.43%,"5,366.46",
32,tbl_0,,Axis Max Life Insurance Fund,DISCONTINUANCE FUND INDIVIDUAL,364 DAYS TBILL 10 APRIL 2026,4.35%,"5,366.46",
32,tbl_0,,Axis Max Life Insurance Fund,DISCONTINUANCE FUND INDIVIDUAL,364 DAYS TBILL 10 DEC 2026,4.29%,"5,366.46",
32,tbl_0,,Axis Max Life Insurance Fund,DISCONTINUANCE FUND INDIVIDUAL,TOP 10 BONDS IN THE FUND,,"5,366.46",
32,tbl_0,,Axis Max Life Insurance Fund,DISCONTINUANCE FUND INDIVIDUAL,Security Name,% of AUM,"5,366.46",
32,tbl_0,,Axis Max Life Insurance Fund,DISCONTINUANCE FUND INDIVIDUAL,NIL,NA,"5,366.46",
32,tbl_0,,Axis Max Life Insurance Fund,DISCONTINUANCE FUND INDIVIDUAL,FUND PROFILE,,"5,366.46",
32,tbl_0,,Axis Max Life Insurance Fund,DISCONTINUANCE FUND INDIVIDUAL,Modified Duration (Debt & Money Market Instruments),0.37,"5,366.46",
32,tbl_0,,Axis Max Life Insurance Fund,DISCONTINUANCE FUND INDIVIDUAL,Average Maturity (In Years),0.37,"5,366.46",
32,tbl_0,,Axis Max Life Insurance Fund,DISCONTINUANCE FUND INDIVIDUAL,Yield to Maturity,5.62%,"5,366.46",
,,,,,,,,
,,,,,,,,
34,tbl_0,,Axis Max Life Insurance Fund,UL PENSION GROWTH SUPER FUND,Security Name,% of AUM,230.99,
34,tbl_0,,Axis Max Life Insurance Fund,UL PENSION GROWTH SUPER FUND,HOUSING DEVELOPMENT FINANCE CORP BANK,8.36%,230.99,
34,tbl_0,,Axis Max Life Insurance Fund,UL PENSION GROWTH SUPER FUND,RELIANCE INDUSTRIES LIMITED,7.01%,230.99,
34,tbl_0,,Axis Max Life Insurance Fund,UL PENSION GROWTH SUPER FUND,ICICI BANK LIMITED,6.03%,230.99,
34,tbl_0,,Axis Max Life Insurance Fund,UL PENSION GROWTH SUPER FUND,MAX HEALTHCARE INSTITUTE LTD,5.98%,230.99,
34,tbl_0,,Axis Max Life Insurance Fund,UL PENSION GROWTH SUPER FUND,LARSEN & TOUBRO LIMITED,4.60%,230.99,
34,tbl_0,,Axis Max Life Insurance Fund,UL PENSION GROWTH SUPER FUND,SBI NIFTY BANK ETF,4.29%,230.99,
34,tbl_0,,Axis Max Life Insurance Fund,UL PENSION GROWTH SUPER FUND,KOTAK MAHINDRA MF - KOTAK BANKING ETF - DIVIDEND PAYOUT OPTI,4.07%,230.99,
34,tbl_0,,Axis Max Life Insurance Fund,UL PENSION GROWTH SUPER FUND,STATE BANK OF INDIA,4.01%,230.99,
34,tbl_0,,Axis Max Life Insurance Fund,UL PENSION GROWTH SUPER FUND,ETERNAL LIMITED,3.89%,230.99,
34,tbl_0,,Axis Max Life Insurance Fund,UL PENSION GROWTH SUPER FUND,ICICI PRUDENTIAL BANKING ETF,3.88%,230.99,
34,tbl_0,,Axis Max Life Insurance Fund,UL PENSION GROWTH SUPER FUND,TOP 10 GOVERNMENT SECURITIES IN THE FUND,,230.99,
34,tbl_0,,Axis Max Life Insurance Fund,UL PENSION GROWTH SUPER FUND,Security Name,% of AUM,230.99,
34,tbl_0,,Axis Max Life Insurance Fund,UL PENSION GROWTH SUPER FUND,NIL,NA,230.99,
34,tbl_0,,Axis Max Life Insurance Fund,UL PENSION GROWTH SUPER FUND,TOP 10 BONDS IN THE FUND,,230.99,
34,tbl_0,,Axis Max Life Insurance Fund,UL PENSION GROWTH SUPER FUND,Security Name,% of AUM,230.99,
34,tbl_0,,Axis Max Life Insurance Fund,UL PENSION GROWTH SUPER FUND,NIL,NA,230.99,
34,tbl_0,,Axis Max Life Insurance Fund,UL PENSION GROWTH SUPER FUND,FUND PROFILE,,230.99,
34,tbl_0,,Axis Max Life Insurance Fund,UL PENSION GROWTH SUPER FUND,Modified Duration (Debt & Money Market Instruments),0.01,230.99,
34,tbl_0,,Axis Max Life Insurance Fund,UL PENSION GROWTH SUPER FUND,Average Maturity (In Years),0.01,230.99,
34,tbl_0,,Axis Max Life Insurance Fund,UL PENSION GROWTH SUPER FUND,Yield to Maturity,5.05%,230.99,
34,tbl_0,,Axis Max Life Insurance Fund,UL PENSION GROWTH SUPER FUND,Beta,0.89,230.99,
,,,,,,,,
,,,,,,,,
35,tbl_0,,Axis Max Life Insurance Fund,PENSION LIFE GROWTH FUND,Security Name,% of AUM,216.71,
35,tbl_0,,Axis Max Life Insurance Fund,PENSION LIFE GROWTH FUND,HOUSING DEVELOPMENT FINANCE CORP BANK,6.30%,216.71,
35,tbl_0,,Axis Max Life Insurance Fund,PENSION LIFE GROWTH FUND,ICICI BANK LIMITED,4.44%,216.71,
35,tbl_0,,Axis Max Life Insurance Fund,PENSION LIFE GROWTH FUND,AXIS BANK LIMITED,3.74%,216.71,
35,tbl_0,,Axis Max Life Insurance Fund,PENSION LIFE GROWTH FUND,RELIANCE INDUSTRIES LIMITED,3.45%,216.71,
35,tbl_0,,Axis Max Life Insurance Fund,PENSION LIFE GROWTH FUND,MAX HEALTHCARE INSTITUTE LTD,3.08%,216.71,
35,tbl_0,,Axis Max Life Insurance Fund,PENSION LIFE GROWTH FUND,STATE BANK OF INDIA,2.67%,216.71,
35,tbl_0,,Axis Max Life Insurance Fund,PENSION LIFE GROWTH FUND,LARSEN & TOUBRO LIMITED,2.29%,216.71,
35,tbl_0,,Axis Max Life Insurance Fund,PENSION LIFE GROWTH FUND,ETERNAL LIMITED,1.94%,216.71,
35,tbl_0,,Axis Max Life Insurance Fund,PENSION LIFE GROWTH FUND,MARUTI SUZUKI INDIA LIMITED (SUZUKI CORPORATION LIMITED),1.64%,216.71,
35,tbl_0,,Axis Max Life Insurance Fund,PENSION LIFE GROWTH FUND,DIVIS LABORATORIES LIMITED,1.57%,216.71,
35,tbl_0,,Axis Max Life Insurance Fund,PENSION LIFE GROWTH FUND,TOP 10 GOVERNMENT SECURITIES IN THE FUND,,216.71,
35,tbl_0,,Axis Max Life Insurance Fund,PENSION LIFE GROWTH FUND,Security Name,% of AUM,216.71,
35,tbl_0,,Axis Max Life Insurance Fund,PENSION LIFE GROWTH FUND,6.01 GOI 21 JULY 2030,6.48%,216.71,
35,tbl_0,,Axis Max Life Insurance Fund,PENSION LIFE GROWTH FUND,6.90 GOI 15 APRIL 2065,6.08%,216.71,
35,tbl_0,,Axis Max Life Insurance Fund,PENSION LIFE GROWTH FUND,7.43 GOI 19 JAN 2076,4.19%,216.71,
35,tbl_0,,Axis Max Life Insurance Fund,PENSION LIFE GROWTH FUND,7.46 GOI 06 NOVEMBER 2073,3.42%,216.71,
35,tbl_0,,Axis Max Life Insurance Fund,PENSION LIFE GROWTH FUND,6.48 GOI 06 OCT 35,2.48%,216.71,
35,tbl_0,,Axis Max Life Insurance Fund,PENSION LIFE GROWTH FUND,6.8 GOI 15 DEC 2060,1.81%,216.71,
35,tbl_0,,Axis Max Life Insurance Fund,PENSION LIFE GROWTH FUND,7.29 SGB 27 JANUARY 2033,1.75%,216.71,
35,tbl_0,,Axis Max Life Insurance Fund,PENSION LIFE GROWTH FUND,8.17 GOI 01 DEC 2044,0.55%,216.71,
35,tbl_0,,Axis Max Life Insurance Fund,PENSION LIFE GROWTH FUND,7.30 GOI 19 JUNE 2053,0.31%,216.71,
35,tbl_0,,Axis Max Life Insurance Fund,PENSION LIFE GROWTH FUND,6.19 GOI 16 SEP 2034,0.22%,216.71,
35,tbl_0,,Axis Max Life Insurance Fund,PENSION LIFE GROWTH FUND,TOP 10 BONDS IN THE FUND,,216.71,
35,tbl_0,,Axis Max Life Insurance Fund,PENSION LIFE GROWTH FUND,Security Name,% of AUM,216.71,
35,tbl_0,,Axis Max Life Insurance Fund,PENSION LIFE GROWTH FUND,6.85 NABARD 19 JAN 2029,4.01%,216.71,
35,tbl_0,,Axis Max Life Insurance Fund,PENSION LIFE GROWTH FUND,7.12 POWER GRID CORPORATION 24 DECEMBER 2034,2.71%,216.71,
35,tbl_0,,Axis Max Life Insurance Fund,PENSION LIFE GROWTH FUND,7.66 POWER FINANCE CORP 15 APRIL 2033 (PUT OPTION 15.04.26),2.34%,216.71,
35,tbl_0,,Axis Max Life Insurance Fund,PENSION LIFE GROWTH FUND,7.8 YES BANK 01 OCT 2027,2.30%,216.71,
35,tbl_0,,Axis Max Life Insurance Fund,PENSION LIFE GROWTH FUND,7.15 INDIAN RAILWAY FINANCE CORP LTD 14 NOVEMBER 2039,2.25%,216.71,
35,tbl_0,,Axis Max Life Insurance Fund,PENSION LIFE GROWTH FUND,8.06 RURAL ELECTRIFICATION CORPORATION LIMITED 27 MAR 2028 -,1.56%,216.71,
35,tbl_0,,Axis Max Life Insurance Fund,PENSION LIFE GROWTH FUND,7.50 POWERGRID CORPORATION 24 AUGUST 2033,1.12%,216.71,
35,tbl_0,,Axis Max Life Insurance Fund,PENSION LIFE GROWTH FUND,7.45 ALTIUS TELE INFRA 20 APR 2035 (Step up & Step down),0.94%,216.71,
35,tbl_0,,Axis Max Life Insurance Fund,PENSION LIFE GROWTH FUND,6.85 INDIAN RAILWAY FINANCE CORP LTD 29 OCT 2040,0.66%,216.71,
35,tbl_0,,Axis Max Life Insurance Fund,PENSION LIFE GROWTH FUND,7.65 POWER FINANCE CORPORATION 13 NOVEMBER 2037,0.52%,216.71,
,,,,,,,,
,,,,,,,,
36,tbl_0,,Axis Max Life Insurance Fund,LIFEMAKER PENSION MAXIMISER FUND,Security Name,% of AUM,453.46,
36,tbl_0,,Axis Max Life Insurance Fund,LIFEMAKER PENSION MAXIMISER FUND,ICICI BANK LIMITED,4.38%,453.46,
36,tbl_0,,Axis Max Life Insurance Fund,LIFEMAKER PENSION MAXIMISER FUND,HOUSING DEVELOPMENT FINANCE CORP BANK,4.24%,453.46,
36,tbl_0,,Axis Max Life Insurance Fund,LIFEMAKER PENSION MAXIMISER FUND,AXIS BANK LIMITED,4.15%,453.46,
36,tbl_0,,Axis Max Life Insurance Fund,LIFEMAKER PENSION MAXIMISER FUND,RELIANCE INDUSTRIES LIMITED,3.60%,453.46,
36,tbl_0,,Axis Max Life Insurance Fund,LIFEMAKER PENSION MAXIMISER FUND,STATE BANK OF INDIA,3.47%,453.46,
36,tbl_0,,Axis Max Life Insurance Fund,LIFEMAKER PENSION MAXIMISER FUND,MAHINDRA & MAHINDRA LIMITED,2.79%,453.46,
36,tbl_0,,Axis Max Life Insurance Fund,LIFEMAKER PENSION MAXIMISER FUND,BHARTI AIRTEL LIMITED,2.19%,453.46,
36,tbl_0,,Axis Max Life Insurance Fund,LIFEMAKER PENSION MAXIMISER FUND,INFOSYS LIMITED,2.19%,453.46,
36,tbl_0,,Axis Max Life Insurance Fund,LIFEMAKER PENSION MAXIMISER FUND,ETERNAL LIMITED,2.15%,453.46,
36,tbl_0,,Axis Max Life Insurance Fund,LIFEMAKER PENSION MAXIMISER FUND,LARSEN & TOUBRO LIMITED,1.85%,453.46,
36,tbl_0,,Axis Max Life Insurance Fund,LIFEMAKER PENSION MAXIMISER FUND,TOP 10 GOVERNMENT SECURITIES IN THE FUND,,453.46,
36,tbl_0,,Axis Max Life Insurance Fund,LIFEMAKER PENSION MAXIMISER FUND,Security Name,% of AUM,453.46,
36,tbl_0,,Axis Max Life Insurance Fund,LIFEMAKER PENSION MAXIMISER FUND,6.90 GOI 15 APRIL 2065,11.25%,453.46,
36,tbl_0,,Axis Max Life Insurance Fund,LIFEMAKER PENSION MAXIMISER FUND,6.01 GOI 21 JULY 2030,5.54%,453.46,
36,tbl_0,,Axis Max Life Insurance Fund,LIFEMAKER PENSION MAXIMISER FUND,7.43 GOI 19 JAN 2076,5.30%,453.46,
36,tbl_0,,Axis Max Life Insurance Fund,LIFEMAKER PENSION MAXIMISER FUND,7.26 Maharashtra SDL 07 AUGUST 2049,1.07%,453.46,
36,tbl_0,,Axis Max Life Insurance Fund,LIFEMAKER PENSION MAXIMISER FUND,7.46 GOI 06 NOVEMBER 2073,0.74%,453.46,
36,tbl_0,,Axis Max Life Insurance Fund,LIFEMAKER PENSION MAXIMISER FUND,6.48 GOI 06 OCT 35,0.65%,453.46,
36,tbl_0,,Axis Max Life Insurance Fund,LIFEMAKER PENSION MAXIMISER FUND,7.29 SGB 27 JANUARY 2033,0.50%,453.46,
36,tbl_0,,Axis Max Life Insurance Fund,LIFEMAKER PENSION MAXIMISER FUND,7.65 KARNATAKA SDL 29 NOV 2027,0.24%,453.46,
36,tbl_0,,Axis Max Life Insurance Fund,LIFEMAKER PENSION MAXIMISER FUND,7.54 GOI 23 MAY 2036,0.14%,453.46,
36,tbl_0,,Axis Max Life Insurance Fund,LIFEMAKER PENSION MAXIMISER FUND,6.95 GOI 16 DEC 2061,0.13%,453.46,
36,tbl_0,,Axis Max Life Insurance Fund,LIFEMAKER PENSION MAXIMISER FUND,TOP 10 BONDS IN THE FUND,,453.46,
36,tbl_0,,Axis Max Life Insurance Fund,LIFEMAKER PENSION MAXIMISER FUND,Security Name,% of AUM,453.46,
36,tbl_0,,Axis Max Life Insurance Fund,LIFEMAKER PENSION MAXIMISER FUND,7.65 INDIAN RAILWAY FINANCE CORP LTD 30 DECEMBER 2032,2.24%,453.46,
36,tbl_0,,Axis Max Life Insurance Fund,LIFEMAKER PENSION MAXIMISER FUND,7.80 YES BANK 29 SEP 2027,2.20%,453.46,
36,tbl_0,,Axis Max Life Insurance Fund,LIFEMAKER PENSION MAXIMISER FUND,7.37 NABARD 28 MAY 2035,2.20%,453.46,
36,tbl_0,,Axis Max Life Insurance Fund,LIFEMAKER PENSION MAXIMISER FUND,7.44 NATIONAL THERMAL POWER CORPORATION 25 AUGUST 2032,1.24%,453.46,
36,tbl_0,,Axis Max Life Insurance Fund,LIFEMAKER PENSION MAXIMISER FUND,7.66 POWER FINANCE CORP 15 APRIL 2033 (PUT OPTION 15.04.26),1.12%,453.46,
36,tbl_0,,Axis Max Life Insurance Fund,LIFEMAKER PENSION MAXIMISER FUND,7.45 ALTIUS TELE INFRA 20 APR 2035 (Step up & Step down),1.12%,453.46,
36,tbl_0,,Axis Max Life Insurance Fund,LIFEMAKER PENSION MAXIMISER FUND,6.8 SBI 21 AUG 2035 TIER-2 (CALL DATE 21 AUG 2030),1.06%,453.46,
36,tbl_0,,Axis Max Life Insurance Fund,LIFEMAKER PENSION MAXIMISER FUND,7.35 NATIONAL HOUSING BANK 02 JAN 2032,0.89%,453.46,
36,tbl_0,,Axis Max Life Insurance Fund,LIFEMAKER PENSION MAXIMISER FUND,9 SHRIRAM TRANSPORT FINANCE CO. LIMITED 28 MAR 2028,0.86%,453.46,
36,tbl_0,,Axis Max Life Insurance Fund,LIFEMAKER PENSION MAXIMISER FUND,7.15 INDIAN RAILWAY FINANCE CORP LTD 14 NOVEMBER 2039,0.86%,453.46,
,,,,,,,,
,,,,,,,,
37,tbl_0,,Axis Max Life Insurance Fund,PENSION LIFE BALANCED FUND,Security Name,% of AUM,48.28,
37,tbl_0,,Axis Max Life Insurance Fund,PENSION LIFE BALANCED FUND,ICICI BANK LIMITED,3.52%,48.28,
37,tbl_0,,Axis Max Life Insurance Fund,PENSION LIFE BALANCED FUND,RELIANCE INDUSTRIES LIMITED,3.14%,48.28,
37,tbl_0,,Axis Max Life Insurance Fund,PENSION LIFE BALANCED FUND,HOUSING DEVELOPMENT FINANCE CORP BANK,3.14%,48.28,
37,tbl_0,,Axis Max Life Insurance Fund,PENSION LIFE BALANCED FUND,LARSEN & TOUBRO LIMITED,2.51%,48.28,
37,tbl_0,,Axis Max Life Insurance Fund,PENSION LIFE BALANCED FUND,INFOSYS LIMITED,2.51%,48.28,
37,tbl_0,,Axis Max Life Insurance Fund,PENSION LIFE BALANCED FUND,STATE BANK OF INDIA,1.98%,48.28,
37,tbl_0,,Axis Max Life Insurance Fund,PENSION LIFE BALANCED FUND,SUN PHARMACEUTICAL INDUSTRIES LIMITED,1.77%,48.28,
37,tbl_0,,Axis Max Life Insurance Fund,PENSION LIFE BALANCED FUND,MAHINDRA & MAHINDRA LIMITED,1.48%,48.28,
37,tbl_0,,Axis Max Life Insurance Fund,PENSION LIFE BALANCED FUND,AXIS BANK LIMITED,1.47%,48.28,
37,tbl_0,,Axis Max Life Insurance Fund,PENSION LIFE BALANCED FUND,ULTRATECH CEMENT LIMITED,1.31%,48.28,
37,tbl_0,,Axis Max Life Insurance Fund,PENSION LIFE BALANCED FUND,TOP 10 GOVERNMENT SECURITIES IN THE FUND,,48.28,
37,tbl_0,,Axis Max Life Insurance Fund,PENSION LIFE BALANCED FUND,Security Name,% of AUM,48.28,
37,tbl_0,,Axis Max Life Insurance Fund,PENSION LIFE BALANCED FUND,6.90 GOI 15 APRIL 2065,8.33%,48.28,
37,tbl_0,,Axis Max Life Insurance Fund,PENSION LIFE BALANCED FUND,6.8 GOI 15 DEC 2060,4.92%,48.28,
37,tbl_0,,Axis Max Life Insurance Fund,PENSION LIFE BALANCED FUND,7.29 SGB 27 JANUARY 2033,4.59%,48.28,
37,tbl_0,,Axis Max Life Insurance Fund,PENSION LIFE BALANCED FUND,7.43 GOI 19 JAN 2076,4.22%,48.28,
37,tbl_0,,Axis Max Life Insurance Fund,PENSION LIFE BALANCED FUND,7.46 GOI 06 NOVEMBER 2073,3.73%,48.28,
37,tbl_0,,Axis Max Life Insurance Fund,PENSION LIFE BALANCED FUND,6.48 GOI 06 OCT 35,3.52%,48.28,
37,tbl_0,,Axis Max Life Insurance Fund,PENSION LIFE BALANCED FUND,6.01 GOI 21 JULY 2030,1.40%,48.28,
37,tbl_0,,Axis Max Life Insurance Fund,PENSION LIFE BALANCED FUND,7.43 ANDHRA PRADESH SDL 05 JUNE 2042,1.10%,48.28,
37,tbl_0,,Axis Max Life Insurance Fund,PENSION LIFE BALANCED FUND,7.76 MADHYA PRADESH SDL 29 NOVEMBER 2037,1.06%,48.28,
37,tbl_0,,Axis Max Life Insurance Fund,PENSION LIFE BALANCED FUND,8.00 OIL MARKETING BOND GOI 23 MAR 2026,1.04%,48.28,
37,tbl_0,,Axis Max Life Insurance Fund,PENSION LIFE BALANCED FUND,TOP 10 BONDS IN THE FUND,,48.28,
37,tbl_0,,Axis Max Life Insurance Fund,PENSION LIFE BALANCED FUND,Security Name,% of AUM,48.28,
37,tbl_0,,Axis Max Life Insurance Fund,PENSION LIFE BALANCED FUND,6.85 NABARD 19 JAN 2029,3.70%,48.28,
37,tbl_0,,Axis Max Life Insurance Fund,PENSION LIFE BALANCED FUND,8.70 RURAL ELECTRIFICATION CORPORATION LIMITED GOI SERVICE B,3.23%,48.28,
37,tbl_0,,Axis Max Life Insurance Fund,PENSION LIFE BALANCED FUND,8.35 INDIAN RAILWAY FINANCE CORP LTD 13 MARCH 2029,2.35%,48.28,
37,tbl_0,,Axis Max Life Insurance Fund,PENSION LIFE BALANCED FUND,7.66 POWER FINANCE CORP 15 APRIL 2033 (PUT OPTION 15.04.26),2.10%,48.28,
37,tbl_0,,Axis Max Life Insurance Fund,PENSION LIFE BALANCED FUND,7.65 INDIAN RAILWAY FINANCE CORP LTD 30 DECEMBER 2032,2.10%,48.28,
37,tbl_0,,Axis Max Life Insurance Fund,PENSION LIFE BALANCED FUND,7.70 BAJAJ FINANCE LIMITED 07 JUNE 2027,2.09%,48.28,
37,tbl_0,,Axis Max Life Insurance Fund,PENSION LIFE BALANCED FUND,7.40 NABARD 29 APRIL 2030,2.08%,48.28,
37,tbl_0,,Axis Max Life Insurance Fund,PENSION LIFE BALANCED FUND,7.43 NABFID 04 JULY 2034 (Put option),2.07%,48.28,
37,tbl_0,,Axis Max Life Insurance Fund,PENSION LIFE BALANCED FUND,7.8 YES BANK 01 OCT 2027,1.65%,48.28,
37,tbl_0,,Axis Max Life Insurance Fund,PENSION LIFE BALANCED FUND,7.80 YES BANK 29 SEP 2027,1.65%,48.28,
,,,,,,,,
,,,,,,,,
38,tbl_0,,Axis Max Life Insurance Fund,LIFEMAKER PENSION PRESERVER FUND,Security Name,% of AUM,73.12,
38,tbl_0,,Axis Max Life Insurance Fund,LIFEMAKER PENSION PRESERVER FUND,ICICI BANK LIMITED,1.84%,73.12,
38,tbl_0,,Axis Max Life Insurance Fund,LIFEMAKER PENSION PRESERVER FUND,AXIS BANK LIMITED,1.43%,73.12,
38,tbl_0,,Axis Max Life Insurance Fund,LIFEMAKER PENSION PRESERVER FUND,HOUSING DEVELOPMENT FINANCE CORP BANK,1.26%,73.12,
38,tbl_0,,Axis Max Life Insurance Fund,LIFEMAKER PENSION PRESERVER FUND,RELIANCE INDUSTRIES LIMITED,1.26%,73.12,
38,tbl_0,,Axis Max Life Insurance Fund,LIFEMAKER PENSION PRESERVER FUND,STATE BANK OF INDIA,1.08%,73.12,
38,tbl_0,,Axis Max Life Insurance Fund,LIFEMAKER PENSION PRESERVER FUND,MAHINDRA & MAHINDRA LIMITED,0.92%,73.12,
38,tbl_0,,Axis Max Life Insurance Fund,LIFEMAKER PENSION PRESERVER FUND,INFOSYS LIMITED,0.81%,73.12,
38,tbl_0,,Axis Max Life Insurance Fund,LIFEMAKER PENSION PRESERVER FUND,ETERNAL LIMITED,0.72%,73.12,
38,tbl_0,,Axis Max Life Insurance Fund,LIFEMAKER PENSION PRESERVER FUND,BHARTI AIRTEL LIMITED,0.69%,73.12,
38,tbl_0,,Axis Max Life Insurance Fund,LIFEMAKER PENSION PRESERVER FUND,ULTRATECH CEMENT LIMITED,0.61%,73.12,
38,tbl_0,,Axis Max Life Insurance Fund,LIFEMAKER PENSION PRESERVER FUND,TOP 10 GOVERNMENT SECURITIES IN THE FUND,,73.12,
38,tbl_0,,Axis Max Life Insurance Fund,LIFEMAKER PENSION PRESERVER FUND,Security Name,% of AUM,73.12,
38,tbl_0,,Axis Max Life Insurance Fund,LIFEMAKER PENSION PRESERVER FUND,6.8 GOI 15 DEC 2060,10.43%,73.12,
38,tbl_0,,Axis Max Life Insurance Fund,LIFEMAKER PENSION PRESERVER FUND,6.48 GOI 06 OCT 35,7.13%,73.12,
38,tbl_0,,Axis Max Life Insurance Fund,LIFEMAKER PENSION PRESERVER FUND,7.43 GOI 19 JAN 2076,6.19%,73.12,
38,tbl_0,,Axis Max Life Insurance Fund,LIFEMAKER PENSION PRESERVER FUND,7.76 MADHYA PRADESH SDL 29 NOVEMBER 2037,6.09%,73.12,
38,tbl_0,,Axis Max Life Insurance Fund,LIFEMAKER PENSION PRESERVER FUND,6.90 GOI 15 APRIL 2065,5.46%,73.12,
38,tbl_0,,Axis Max Life Insurance Fund,LIFEMAKER PENSION PRESERVER FUND,7.46 GOI 06 NOVEMBER 2073,3.07%,73.12,
38,tbl_0,,Axis Max Life Insurance Fund,LIFEMAKER PENSION PRESERVER FUND,8.51 MAHARASTRA SDL 09 MAR 2026,2.60%,73.12,
38,tbl_0,,Axis Max Life Insurance Fund,LIFEMAKER PENSION PRESERVER FUND,7.54 GOI 23 MAY 2036,0.58%,73.12,
38,tbl_0,,Axis Max Life Insurance Fund,LIFEMAKER PENSION PRESERVER FUND,6.01 GOI 21 JULY 2030,0.45%,73.12,
38,tbl_0,,Axis Max Life Insurance Fund,LIFEMAKER PENSION PRESERVER FUND,6.95 GOI 16 DEC 2061,0.44%,73.12,
38,tbl_0,,Axis Max Life Insurance Fund,LIFEMAKER PENSION PRESERVER FUND,TOP 10 BONDS IN THE FUND,,73.12,
38,tbl_0,,Axis Max Life Insurance Fund,LIFEMAKER PENSION PRESERVER FUND,Security Name,% of AUM,73.12,
38,tbl_0,,Axis Max Life Insurance Fund,LIFEMAKER PENSION PRESERVER FUND,6.8 SBI 21 AUG 2035 TIER-2 (CALL DATE 21 AUG 2030),5.89%,73.12,
38,tbl_0,,Axis Max Life Insurance Fund,LIFEMAKER PENSION PRESERVER FUND,7.37 NABARD 28 MAY 2035,4.08%,73.12,
38,tbl_0,,Axis Max Life Insurance Fund,LIFEMAKER PENSION PRESERVER FUND,9 SHRIRAM TRANSPORT FINANCE CO. LIMITED 28 MAR 2028,3.81%,73.12,
38,tbl_0,,Axis Max Life Insurance Fund,LIFEMAKER PENSION PRESERVER FUND,7.80 YES BANK 29 SEP 2027,3.55%,73.12,
38,tbl_0,,Axis Max Life Insurance Fund,LIFEMAKER PENSION PRESERVER FUND,7.75 INDIAN RAILWAY FINANCE CORP LTD 15 APRIL 2033,2.94%,73.12,
38,tbl_0,,Axis Max Life Insurance Fund,LIFEMAKER PENSION PRESERVER FUND,8.37 HUDCO (GOI SERVICED) 25 MARCH 2029,2.84%,73.12,
38,tbl_0,,Axis Max Life Insurance Fund,LIFEMAKER PENSION PRESERVER FUND,7.45 ALTIUS TELE INFRA 20 APR 2035 (Step up & Step down),2.08%,73.12,
38,tbl_0,,Axis Max Life Insurance Fund,LIFEMAKER PENSION PRESERVER FUND,6.94 NATIONAL HIGHWAYS AUTHORITY OF INDIA 30 DEC 2036,1.71%,73.12,
38,tbl_0,,Axis Max Life Insurance Fund,LIFEMAKER PENSION PRESERVER FUND,7.65 INDIAN RAILWAY FINANCE CORP LTD 30 DECEMBER 2032,1.39%,73.12,
38,tbl_0,,Axis Max Life Insurance Fund,LIFEMAKER PENSION PRESERVER FUND,7.8 YES BANK 01 OCT 2027,1.36%,73.12,
,,,,,,,,
,,,,,,,,
39,tbl_0,,Axis Max Life Insurance Fund,PENSION LIFE CONSERVATIVE FUND,Security Name,% of AUM,{},
39,tbl_0,,Axis Max Life Insurance Fund,PENSION LIFE CONSERVATIVE FUND,ICICI BANK LIMITED,1.10%,{},
39,tbl_0,,Axis Max Life Insurance Fund,PENSION LIFE CONSERVATIVE FUND,HOUSING DEVELOPMENT FINANCE CORP BANK,0.94%,{},
39,tbl_0,,Axis Max Life Insurance Fund,PENSION LIFE CONSERVATIVE FUND,AXIS BANK LIMITED,0.87%,{},
39,tbl_0,,Axis Max Life Insurance Fund,PENSION LIFE CONSERVATIVE FUND,LARSEN & TOUBRO LIMITED,0.65%,{},
39,tbl_0,,Axis Max Life Insurance Fund,PENSION LIFE CONSERVATIVE FUND,NTPC LIMITED,0.64%,{},
39,tbl_0,,Axis Max Life Insurance Fund,PENSION LIFE CONSERVATIVE FUND,RELIANCE INDUSTRIES LIMITED,0.61%,{},
39,tbl_0,,Axis Max Life Insurance Fund,PENSION LIFE CONSERVATIVE FUND,KOTAK MAHINDRA BANK LIMITED,0.52%,{},
39,tbl_0,,Axis Max Life Insurance Fund,PENSION LIFE CONSERVATIVE FUND,BHARTI AIRTEL LIMITED,0.46%,{},
39,tbl_0,,Axis Max Life Insurance Fund,PENSION LIFE CONSERVATIVE FUND,INFOSYS LIMITED,0.45%,{},
39,tbl_0,,Axis Max Life Insurance Fund,PENSION LIFE CONSERVATIVE FUND,MAHINDRA & MAHINDRA LIMITED,0.33%,{},
39,tbl_0,,Axis Max Life Insurance Fund,PENSION LIFE CONSERVATIVE FUND,TOP 10 GOVERNMENT SECURITIES IN THE FUND,,{},
39,tbl_0,,Axis Max Life Insurance Fund,PENSION LIFE CONSERVATIVE FUND,Security Name,% of AUM,{},
39,tbl_0,,Axis Max Life Insurance Fund,PENSION LIFE CONSERVATIVE FUND,6.48 GOI 06 OCT 35,18.18%,{},
39,tbl_0,,Axis Max Life Insurance Fund,PENSION LIFE CONSERVATIVE FUND,6.01 GOI 21 JULY 2030,14.61%,{},
39,tbl_0,,Axis Max Life Insurance Fund,PENSION LIFE CONSERVATIVE FUND,7.43 GOI 19 JAN 2076,12.98%,{},
39,tbl_0,,Axis Max Life Insurance Fund,PENSION LIFE CONSERVATIVE FUND,7.46 GOI 06 NOVEMBER 2073,6.64%,{},
39,tbl_0,,Axis Max Life Insurance Fund,PENSION LIFE CONSERVATIVE FUND,7.73 HARYANA SDL 18 FEB 2045,4.80%,{},
39,tbl_0,,Axis Max Life Insurance Fund,PENSION LIFE CONSERVATIVE FUND,7.43 ANDHRA PRADESH SDL 05 JUNE 2042,3.51%,{},
39,tbl_0,,Axis Max Life Insurance Fund,PENSION LIFE CONSERVATIVE FUND,6.90 GOI 15 APRIL 2065,1.55%,{},
39,tbl_0,,Axis Max Life Insurance Fund,PENSION LIFE CONSERVATIVE FUND,8.17 GOI 01 DEC 2044,1.48%,{},
39,tbl_0,,Axis Max Life Insurance Fund,PENSION LIFE CONSERVATIVE FUND,7.25 GOI 12 JUNE 2063,1.19%,{},
39,tbl_0,,Axis Max Life Insurance Fund,PENSION LIFE CONSERVATIVE FUND,6.95 GOI 16 DEC 2061,0.34%,{},
39,tbl_0,,Axis Max Life Insurance Fund,PENSION LIFE CONSERVATIVE FUND,TOP 10 BONDS IN THE FUND,,{},
39,tbl_0,,Axis Max Life Insurance Fund,PENSION LIFE CONSERVATIVE FUND,Security Name,% of AUM,{},
39,tbl_0,,Axis Max Life Insurance Fund,PENSION LIFE CONSERVATIVE FUND,8.35 INDIAN RAILWAY FINANCE CORP LTD 13 MARCH 2029,6.55%,{},
39,tbl_0,,Axis Max Life Insurance Fund,PENSION LIFE CONSERVATIVE FUND,7.66 POWER FINANCE CORP 15 APRIL 2033 (PUT OPTION 15.04.26),3.22%,{},
39,tbl_0,,Axis Max Life Insurance Fund,PENSION LIFE CONSERVATIVE FUND,7.50 NABARD (GOI SERVICED) 17 NOV 2034,3.21%,{},
39,tbl_0,,Axis Max Life Insurance Fund,PENSION LIFE CONSERVATIVE FUND,7.75 INDIAN RAILWAY FINANCE CORP LTD 15 APRIL 2033,0.97%,{},
39,tbl_0,,Axis Max Life Insurance Fund,PENSION LIFE CONSERVATIVE FUND,9.25% SK FINANCE 08 NOVEMBER 2026 (Step up),0.96%,{},
,,,,,,,,
,,,,,,,,
40,tbl_0,,Axis Max Life Insurance Fund,PENSION LIFE SECURED FUND,Security NIL Name,% of AUM NA,22.25,
40,tbl_0,,Axis Max Life Insurance Fund,PENSION LIFE SECURED FUND,TOP 10 GOVERNMENT SECURITIES IN THE FUND,,22.25,
40,tbl_0,,Axis Max Life Insurance Fund,PENSION LIFE SECURED FUND,Security Name,% of AUM,22.25,
40,tbl_0,,Axis Max Life Insurance Fund,PENSION LIFE SECURED FUND,6.90 GOI 15 APRIL 2065,18.12%,22.25,
40,tbl_0,,Axis Max Life Insurance Fund,PENSION LIFE SECURED FUND,7.43 GOI 19 JAN 2076,12.43%,22.25,
40,tbl_0,,Axis Max Life Insurance Fund,PENSION LIFE SECURED FUND,6.01 GOI 21 JULY 2030,10.52%,22.25,
40,tbl_0,,Axis Max Life Insurance Fund,PENSION LIFE SECURED FUND,6.48 GOI 06 OCT 35,9.57%,22.25,
40,tbl_0,,Axis Max Life Insurance Fund,PENSION LIFE SECURED FUND,8.30 GOI 02 JUL 2040,6.23%,22.25,
40,tbl_0,,Axis Max Life Insurance Fund,PENSION LIFE SECURED FUND,8.13 KERALA SDL 21 MAR 2028,1.92%,22.25,
40,tbl_0,,Axis Max Life Insurance Fund,PENSION LIFE SECURED FUND,7.29 SGB 27 JANUARY 2033,0.71%,22.25,
40,tbl_0,,Axis Max Life Insurance Fund,PENSION LIFE SECURED FUND,7.54 GOI 23 MAY 2036,0.46%,22.25,
40,tbl_0,,Axis Max Life Insurance Fund,PENSION LIFE SECURED FUND,7.62 GOI 15 SEP 2039,0.35%,22.25,
40,tbl_0,,Axis Max Life Insurance Fund,PENSION LIFE SECURED FUND,6.95 GOI 16 DEC 2061,0.26%,22.25,
40,tbl_0,,Axis Max Life Insurance Fund,PENSION LIFE SECURED FUND,TOP 10 BONDS IN THE FUND,,22.25,
40,tbl_0,,Axis Max Life Insurance Fund,PENSION LIFE SECURED FUND,Security Name,% of AUM,22.25,
40,tbl_0,,Axis Max Life Insurance Fund,PENSION LIFE SECURED FUND,7.8 YES BANK 01 OCT 2027,6.28%,22.25,
40,tbl_0,,Axis Max Life Insurance Fund,PENSION LIFE SECURED FUND,8.37 HUDCO (GOI SERVICED) 25 MARCH 2029,4.66%,22.25,
40,tbl_0,,Axis Max Life Insurance Fund,PENSION LIFE SECURED FUND,7.65 INDIAN RAILWAY FINANCE CORP LTD 30 DECEMBER 2032,4.56%,22.25,
40,tbl_0,,Axis Max Life Insurance Fund,PENSION LIFE SECURED FUND,7.37 NABARD 28 MAY 2035,4.48%,22.25,
40,tbl_0,,Axis Max Life Insurance Fund,PENSION LIFE SECURED FUND,6.85 NABARD 19 JAN 2029,3.57%,22.25,
40,tbl_0,,Axis Max Life Insurance Fund,PENSION LIFE SECURED FUND,8.35 INDIAN RAILWAY FINANCE CORP LTD 13 MARCH 2029,2.32%,22.25,
40,tbl_0,,Axis Max Life Insurance Fund,PENSION LIFE SECURED FUND,7.35 NATIONAL HOUSING BANK 02 JAN 2032,2.26%,22.25,
40,tbl_0,,Axis Max Life Insurance Fund,PENSION LIFE SECURED FUND,7.80 YES BANK 29 SEP 2027,1.79%,22.25,
40,tbl_0,,Axis Max Life Insurance Fund,PENSION LIFE SECURED FUND,7.64 INDIAN RAILWAY FINANCE CORP LTD 28 NOVEMBER 2037,1.37%,22.25,
40,tbl_0,,Axis Max Life Insurance Fund,PENSION LIFE SECURED FUND,6.75 PIRAMAL CAPITAL & HOUSING FINANCE LIMIT,1.21%,22.25,
40,tbl_0,,Axis Max Life Insurance Fund,PENSION LIFE SECURED FUND,FUND PROFILE,,22.25,
40,tbl_0,,Axis Max Life Insurance Fund,PENSION LIFE SECURED FUND,Modified Duration (Debt & Money Market Instruments),6.98,22.25,
40,tbl_0,,Axis Max Life Insurance Fund,PENSION LIFE SECURED FUND,Average Maturity (In Years),17.93,22.25,
40,tbl_0,,Axis Max Life Insurance Fund,PENSION LIFE SECURED FUND,Yield to Maturity,7.08%,22.25,
40,tbl_0,,Axis Max Life Insurance Fund,PENSION LIFE SECURED FUND,Beta,0.96,22.25,
,,,,,,,,
,,,,,,,,
41,tbl_0,,Axis Max Life Insurance Fund,NIFTY 500 MULTIFACTOR 50 INDEX PENSION FUND,Security Name,% of AUM,25.55,
41,tbl_0,,Axis Max Life Insurance Fund,NIFTY 500 MULTIFACTOR 50 INDEX PENSION FUND,INDIAN BANK,3.08%,25.55,
41,tbl_0,,Axis Max Life Insurance Fund,NIFTY 500 MULTIFACTOR 50 INDEX PENSION FUND,COAL INDIA LIMITED,2.81%,25.55,
41,tbl_0,,Axis Max Life Insurance Fund,NIFTY 500 MULTIFACTOR 50 INDEX PENSION FUND,OIL & NATURAL GAS CORP LIMITED,2.79%,25.55,
41,tbl_0,,Axis Max Life Insurance Fund,NIFTY 500 MULTIFACTOR 50 INDEX PENSION FUND,INDIAN OIL CORPORATION LIMITED,2.77%,25.55,
41,tbl_0,,Axis Max Life Insurance Fund,NIFTY 500 MULTIFACTOR 50 INDEX PENSION FUND,THE FEDERAL BANK LIMITED,2.68%,25.55,
41,tbl_0,,Axis Max Life Insurance Fund,NIFTY 500 MULTIFACTOR 50 INDEX PENSION FUND,UNION BANK OF INDIA,2.64%,25.55,
41,tbl_0,,Axis Max Life Insurance Fund,NIFTY 500 MULTIFACTOR 50 INDEX PENSION FUND,CANARA BANK LIMITED,2.64%,25.55,
41,tbl_0,,Axis Max Life Insurance Fund,NIFTY 500 MULTIFACTOR 50 INDEX PENSION FUND,ASTER DM HEALTHCARE LTD,2.60%,25.55,
41,tbl_0,,Axis Max Life Insurance Fund,NIFTY 500 MULTIFACTOR 50 INDEX PENSION FUND,EICHER MOTORS LIMITED,2.56%,25.55,
41,tbl_0,,Axis Max Life Insurance Fund,NIFTY 500 MULTIFACTOR 50 INDEX PENSION FUND,BANK OF BARODA (DENA & VIJAYA BANK AMALGAMATED),2.55%,25.55,
41,tbl_0,,Axis Max Life Insurance Fund,NIFTY 500 MULTIFACTOR 50 INDEX PENSION FUND,TOP 10 GOVERNMENT SECURITIES IN THE FUND,,25.55,
41,tbl_0,,Axis Max Life Insurance Fund,NIFTY 500 MULTIFACTOR 50 INDEX PENSION FUND,Security Name,% of AUM,25.55,
41,tbl_0,,Axis Max Life Insurance Fund,NIFTY 500 MULTIFACTOR 50 INDEX PENSION FUND,NIL,NA,25.55,
41,tbl_0,,Axis Max Life Insurance Fund,NIFTY 500 MULTIFACTOR 50 INDEX PENSION FUND,TOP 10 BONDS IN THE FUND,,25.55,
41,tbl_0,,Axis Max Life Insurance Fund,NIFTY 500 MULTIFACTOR 50 INDEX PENSION FUND,Security Name,% of AUM,25.55,
41,tbl_0,,Axis Max Life Insurance Fund,NIFTY 500 MULTIFACTOR 50 INDEX PENSION FUND,NIL,NA,25.55,
41,tbl_0,,Axis Max Life Insurance Fund,NIFTY 500 MULTIFACTOR 50 INDEX PENSION FUND,FUND PROFILE,,25.55,
41,tbl_0,,Axis Max Life Insurance Fund,NIFTY 500 MULTIFACTOR 50 INDEX PENSION FUND,Modified Duration (Debt & Money Market Instruments),0.01,25.55,
41,tbl_0,,Axis Max Life Insurance Fund,NIFTY 500 MULTIFACTOR 50 INDEX PENSION FUND,Average Maturity (In Years),0.01,25.55,
41,tbl_0,,Axis Max Life Insurance Fund,NIFTY 500 MULTIFACTOR 50 INDEX PENSION FUND,Yield to Maturity,5.08%,25.55,
41,tbl_0,,Axis Max Life Insurance Fund,NIFTY 500 MULTIFACTOR 50 INDEX PENSION FUND,Beta,0.99,25.55,
,,,,,,,,
,,,,,,,,
42,tbl_0,,Axis Max Life Insurance Fund,HIGH GROWTH PENSION FUND,Security Name,% of AUM,13.88,
42,tbl_0,,Axis Max Life Insurance Fund,HIGH GROWTH PENSION FUND,BSE LIMITED,4.88%,13.88,
42,tbl_0,,Axis Max Life Insurance Fund,HIGH GROWTH PENSION FUND,INDUS TOWERS LIMITED,4.22%,13.88,
42,tbl_0,,Axis Max Life Insurance Fund,HIGH GROWTH PENSION FUND,CG POWER & INDUSTRIAL SOLUTIONS LIMITED,3.11%,13.88,
42,tbl_0,,Axis Max Life Insurance Fund,HIGH GROWTH PENSION FUND,LUPIN LIMITED,3.07%,13.88,
42,tbl_0,,Axis Max Life Insurance Fund,HIGH GROWTH PENSION FUND,FORTIS HEALTHCARE LIMITED,3.03%,13.88,
42,tbl_0,,Axis Max Life Insurance Fund,HIGH GROWTH PENSION FUND,THE FEDERAL BANK LIMITED,2.85%,13.88,
42,tbl_0,,Axis Max Life Insurance Fund,HIGH GROWTH PENSION FUND,CUMMINS INDIA LIMITED,2.72%,13.88,
42,tbl_0,,Axis Max Life Insurance Fund,HIGH GROWTH PENSION FUND,HDFC ASSET MANAGEMENT COMPANY LIMITED,2.55%,13.88,
42,tbl_0,,Axis Max Life Insurance Fund,HIGH GROWTH PENSION FUND,HERO MOTOCORP LIMITED,2.49%,13.88,
42,tbl_0,,Axis Max Life Insurance Fund,HIGH GROWTH PENSION FUND,ETERNAL LIMITED,2.31%,13.88,
42,tbl_0,,Axis Max Life Insurance Fund,HIGH GROWTH PENSION FUND,TOP 10 GOVERNMENT SECURITIES IN THE FUND,,13.88,
42,tbl_0,,Axis Max Life Insurance Fund,HIGH GROWTH PENSION FUND,Security Name,% of AUM,13.88,
42,tbl_0,,Axis Max Life Insurance Fund,HIGH GROWTH PENSION FUND,NIL,NA,13.88,
42,tbl_0,,Axis Max Life Insurance Fund,HIGH GROWTH PENSION FUND,TOP 10 BONDS IN THE FUND,,13.88,
42,tbl_0,,Axis Max Life Insurance Fund,HIGH GROWTH PENSION FUND,Security Name,% of AUM,13.88,
42,tbl_0,,Axis Max Life Insurance Fund,HIGH GROWTH PENSION FUND,NIL,NA,13.88,
42,tbl_0,,Axis Max Life Insurance Fund,HIGH GROWTH PENSION FUND,FUND PROFILE,,13.88,
42,tbl_0,,Axis Max Life Insurance Fund,HIGH GROWTH PENSION FUND,Modified Duration (Debt & Money Market Instruments),0.01,13.88,
42,tbl_0,,Axis Max Life Insurance Fund,HIGH GROWTH PENSION FUND,Average Maturity (In Years),0.01,13.88,
42,tbl_0,,Axis Max Life Insurance Fund,HIGH GROWTH PENSION FUND,Yield to Maturity,5.09%,13.88,
42,tbl_0,,Axis Max Life Insurance Fund,HIGH GROWTH PENSION FUND,Beta,0.93,13.88,
,,,,,,,,
,,,,,,,,
43,tbl_0,,Axis Max Life Insurance Fund,27-Feb-26 BSE 500 DIVIDEND LEADERS 50 INDEX PENSION FUND,Security Name,% of AUM,{},
43,tbl_0,,Axis Max Life Insurance Fund,27-Feb-26 BSE 500 DIVIDEND LEADERS 50 INDEX PENSION FUND,POWER FINANCE CORP LIMITED,5.60%,{},
43,tbl_0,,Axis Max Life Insurance Fund,27-Feb-26 BSE 500 DIVIDEND LEADERS 50 INDEX PENSION FUND,OIL & NATURAL GAS CORP LIMITED,5.44%,{},
43,tbl_0,,Axis Max Life Insurance Fund,27-Feb-26 BSE 500 DIVIDEND LEADERS 50 INDEX PENSION FUND,INDIAN OIL CORPORATION LIMITED,5.35%,{},
43,tbl_0,,Axis Max Life Insurance Fund,27-Feb-26 BSE 500 DIVIDEND LEADERS 50 INDEX PENSION FUND,COAL INDIA LIMITED,5.24%,{},
43,tbl_0,,Axis Max Life Insurance Fund,27-Feb-26 BSE 500 DIVIDEND LEADERS 50 INDEX PENSION FUND,BHARAT PETROLEUM CORPORATION LIMITED,5.05%,{},
43,tbl_0,,Axis Max Life Insurance Fund,27-Feb-26 BSE 500 DIVIDEND LEADERS 50 INDEX PENSION FUND,RURAL ELECTRIFICATION CORPORATION LIMITED,4.75%,{},
43,tbl_0,,Axis Max Life Insurance Fund,27-Feb-26 BSE 500 DIVIDEND LEADERS 50 INDEX PENSION FUND,VEDANTA LIMITED,4.57%,{},
43,tbl_0,,Axis Max Life Insurance Fund,27-Feb-26 BSE 500 DIVIDEND LEADERS 50 INDEX PENSION FUND,HERO MOTOCORP LIMITED,4.47%,{},
43,tbl_0,,Axis Max Life Insurance Fund,27-Feb-26 BSE 500 DIVIDEND LEADERS 50 INDEX PENSION FUND,TATA STEEL LIMITED,4.36%,{},
43,tbl_0,,Axis Max Life Insurance Fund,27-Feb-26 BSE 500 DIVIDEND LEADERS 50 INDEX PENSION FUND,NTPC LIMITED,3.73%,{},
43,tbl_0,,Axis Max Life Insurance Fund,27-Feb-26 BSE 500 DIVIDEND LEADERS 50 INDEX PENSION FUND,TOP 10 GOVERNMENT SECURITIES IN THE FUND,,{},
43,tbl_0,,Axis Max Life Insurance Fund,27-Feb-26 BSE 500 DIVIDEND LEADERS 50 INDEX PENSION FUND,Security Name,% of AUM,{},
43,tbl_0,,Axis Max Life Insurance Fund,27-Feb-26 BSE 500 DIVIDEND LEADERS 50 INDEX PENSION FUND,NIL,NA,{},
43,tbl_0,,Axis Max Life Insurance Fund,27-Feb-26 BSE 500 DIVIDEND LEADERS 50 INDEX PENSION FUND,TOP 10 BONDS IN THE FUND,,{},
43,tbl_0,,Axis Max Life Insurance Fund,27-Feb-26 BSE 500 DIVIDEND LEADERS 50 INDEX PENSION FUND,Security Name,% of AUM,{},
43,tbl_0,,Axis Max Life Insurance Fund,27-Feb-26 BSE 500 DIVIDEND LEADERS 50 INDEX PENSION FUND,NIL,NA,{},
43,tbl_0,,Axis Max Life Insurance Fund,27-Feb-26 BSE 500 DIVIDEND LEADERS 50 INDEX PENSION FUND,FUND PROFILE,,{},
43,tbl_0,,Axis Max Life Insurance Fund,27-Feb-26 BSE 500 DIVIDEND LEADERS 50 INDEX PENSION FUND,Modified Duration (Debt & Money Market Instruments),0.01,{},
43,tbl_0,,Axis Max Life Insurance Fund,27-Feb-26 BSE 500 DIVIDEND LEADERS 50 INDEX PENSION FUND,Average Maturity (In Years),0.01,{},
43,tbl_0,,Axis Max Life Insurance Fund,27-Feb-26 BSE 500 DIVIDEND LEADERS 50 INDEX PENSION FUND,Yield Beta to Maturity,5.08% 0.92,{},
,,,,,,,,
,,,,,,,,
44,tbl_0,,Axis Max Life Insurance Fund,27-Feb-26 BSE 500 VALUE 50 INDEX PENSION FUND,Security Name,% of AUM,{},
44,tbl_0,,Axis Max Life Insurance Fund,27-Feb-26 BSE 500 VALUE 50 INDEX PENSION FUND,OIL & NATURAL GAS CORP LIMITED,6.62%,{},
44,tbl_0,,Axis Max Life Insurance Fund,27-Feb-26 BSE 500 VALUE 50 INDEX PENSION FUND,STATE BANK OF INDIA,6.54%,{},
44,tbl_0,,Axis Max Life Insurance Fund,27-Feb-26 BSE 500 VALUE 50 INDEX PENSION FUND,HINDALCO INDUSTRIES LIMITED,6.37%,{},
44,tbl_0,,Axis Max Life Insurance Fund,27-Feb-26 BSE 500 VALUE 50 INDEX PENSION FUND,Tata Motors Passenger Vehicles Limited,6.31%,{},
44,tbl_0,,Axis Max Life Insurance Fund,27-Feb-26 BSE 500 VALUE 50 INDEX PENSION FUND,COAL INDIA LIMITED,5.93%,{},
44,tbl_0,,Axis Max Life Insurance Fund,27-Feb-26 BSE 500 VALUE 50 INDEX PENSION FUND,INDIAN OIL CORPORATION LIMITED,4.54%,{},
44,tbl_0,,Axis Max Life Insurance Fund,27-Feb-26 BSE 500 VALUE 50 INDEX PENSION FUND,BHARAT PETROLEUM CORPORATION LIMITED,4.29%,{},
44,tbl_0,,Axis Max Life Insurance Fund,27-Feb-26 BSE 500 VALUE 50 INDEX PENSION FUND,POWER FINANCE CORP LIMITED,3.88%,{},
44,tbl_0,,Axis Max Life Insurance Fund,27-Feb-26 BSE 500 VALUE 50 INDEX PENSION FUND,BANK OF BARODA (DENA & VIJAYA BANK AMALGAMATED),3.58%,{},
44,tbl_0,,Axis Max Life Insurance Fund,27-Feb-26 BSE 500 VALUE 50 INDEX PENSION FUND,GAIL (INDIA) LIMITED,3.32%,{},
44,tbl_0,,Axis Max Life Insurance Fund,27-Feb-26 BSE 500 VALUE 50 INDEX PENSION FUND,TOP 10 GOVERNMENT SECURITIES IN THE FUND,,{},
44,tbl_0,,Axis Max Life Insurance Fund,27-Feb-26 BSE 500 VALUE 50 INDEX PENSION FUND,Security Name,% of AUM,{},
44,tbl_0,,Axis Max Life Insurance Fund,27-Feb-26 BSE 500 VALUE 50 INDEX PENSION FUND,NIL,NA,{},
44,tbl_0,,Axis Max Life Insurance Fund,27-Feb-26 BSE 500 VALUE 50 INDEX PENSION FUND,TOP 10 BONDS IN THE FUND,,{},
44,tbl_0,,Axis Max Life Insurance Fund,27-Feb-26 BSE 500 VALUE 50 INDEX PENSION FUND,Security Name,% of AUM,{},
44,tbl_0,,Axis Max Life Insurance Fund,27-Feb-26 BSE 500 VALUE 50 INDEX PENSION FUND,NIL,NA,{},
44,tbl_0,,Axis Max Life Insurance Fund,27-Feb-26 BSE 500 VALUE 50 INDEX PENSION FUND,FUND PROFILE,,{},
44,tbl_0,,Axis Max Life Insurance Fund,27-Feb-26 BSE 500 VALUE 50 INDEX PENSION FUND,Modified Duration (Debt & Money Market Instruments),0.01,{},
44,tbl_0,,Axis Max Life Insurance Fund,27-Feb-26 BSE 500 VALUE 50 INDEX PENSION FUND,Average Maturity (In Years),0.01,{},
44,tbl_0,,Axis Max Life Insurance Fund,27-Feb-26 BSE 500 VALUE 50 INDEX PENSION FUND,Yield to Maturity,5.08%,{},
44,tbl_0,,Axis Max Life Insurance Fund,27-Feb-26 BSE 500 VALUE 50 INDEX PENSION FUND,Beta,0.99,{},
,,,,,,,,
,,,,,,,,
45,tbl_0,,Axis Max Life Insurance Fund,DISCONTINUANCE FUND PENSION,Security Name,% of AUM,165.35,
45,tbl_0,,Axis Max Life Insurance Fund,DISCONTINUANCE FUND PENSION,NIL,NA,165.35,
45,tbl_0,,Axis Max Life Insurance Fund,DISCONTINUANCE FUND PENSION,TOP 10 GOVERNMENT SECURITIES IN THE FUND,,165.35,
45,tbl_0,,Axis Max Life Insurance Fund,DISCONTINUANCE FUND PENSION,Security Name,% of AUM,165.35,
45,tbl_0,,Axis Max Life Insurance Fund,DISCONTINUANCE FUND PENSION,364 DAYS TBILL 16 APRIL 2026,19.22%,165.35,
45,tbl_0,,Axis Max Life Insurance Fund,DISCONTINUANCE FUND PENSION,364 DAYS TBILL 02 APRIL 2026,12.04%,165.35,
45,tbl_0,,Axis Max Life Insurance Fund,DISCONTINUANCE FUND PENSION,364 DAYS TBILL 10 APRIL 2026,9.02%,165.35,
45,tbl_0,,Axis Max Life Insurance Fund,DISCONTINUANCE FUND PENSION,364 DAYS TBILL 01 MAY 2026,8.99%,165.35,
45,tbl_0,,Axis Max Life Insurance Fund,DISCONTINUANCE FUND PENSION,364 DAYS TBILL 21 MAY 2026,5.97%,165.35,
45,tbl_0,,Axis Max Life Insurance Fund,DISCONTINUANCE FUND PENSION,364 DAYS TBILL 10 DEC 2026,5.80%,165.35,
45,tbl_0,,Axis Max Life Insurance Fund,DISCONTINUANCE FUND PENSION,364 DAYS TBILL 08 OCT 2026,5.27%,165.35,
45,tbl_0,,Axis Max Life Insurance Fund,DISCONTINUANCE FUND PENSION,364 DAYS TBILL 20 AUG 2026,4.13%,165.35,
45,tbl_0,,Axis Max Life Insurance Fund,DISCONTINUANCE FUND PENSION,364 DAYS TBILL 15 OCT 2026,4.09%,165.35,
45,tbl_0,,Axis Max Life Insurance Fund,DISCONTINUANCE FUND PENSION,364 DAYS TBILL 23 OCT 2026,1.75%,165.35,
45,tbl_0,,Axis Max Life Insurance Fund,DISCONTINUANCE FUND PENSION,TOP 10 BONDS IN THE FUND,,165.35,
45,tbl_0,,Axis Max Life Insurance Fund,DISCONTINUANCE FUND PENSION,Security Name,% of AUM,165.35,
45,tbl_0,,Axis Max Life Insurance Fund,DISCONTINUANCE FUND PENSION,NIL,NA,165.35,
45,tbl_0,,Axis Max Life Insurance Fund,DISCONTINUANCE FUND PENSION,FUND PROFILE,,165.35,
45,tbl_0,,Axis Max Life Insurance Fund,DISCONTINUANCE FUND PENSION,Modified Duration (Debt & Money Market Instruments),0.26,165.35,
45,tbl_0,,Axis Max Life Insurance Fund,DISCONTINUANCE FUND PENSION,Average Maturity (In Years),0.26,165.35,
45,tbl_0,,Axis Max Life Insurance Fund,DISCONTINUANCE FUND PENSION,Yield to Maturity,5.50%,165.35,
