Company Name,gstin,authStatus,stateCd,pan
Asian Paints Ltd,29AAACA3622K1ZR,Active,29,AAACA3622K
Asian Paints Ltd,33AAACA3622K1CD,Active,33,AAACA3622K
Asian Paints Ltd,23AAACA3622K1Z3,Active,23,AAACA3622K
Asian Paints Ltd,19AAACA3622K2ZR,Active,19,AAACA3622K
Asian Paints Ltd,16AAACA3622K1ZY,Active,16,AAACA3622K
Asian Paints Ltd,06AAACA3622K1ZZ,Active,6,AAACA3622K
Asian Paints Ltd,07AAACA3622K1ZX,Active,7,AAACA3622K
Asian Paints Ltd,24AAACA3622K2Z0,Active,24,AAACA3622K
Asian Paints Ltd,27AAACA3622K1ZV,Active,27,AAACA3622K
Asian Paints Ltd,37AAACA3622K1ZU,Active,37,AAACA3622K
Asian Paints Ltd,30AAACA3622K2Z7,Active,30,AAACA3622K
Asian Paints Ltd,29AAACA3622K1C2,Active,29,AAACA3622K
Asian Paints Ltd,29AAACA3622K2ZQ,Active,29,AAACA3622K
Asian Paints Ltd,20AAACA3622K1Z9,Active,20,AAACA3622K
Asian Paints Ltd,24AAACA3622K1Z1,Active,24,AAACA3622K
Asian Paints Ltd,05AAACA3622K1Z1,Active,5,AAACA3622K
Asian Paints Ltd,08AAACA3622K1C6,Active,8,AAACA3622K
Asian Paints Ltd,07AAACA3622K2ZW,Active,7,AAACA3622K
Asian Paints Ltd,09AAACA3622K1C4,Active,9,AAACA3622K
Asian Paints Ltd,09AAACA3622K1ZT,Active,9,AAACA3622K
Asian Paints Ltd,10AAACA3622K1ZA,Active,10,AAACA3622K
Asian Paints Ltd,01AAACA3622K1Z9,Active,1,AAACA3622K
Asian Paints Ltd,21AAACA3622K1CI,Active,21,AAACA3622K
Asian Paints Ltd,36AAACA3622K1C7,Active,36,AAACA3622K
Asian Paints Ltd,03AAACA3622K1CG,Active,3,AAACA3622K
Asian Paints Ltd,33AAACA3622K1Z2,Active,33,AAACA3622K
Asian Paints Ltd,33AAACA3622K2Z1,Active,33,AAACA3622K
Asian Paints Ltd,08AAACA3622K1ZV,Active,8,AAACA3622K
Asian Paints Ltd,36AAACA3622K1ZW,Active,36,AAACA3622K
Asian Paints Ltd,03AAACA3622K1Z5,Active,3,AAACA3622K
Asian Paints Ltd,18AAACA3622K1ZU,Active,18,AAACA3622K
Asian Paints Ltd,22AAACA3622K1Z5,Active,22,AAACA3622K
Asian Paints Ltd,27AAACA3622K3ZT,Active,27,AAACA3622K
Asian Paints Ltd,21AAACA3622K1Z7,Active,21,AAACA3622K
Asian Paints Ltd,32AAACA3622K1Z4,Active,32,AAACA3622K
Asian Paints Ltd,24AAACA3622K1CC,Active,24,AAACA3622K
Asian Paints Ltd,02AAACA3622K1Z7,Active,2,AAACA3622K
Asian Paints Ltd,19AAACA3622K1ZS,Active,19,AAACA3622K
Asian Paints Ltd,27AAACA3622K2ZU,Active,27,AAACA3622K
Asian Paints Ltd,09AAACA3622K2ZS,Active,9,AAACA3622K
Asian Paints Ltd,27AAACA3622K1C6,Active,27,AAACA3622K
Asian Paints Ltd,10AAACA3622K1CL,Active,10,AAACA3622K
Asian Paints Ltd,17AAACA3622K1ZW,Active,17,AAACA3622K
Asian Paints Ltd,30AAACA3622K1Z8,Active,30,AAACA3622K
Apollo Hospitals Enterprise Ltd,17AAACA5443N1ZJ,Active,17,AAACA5443N
Apollo Hospitals Enterprise Ltd,23AAACA5443N1ZQ,Active,23,AAACA5443N
Apollo Hospitals Enterprise Ltd,36AAACA5443N2ZI,Active,36,AAACA5443N
Apollo Hospitals Enterprise Ltd,22AAACA5443N2ZR,Active,22,AAACA5443N
Apollo Hospitals Enterprise Ltd,27AAACA5443N3ZG,Active,27,AAACA5443N
Apollo Hospitals Enterprise Ltd,07AAACA5443N2ZJ,Active,7,AAACA5443N
Apollo Hospitals Enterprise Ltd,21AAACA5443N2ZT,Active,21,AAACA5443N
Apollo Hospitals Enterprise Ltd,23AAACA5443N2ZP,Active,23,AAACA5443N
Apollo Hospitals Enterprise Ltd,22AAACA5443N3ZQ,Active,22,AAACA5443N
Apollo Hospitals Enterprise Ltd,07AAACA5443N3ZI,Active,7,AAACA5443N
Apollo Hospitals Enterprise Ltd,33AAACA5443N3ZN,Active,33,AAACA5443N
Apollo Hospitals Enterprise Ltd,36AAACA5443N4ZG,Active,36,AAACA5443N
Apollo Hospitals Enterprise Ltd,36AAACA5443N1ZJ,Active,36,AAACA5443N
Apollo Hospitals Enterprise Ltd,27AAACA5443N2ZH,Active,27,AAACA5443N
Apollo Hospitals Enterprise Ltd,36AAACA5443N3ZH,Active,36,AAACA5443N
Apollo Hospitals Enterprise Ltd,24AAACA5443N3ZM,Active,24,AAACA5443N
Apollo Hospitals Enterprise Ltd,33AAACA5443N5ZL,Active,33,AAACA5443N
Apollo Hospitals Enterprise Ltd,34AAACA5443N2ZM,Active,34,AAACA5443N
Apollo Hospitals Enterprise Ltd,19AAACA5443N1ZF,Active,19,AAACA5443N
Apollo Hospitals Enterprise Ltd,09AAACA5443N1ZG,Active,9,AAACA5443N
Apollo Hospitals Enterprise Ltd,29AAACA5443N6Z9,Active,29,AAACA5443N
Apollo Hospitals Enterprise Ltd,37AAACA5443N5ZD,Active,37,AAACA5443N
Apollo Hospitals Enterprise Ltd,37AAACA5443N1ZH,Active,37,AAACA5443N
Apollo Hospitals Enterprise Ltd,32AAACA5443N2ZQ,Active,32,AAACA5443N
Apollo Hospitals Enterprise Ltd,37AAACA5443N4ZE,Active,37,AAACA5443N
Apollo Hospitals Enterprise Ltd,21AAACA5443N3ZS,Active,21,AAACA5443N
Apollo Hospitals Enterprise Ltd,06AAACA5443N1ZM,Active,6,AAACA5443N
Apollo Hospitals Enterprise Ltd,33AAACA5443N4ZM,Active,33,AAACA5443N
Apollo Hospitals Enterprise Ltd,24AAACA5443N1ZO,Active,24,AAACA5443N
Apollo Hospitals Enterprise Ltd,24AAACA5443N2ZN,Active,24,AAACA5443N
Apollo Hospitals Enterprise Ltd,20AAACA5443N2ZV,Active,20,AAACA5443N
Apollo Hospitals Enterprise Ltd,07AAACA5443N1ZK,Active,7,AAACA5443N
Apollo Hospitals Enterprise Ltd,33AAACA5443N2ZO,Active,33,AAACA5443N
Apollo Hospitals Enterprise Ltd,37AAACA5443N3ZF,Active,37,AAACA5443N
Apollo Hospitals Enterprise Ltd,09AAACA5443N2ZF,Active,9,AAACA5443N
Apollo Hospitals Enterprise Ltd,29AAACA5443N5ZA,Active,29,AAACA5443N
Apollo Hospitals Enterprise Ltd,29AAACA5443N2ZD,Active,29,AAACA5443N
Apollo Hospitals Enterprise Ltd,20AAACA5443N3ZU,Active,20,AAACA5443N
Bharti Airtel Ltd,18AAACB2894G1ZM,Active,18,AAACB2894G
Bharti Airtel Ltd,17AAACB2894G1ZO,Active,17,AAACB2894G
Bharti Airtel Ltd,26AAACB2894G1ZP,Active,26,AAACB2894G
Bharti Airtel Ltd,33AAACB2894G1ZU,Active,33,AAACB2894G
Bharti Airtel Ltd,30AAACB2894G1Z0,Active,30,AAACB2894G
Bharti Airtel Ltd,23AAACB2894G2ZU,Active,23,AAACB2894G
Bharti Airtel Ltd,16AAACB2894G1ZQ,Active,16,AAACB2894G
Bharti Airtel Ltd,33AAACB2894G2ZT,Active,33,AAACB2894G
Bharti Airtel Ltd,23AAACB2894G5ZR,Active,23,AAACB2894G
Bharti Airtel Ltd,19AAACB2894G2ZJ,Active,19,AAACB2894G
Bharti Airtel Ltd,10AAACB2894G2Z1,Active,10,AAACB2894G
Bharti Airtel Ltd,11AAACB2894G1Z0,Active,11,AAACB2894G
Bharti Airtel Ltd,36AAACB2894G1ZO,Active,36,AAACB2894G
Bharti Airtel Ltd,07AAACB2894G2ZO,Active,7,AAACB2894G
Bharti Airtel Ltd,38AAACB2894G1ZK,Active,38,AAACB2894G
Bharti Airtel Ltd,03AAACB2894G2ZW,Active,3,AAACB2894G
Bharti Airtel Ltd,27AAACB2894G2ZM,Active,27,AAACB2894G
Bharti Airtel Ltd,09AAACB2894G2ZK,Active,9,AAACB2894G
Bharti Airtel Ltd,37AAACB2894G1ZM,Active,37,AAACB2894G
Bharti Airtel Ltd,08AAACB2894G1ZN,Active,8,AAACB2894G
Bharti Airtel Ltd,24AAACB2894G2ZS,Active,24,AAACB2894G
Bharti Airtel Ltd,23AAACB2894G4ZS,Active,23,AAACB2894G
Bharti Airtel Ltd,01AAACB2894G2Z0,Active,1,AAACB2894G
Bharti Airtel Ltd,01AAACB2894G1Z1,Active,1,AAACB2894G
Bharti Airtel Ltd,24AAACB2894G1ZT,Active,24,AAACB2894G
Bharti Airtel Ltd,06AAACB2894G3ZP,Active,6,AAACB2894G
Bharti Airtel Ltd,15AAACB2894G1ZS,Active,15,AAACB2894G
Bharti Airtel Ltd,27AAACB2894G1ZN,Active,27,AAACB2894G
Bharti Airtel Ltd,32AAACB2894G2ZV,Active,32,AAACB2894G
Bharti Airtel Ltd,22AAACB2894G1ZX,Active,22,AAACB2894G
Bharti Airtel Ltd,21AAACB2894G1ZZ,Active,21,AAACB2894G
Bharti Airtel Ltd,14AAACB2894G1ZU,Active,14,AAACB2894G
Bharti Airtel Ltd,12AAACB2894G1ZY,Active,12,AAACB2894G
Bharti Airtel Ltd,20AAACB2894G2Z0,Active,20,AAACB2894G
Bharti Airtel Ltd,05AAACB2894G1ZT,Active,5,AAACB2894G
Bharti Airtel Ltd,34AAACB2894G1ZS,Active,34,AAACB2894G
Bharti Airtel Ltd,06AAACB2894G1ZR,Active,6,AAACB2894G
Bharti Airtel Ltd,02AAACB2894G1ZZ,Active,2,AAACB2894G
Bharti Airtel Ltd,07AAACB2894G1ZP,Active,7,AAACB2894G
Bharti Airtel Ltd,35AAACB2894G1ZQ,Active,35,AAACB2894G
Bharti Airtel Ltd,03AAACB2894G1ZX,Active,3,AAACB2894G
Bharti Airtel Ltd,13AAACB2894G1ZW,Active,13,AAACB2894G
Bharti Airtel Ltd,36AAACB2894G2ZN,Active,36,AAACB2894G
Bharti Airtel Ltd,04AAACB2894G1ZV,Active,4,AAACB2894G
Bharti Airtel Ltd,31AAACB2894G1ZY,Active,31,AAACB2894G
Bharti Airtel Ltd,09AAACB2894G1ZL,Active,9,AAACB2894G
Bharti Airtel Ltd,19AAACB2894G1ZK,Active,19,AAACB2894G
Bharti Airtel Ltd,29AAACB2894G1ZJ,Active,29,AAACB2894G
Bharti Airtel Ltd,10AAACB2894G1Z2,Active,10,AAACB2894G
Bharti Airtel Ltd,32AAACB2894G1ZW,Active,32,AAACB2894G
Bharti Airtel Ltd,07AAACB2894G3ZN,Active,7,AAACB2894G
Bharat Electronics Ltd,11AAACB5985C1DB,Active,11,AAACB5985C
Bharat Electronics Ltd,04AAACB5985C1D6,Active,4,AAACB5985C
Bharat Electronics Ltd,18AAACB5985C1DX,Active,18,AAACB5985C
Bharat Electronics Ltd,05AAACB5985C1D4,Active,5,AAACB5985C
Bharat Electronics Ltd,23AAACB5985C1D6,Active,23,AAACB5985C
Bharat Electronics Ltd,32AAACB5985C1D7,Active,32,AAACB5985C
Bharat Electronics Ltd,15AAACB5985C1D3,Active,15,AAACB5985C
Bharat Electronics Ltd,02AAACB5985C1DA,Active,2,AAACB5985C
Bharat Electronics Ltd,35AAACB5985C1D1,Active,35,AAACB5985C
Bharat Electronics Ltd,14AAACB5985C1D5,Active,14,AAACB5985C
Bharat Electronics Ltd,36AAACB5985C1ZQ,Active,36,AAACB5985C
Bharat Electronics Ltd,08AAACB5985C1ZP,Active,8,AAACB5985C
Bharat Electronics Ltd,27AAACB5985C2DX,Active,27,AAACB5985C
Bharat Electronics Ltd,05AAACB5985C1ZV,Active,5,AAACB5985C
Bharat Electronics Ltd,20AAACB5985C1DC,Active,20,AAACB5985C
Bharat Electronics Ltd,01AAACB5985C1Z3,Active,1,AAACB5985C
Bharat Electronics Ltd,16AAACB5985C1ZS,Active,16,AAACB5985C
Bharat Electronics Ltd,06AAACB5985C1D2,Active,6,AAACB5985C
Bharat Electronics Ltd,13AAACB5985C1ZY,Active,13,AAACB5985C
Bharat Electronics Ltd,26AAACB5985C1D0,Active,26,AAACB5985C
Bharat Electronics Ltd,24AAACB5985C1ZV,Active,24,AAACB5985C
Bharat Electronics Ltd,30AAACB5985C1DB,Active,30,AAACB5985C
Bharat Electronics Ltd,35AAACB5985C1ZS,Active,35,AAACB5985C
Bharat Electronics Ltd,12AAACB5985C1Z0,Active,12,AAACB5985C
Bharat Electronics Ltd,08AAACB5985C1DY,Active,8,AAACB5985C
Bharat Electronics Ltd,27AAACB5985C1ZP,Active,27,AAACB5985C
Bharat Electronics Ltd,06AAACB5985C2ZS,Active,6,AAACB5985C
Bharat Electronics Ltd,15AAACB5985C1ZU,Active,15,AAACB5985C
Bharat Electronics Ltd,26AAACB5985C1ZR,Active,26,AAACB5985C
Bharat Electronics Ltd,29AAACB5985C1DU,Active,29,AAACB5985C
Bharat Electronics Ltd,21AAACB5985C1Z1,Active,21,AAACB5985C
Bharat Electronics Ltd,27AAACB5985C2ZO,Active,27,AAACB5985C
Bharat Electronics Ltd,01AAACB5985C1DC,Active,1,AAACB5985C
Bharat Electronics Ltd,20AAACB5985C1Z3,Active,20,AAACB5985C
Bharat Electronics Ltd,27AAACB5985C1DY,Active,27,AAACB5985C
Bharat Electronics Ltd,03AAACB5985C1D8,Active,3,AAACB5985C
Bharat Electronics Ltd,34AAACB5985C1D3,Active,34,AAACB5985C
Bharat Electronics Ltd,07AAACB5985C2ZQ,Active,7,AAACB5985C
Bharat Electronics Ltd,38AAACB5985C1ZM,Active,38,AAACB5985C
Bharat Electronics Ltd,02AAACB5985C1Z1,Active,2,AAACB5985C
Bharat Electronics Ltd,38AAACB5985C1DV,Active,38,AAACB5985C
Bharat Electronics Ltd,34AAACB5985C1ZU,Active,34,AAACB5985C
Bharat Electronics Ltd,04AAACB5985C1ZX,Active,4,AAACB5985C
Bharat Electronics Ltd,31AAACB5985C1Z0,Active,31,AAACB5985C
Bharat Electronics Ltd,31AAACB5985C1D9,Active,31,AAACB5985C
Bharat Electronics Ltd,10AAACB5985C1DD,Active,10,AAACB5985C
Bharat Electronics Ltd,21AAACB5985C1DA,Active,21,AAACB5985C
Bharat Electronics Ltd,30AAACB5985C1Z2,Active,30,AAACB5985C
Bharat Electronics Ltd,13AAACB5985C1D7,Active,13,AAACB5985C
Bharat Electronics Ltd,03AAACB5985C1ZZ,Active,3,AAACB5985C
Bharat Electronics Ltd,17AAACB5985C1DZ,Active,17,AAACB5985C
Bharat Electronics Ltd,37AAACB5985C1ZO,Active,37,AAACB5985C
Bharat Electronics Ltd,29AAACB5985C1ZL,Active,29,AAACB5985C
Bharat Electronics Ltd,14AAACB5985C1ZW,Active,14,AAACB5985C
Bharat Electronics Ltd,17AAACB5985C1ZQ,Active,17,AAACB5985C
Bharat Electronics Ltd,19AAACB5985C1ZM,Active,19,AAACB5985C
Bharat Electronics Ltd,10AAACB5985C1Z4,Active,10,AAACB5985C
Bharat Electronics Ltd,33AAACB5985C1ZW,Active,33,AAACB5985C
Bharat Electronics Ltd,24AAACB5985C1D4,Active,24,AAACB5985C
Bharat Electronics Ltd,16AAACB5985C1D1,Active,16,AAACB5985C
Bharat Electronics Ltd,23AAACB5985C2ZW,Active,23,AAACB5985C
Bharat Electronics Ltd,11AAACB5985C1Z2,Active,11,AAACB5985C
Bharat Electronics Ltd,09AAACB5985C1ZN,Active,9,AAACB5985C
Bharat Electronics Ltd,32AAACB5985C1ZY,Active,32,AAACB5985C
Bharat Electronics Ltd,18AAACB5985C1ZO,Active,18,AAACB5985C
Bharat Electronics Ltd,12AAACB5985C1D9,Active,12,AAACB5985C
Bharat Electronics Ltd,29AAACB5985C2ZK,Active,29,AAACB5985C
Cipla Ltd,37AAACC1450B1ZD,Active,37,AAACC1450B
Cipla Ltd,34AAACC1450B1ZJ,Active,34,AAACC1450B
Cipla Ltd,05AAACC1450B1ZK,Active,5,AAACC1450B
Cipla Ltd,11AAACC1450B2ZQ,Active,11,AAACC1450B
Cipla Ltd,29AAACC1450B1ZA,Active,29,AAACC1450B
Cipla Ltd,30AAACC1450B1ZR,Active,30,AAACC1450B
Cipla Ltd,09AAACC1450B1ZC,Active,9,AAACC1450B
Cipla Ltd,16AAACC1450B1ZH,Active,16,AAACC1450B
Cipla Ltd,04AAACC1450B1ZM,Active,4,AAACC1450B
Cipla Ltd,26AAACC1450B1ZG,Active,26,AAACC1450B
Cipla Ltd,36AAACC1450B1ZF,Active,36,AAACC1450B
Cipla Ltd,06AAACC1450B1ZI,Active,6,AAACC1450B
Cipla Ltd,24AAACC1450B1ZK,Active,24,AAACC1450B
Cipla Ltd,21AAACC1450B1ZQ,Active,21,AAACC1450B
Cipla Ltd,08AAACC1450B1ZE,Active,8,AAACC1450B
Cipla Ltd,07AAACC1450B1ZG,Active,7,AAACC1450B
Cipla Ltd,27AAACC1450B1ZE,Active,27,AAACC1450B
Cipla Ltd,03AAACC1450B2ZN,Active,3,AAACC1450B
Cipla Ltd,11AAACC1450B1ZR,Active,11,AAACC1450B
Cipla Ltd,32AAACC1450B1ZN,Active,32,AAACC1450B
Cipla Ltd,10AAACC1450B1ZT,Active,10,AAACC1450B
Cipla Ltd,20AAACC1450B1ZS,Active,20,AAACC1450B
Cipla Ltd,27AAACC1450B2ZD,Active,27,AAACC1450B
Cipla Ltd,23AAACC1450B1ZM,Active,23,AAACC1450B
Cipla Ltd,18AAACC1450B1ZD,Active,18,AAACC1450B
Cipla Ltd,01AAACC1450B1ZS,Active,1,AAACC1450B
Cipla Ltd,23AAACC1450B2ZL,Active,23,AAACC1450B
Cipla Ltd,33AAACC1450B2ZK,Active,33,AAACC1450B
Cipla Ltd,02AAACC1450B1ZQ,Active,2,AAACC1450B
Cipla Ltd,19AAACC1450B1ZB,Active,19,AAACC1450B
Dr Reddys Laboratories Ltd,32AAACD7999Q1ZT,Active,32,AAACD7999Q
Dr Reddys Laboratories Ltd,21AAACD7999Q1ZW,Active,21,AAACD7999Q
Dr Reddys Laboratories Ltd,29AAACD7999Q1ZG,Active,29,AAACD7999Q
Dr Reddys Laboratories Ltd,30AAACD7999Q3ZV,Active,30,AAACD7999Q
Dr Reddys Laboratories Ltd,37AAACD7999Q1ZJ,Active,37,AAACD7999Q
Dr Reddys Laboratories Ltd,09AAACD7999Q1ZI,Active,9,AAACD7999Q
Dr Reddys Laboratories Ltd,19AAACD7999Q1ZH,Active,19,AAACD7999Q
Dr Reddys Laboratories Ltd,27AAACD7999Q1ZK,Active,27,AAACD7999Q
Dr Reddys Laboratories Ltd,23AAACD7999Q1ZS,Active,23,AAACD7999Q
Dr Reddys Laboratories Ltd,05AAACD7999Q1ZQ,Active,5,AAACD7999Q
Dr Reddys Laboratories Ltd,36AAACD7999Q1ZL,Active,36,AAACD7999Q
Dr Reddys Laboratories Ltd,37AAACD7999Q2ZI,Active,37,AAACD7999Q
Dr Reddys Laboratories Ltd,03AAACD7999Q1ZU,Active,3,AAACD7999Q
Dr Reddys Laboratories Ltd,02AAACD7999Q1ZW,Active,2,AAACD7999Q
Dr Reddys Laboratories Ltd,33AAACD7999Q1ZR,Active,33,AAACD7999Q
Dr Reddys Laboratories Ltd,06AAACD7999Q1ZO,Active,6,AAACD7999Q
Dr Reddys Laboratories Ltd,22AAACD7999Q1ZU,Active,22,AAACD7999Q
Dr Reddys Laboratories Ltd,24AAACD7999Q1ZQ,Active,24,AAACD7999Q
Dr Reddys Laboratories Ltd,36AAACD7999Q2ZK,Active,36,AAACD7999Q
Dr Reddys Laboratories Ltd,10AAACD7999Q1ZZ,Active,10,AAACD7999Q
Dr Reddys Laboratories Ltd,26AAACD7999Q1ZM,Active,26,AAACD7999Q
Dr Reddys Laboratories Ltd,08AAACD7999Q1ZK,Active,8,AAACD7999Q
Dr Reddys Laboratories Ltd,18AAACD7999Q1ZJ,Active,18,AAACD7999Q
Dr Reddys Laboratories Ltd,07AAACD7999Q1ZM,Active,7,AAACD7999Q
Dr Reddys Laboratories Ltd,34AAACD7999Q2ZO,Active,34,AAACD7999Q
Eicher Motors Ltd,01AAACE3882D1Z6,Active,1,AAACE3882D
Eicher Motors Ltd,24AAACE3882D1C9,Active,24,AAACE3882D
Eicher Motors Ltd,38AAACE3882D1C0,Active,38,AAACE3882D
Eicher Motors Ltd,30AAACE3882D1Z5,Active,30,AAACE3882D
Eicher Motors Ltd,19AAACE3882D1C0,Active,19,AAACE3882D
Eicher Motors Ltd,36AAACE3882D1ZT,Active,36,AAACE3882D
Eicher Motors Ltd,27AAACE3882D1C3,Active,27,AAACE3882D
Eicher Motors Ltd,11AAACE3882D1CG,Active,11,AAACE3882D
Eicher Motors Ltd,05AAACE3882D1ZY,Active,5,AAACE3882D
Eicher Motors Ltd,06AAACE3882D1ZW,Active,6,AAACE3882D
Eicher Motors Ltd,03AAACE3882D1Z2,Active,3,AAACE3882D
Eicher Motors Ltd,08AAACE3882D1ZS,Active,8,AAACE3882D
Eicher Motors Ltd,37AAACE3882D1ZR,Active,37,AAACE3882D
Eicher Motors Ltd,21AAACE3882D1Z4,Active,21,AAACE3882D
Eicher Motors Ltd,18AAACE3882D2ZQ,Active,18,AAACE3882D
Eicher Motors Ltd,07AAACE3882D1ZU,Active,7,AAACE3882D
Eicher Motors Ltd,33AAACE3882D1CA,Active,33,AAACE3882D
Eicher Motors Ltd,04AAACE3882D1CB,Active,4,AAACE3882D
Eicher Motors Ltd,29AAACE3882D1CZ,Active,29,AAACE3882D
Eicher Motors Ltd,02AAACE3882D1CF,Active,2,AAACE3882D
Eicher Motors Ltd,30AAACE3882D1CG,Active,30,AAACE3882D
Eicher Motors Ltd,29AAACE3882D1ZO,Active,29,AAACE3882D
Eicher Motors Ltd,10AAACE3882D1Z7,Active,10,AAACE3882D
Eicher Motors Ltd,33AAACE3882D1ZZ,Active,33,AAACE3882D
Eicher Motors Ltd,27AAACE3882D1ZS,Active,27,AAACE3882D
Eicher Motors Ltd,08AAACE3882D1C3,Active,8,AAACE3882D
Eicher Motors Ltd,22AAACE3882D1Z2,Active,22,AAACE3882D
Eicher Motors Ltd,05AAACE3882D1C9,Active,5,AAACE3882D
Eicher Motors Ltd,32AAACE3882D1Z1,Active,32,AAACE3882D
Eicher Motors Ltd,20AAACE3882D1Z6,Active,20,AAACE3882D
Eicher Motors Ltd,19AAACE3882D1ZP,Active,19,AAACE3882D
Eicher Motors Ltd,33AAACE3882D2ZY,Active,33,AAACE3882D
Eicher Motors Ltd,06AAACE3882D2ZV,Active,6,AAACE3882D
Eicher Motors Ltd,09AAACE3882D1ZQ,Active,9,AAACE3882D
Eicher Motors Ltd,24AAACE3882D1ZY,Active,24,AAACE3882D
Eicher Motors Ltd,23AAACE3882D2ZZ,Active,23,AAACE3882D
Eicher Motors Ltd,32AAACE3882D1CC,Active,32,AAACE3882D
Grasim Industries Ltd,36AAACG4464B6ZU,Active,36,AAACG4464B
Grasim Industries Ltd,08AAACG4464B5ZU,Active,8,AAACG4464B
Grasim Industries Ltd,27AAACG4464B9ZQ,Active,27,AAACG4464B
Grasim Industries Ltd,20AAACG4464B5Z8,Active,20,AAACG4464B
Grasim Industries Ltd,27AAACG4464B1C9,Active,27,AAACG4464B
Grasim Industries Ltd,04AAACG4464B2Z5,Active,4,AAACG4464B
Grasim Industries Ltd,27AAACG4464B6ZT,Active,27,AAACG4464B
Grasim Industries Ltd,27AAACG4464BCZN,Active,27,AAACG4464B
Grasim Industries Ltd,06AAACG4464B4ZZ,Active,6,AAACG4464B
Grasim Industries Ltd,24AAACG4464B3Z2,Active,24,AAACG4464B
Grasim Industries Ltd,27AAACG4464B1ZY,Active,27,AAACG4464B
Grasim Industries Ltd,37AAACG4464B4ZU,Active,37,AAACG4464B
Grasim Industries Ltd,07AAACG4464B3ZY,Active,7,AAACG4464B
Grasim Industries Ltd,19AAACG4464B4ZS,Active,19,AAACG4464B
Grasim Industries Ltd,37AAACG4464B5ZT,Active,37,AAACG4464B
Grasim Industries Ltd,08AAACG4464B8ZR,Active,8,AAACG4464B
Grasim Industries Ltd,01AAACG4464B1ZC,Active,1,AAACG4464B
Grasim Industries Ltd,01AAACG4464B2ZB,Active,1,AAACG4464B
Grasim Industries Ltd,27AAACG4464B8ZR,Active,27,AAACG4464B
Grasim Industries Ltd,06AAACG4464B1CD,Active,6,AAACG4464B
Grasim Industries Ltd,23AAACG4464B1Z6,Active,23,AAACG4464B
Grasim Industries Ltd,22AAACG4464B3Z6,Active,22,AAACG4464B
Grasim Industries Ltd,32AAACG4464B1Z7,Active,32,AAACG4464B
Grasim Industries Ltd,33AAACG4464B4Z2,Active,33,AAACG4464B
Grasim Industries Ltd,03AAACG4464B7Z2,Active,3,AAACG4464B
Grasim Industries Ltd,07AAACG4464B4ZX,Active,7,AAACG4464B
Grasim Industries Ltd,24AAACG4464B2Z3,Active,24,AAACG4464B
Grasim Industries Ltd,23AAACG4464B7Z0,Active,23,AAACG4464B
Grasim Industries Ltd,23AAACG4464B9ZY,Active,23,AAACG4464B
Grasim Industries Ltd,24AAACG4464BAZV,Active,24,AAACG4464B
Grasim Industries Ltd,29AAACG4464BAZL,Active,29,AAACG4464B
Grasim Industries Ltd,20AAACG4464B6Z7,Active,20,AAACG4464B
Grasim Industries Ltd,16AAACG4464B2Z0,Active,16,AAACG4464B
Grasim Industries Ltd,29AAACG4464B1ZU,Active,29,AAACG4464B
Grasim Industries Ltd,20AAACG4464B2ZB,Active,20,AAACG4464B
Grasim Industries Ltd,33AAACG4464B9ZX,Active,33,AAACG4464B
Grasim Industries Ltd,10AAACG4464B2ZC,Active,10,AAACG4464B
Grasim Industries Ltd,36AAACG4464B7ZT,Active,36,AAACG4464B
Grasim Industries Ltd,24AAACG4464BDZS,Active,24,AAACG4464B
Grasim Industries Ltd,09AAACG4464BBZM,Active,9,AAACG4464B
Grasim Industries Ltd,08AAACG4464B1C9,Active,8,AAACG4464B
Grasim Industries Ltd,27AAACG4464BBZO,Active,27,AAACG4464B
Grasim Industries Ltd,36AAACG4464B5ZV,Active,36,AAACG4464B
Grasim Industries Ltd,08AAACG4464B6ZT,Active,8,AAACG4464B
Grasim Industries Ltd,24AAACG4464B9ZW,Active,24,AAACG4464B
Grasim Industries Ltd,29AAACG4464B1D3,Active,29,AAACG4464B
Grasim Industries Ltd,33AAACG4464B1Z5,Active,33,AAACG4464B
Grasim Industries Ltd,21AAACG4464B3Z8,Active,21,AAACG4464B
Grasim Industries Ltd,18AAACG4464B1ZX,Active,18,AAACG4464B
Grasim Industries Ltd,34AAACG4464B2Z2,Active,34,AAACG4464B
Grasim Industries Ltd,08AAACG4464B2ZX,Active,8,AAACG4464B
Grasim Industries Ltd,10AAACG4464B3ZB,Active,10,AAACG4464B
Grasim Industries Ltd,05AAACG4464B5Z0,Active,5,AAACG4464B
Grasim Industries Ltd,32AAACG4464B2Z6,Active,32,AAACG4464B
Grasim Industries Ltd,19AAACG4464B1C6,Active,19,AAACG4464B
Grasim Industries Ltd,27AAACG4464BDZM,Active,27,AAACG4464B
Grasim Industries Ltd,21AAACG4464B1ZA,Active,21,AAACG4464B
Grasim Industries Ltd,07AAACG4464B1CB,Active,7,AAACG4464B
Grasim Industries Ltd,27AAACG4464B2ZX,Active,27,AAACG4464B
Grasim Industries Ltd,03AAACG4464B5Z4,Active,3,AAACG4464B
Grasim Industries Ltd,29AAACG4464B4ZR,Active,29,AAACG4464B
Grasim Industries Ltd,29AAACG4464B5ZQ,Active,29,AAACG4464B
Grasim Industries Ltd,24AAACG4464BBZU,Active,24,AAACG4464B
Grasim Industries Ltd,02AAACG4464B2Z9,Active,2,AAACG4464B
Grasim Industries Ltd,33AAACG4464B7ZZ,Active,33,AAACG4464B
Grasim Industries Ltd,03AAACG4464B3Z6,Active,3,AAACG4464B
Grasim Industries Ltd,29AAACG4464B9ZM,Active,29,AAACG4464B
Grasim Industries Ltd,21AAACG4464B5Z6,Active,21,AAACG4464B
Grasim Industries Ltd,05AAACG4464B3Z2,Active,5,AAACG4464B
Grasim Industries Ltd,06AAACG4464B3Z0,Active,6,AAACG4464B
Grasim Industries Ltd,24AAACG4464B7ZY,Active,24,AAACG4464B
Grasim Industries Ltd,09AAACG4464BAZN,Active,9,AAACG4464B
Grasim Industries Ltd,27AAACG4464BEZL,Active,27,AAACG4464B
Grasim Industries Ltd,02AAACG4464B3Z8,Active,2,AAACG4464B
Grasim Industries Ltd,09AAACG4464B9ZO,Active,9,AAACG4464B
Grasim Industries Ltd,19AAACG4464B8ZO,Active,19,AAACG4464B
Grasim Industries Ltd,30AAACG4464B3Z9,Active,30,AAACG4464B
Grasim Industries Ltd,06AAACG4464B5ZY,Active,6,AAACG4464B
Grasim Industries Ltd,09AAACG4464B4ZT,Active,9,AAACG4464B
Grasim Industries Ltd,30AAACG4464B4Z8,Active,30,AAACG4464B
Grasim Industries Ltd,24AAACG4464B5Z0,Active,24,AAACG4464B
Grasim Industries Ltd,36AAACG4464B1CA,Active,36,AAACG4464B
Grasim Industries Ltd,33AAACG4464B8ZY,Active,33,AAACG4464B
Grasim Industries Ltd,07AAACG4464B7ZU,Active,7,AAACG4464B
Grasim Industries Ltd,29AAACG4464B7ZO,Active,29,AAACG4464B
Grasim Industries Ltd,29AAACG4464B3ZS,Active,29,AAACG4464B
Grasim Industries Ltd,18AAACG4464B2ZW,Active,18,AAACG4464B
Grasim Industries Ltd,27AAACG4464B5ZU,Active,27,AAACG4464B
Grasim Industries Ltd,05AAACG4464B4Z1,Active,5,AAACG4464B
Grasim Industries Ltd,19AAACG4464B3ZT,Active,19,AAACG4464B
Grasim Industries Ltd,24AAACG4464BFZQ,Active,24,AAACG4464B
Grasim Industries Ltd,19AAACG4464B7ZP,Active,19,AAACG4464B
Grasim Industries Ltd,24AAACG4464BEZR,Active,24,AAACG4464B
Grasim Industries Ltd,30AAACG4464B5Z7,Active,30,AAACG4464B
Grasim Industries Ltd,09AAACG4464B1C7,Active,9,AAACG4464B
Grasim Industries Ltd,24AAACG4464BCZT,Active,24,AAACG4464B
Grasim Industries Ltd,22AAACG4464B2Z7,Active,22,AAACG4464B
Grasim Industries Ltd,32AAACG4464B3Z5,Active,32,AAACG4464B
Grasim Industries Ltd,09AAACG4464B3ZU,Active,9,AAACG4464B
Grasim Industries Ltd,07AAACG4464B5ZW,Active,7,AAACG4464B
Grasim Industries Ltd,24AAACG4464B1CF,Active,24,AAACG4464B
Grasim Industries Ltd,23AAACG4464B5Z2,Active,23,AAACG4464B
Grasim Industries Ltd,23AAACG4464BAZX,Active,23,AAACG4464B
Grasim Industries Ltd,03AAACG4464B8Z1,Active,3,AAACG4464B
Grasim Industries Ltd,29AAACG4464B1C5,Active,29,AAACG4464B
Grasim Industries Ltd,27AAACG4464B3ZW,Active,27,AAACG4464B
Adani Ports And Special Economic Zone Ltd,19AAACG7917K1Z8,Active,19,AAACG7917K
Adani Ports And Special Economic Zone Ltd,29AAACG7917K2Z6,Active,29,AAACG7917K
Adani Ports And Special Economic Zone Ltd,24AAACG7917K3ZF,Active,24,AAACG7917K
Adani Ports And Special Economic Zone Ltd,24AAACG7917K2ZG,Active,24,AAACG7917K
Adani Ports And Special Economic Zone Ltd,27AAACG7917K1ZB,Active,27,AAACG7917K
Adani Ports And Special Economic Zone Ltd,21AAACG7917K1ZN,Active,21,AAACG7917K
Adani Ports And Special Economic Zone Ltd,37AAACG7917K3Z8,Active,37,AAACG7917K
Adani Ports And Special Economic Zone Ltd,32AAACG7917K1ZK,Active,32,AAACG7917K
Adani Ports And Special Economic Zone Ltd,24AAACG7917K1ZH,Active,24,AAACG7917K
Adani Ports And Special Economic Zone Ltd,27AAACG7917K2ZA,Active,27,AAACG7917K
HCL Technologies Ltd,29AAACH1645P1Z7,Active,29,AAACH1645P
HCL Technologies Ltd,33AAACH1645P2ZH,Active,33,AAACH1645P
HCL Technologies Ltd,10AAACH1645P2ZP,Active,10,AAACH1645P
HCL Technologies Ltd,33AAACH1645P3ZG,Active,33,AAACH1645P
HCL Technologies Ltd,29AAACH1645P2Z6,Active,29,AAACH1645P
HCL Technologies Ltd,27AAACH1645P3Z9,Active,27,AAACH1645P
HCL Technologies Ltd,37AAACH1645P3Z8,Active,37,AAACH1645P
HCL Technologies Ltd,37AAACH1645P5Z6,Active,37,AAACH1645P
HCL Technologies Ltd,06AAACH1645P2ZE,Active,6,AAACH1645P
HCL Technologies Ltd,07AAACH1645P1ZD,Active,7,AAACH1645P
HCL Technologies Ltd,37AAACH1645P4Z7,Active,37,AAACH1645P
HCL Technologies Ltd,36AAACH1645P2ZB,Active,36,AAACH1645P
HCL Technologies Ltd,09AAACH1645P1Z9,Active,9,AAACH1645P
HCL Technologies Ltd,04AAACH1645P1ZJ,Active,4,AAACH1645P
HCL Technologies Ltd,06AAACH1645P1ZF,Active,6,AAACH1645P
HCL Technologies Ltd,08AAACH1645P1ZB,Active,8,AAACH1645P
HCL Technologies Ltd,27AAACH1645P1ZB,Active,27,AAACH1645P
HCL Technologies Ltd,32AAACH1645P2ZJ,Active,32,AAACH1645P
HCL Technologies Ltd,27AAACH1645P2ZA,Active,27,AAACH1645P
HCL Technologies Ltd,24AAACH1645P2ZG,Active,24,AAACH1645P
HCL Technologies Ltd,09AAACH1645P3Z7,Active,9,AAACH1645P
HCL Technologies Ltd,29AAACH1645P3Z5,Active,29,AAACH1645P
HCL Technologies Ltd,09AAACH1645P4Z6,Active,9,AAACH1645P
HCL Technologies Ltd,03AAACH1645P1ZL,Active,3,AAACH1645P
HCL Technologies Ltd,19AAACH1645P1Z8,Active,19,AAACH1645P
HCL Technologies Ltd,09AAACH1645P2Z8,Active,9,AAACH1645P
HCL Technologies Ltd,36AAACH1645P1ZC,Active,36,AAACH1645P
HCL Technologies Ltd,01AAACH1645P1ZP,Active,1,AAACH1645P
HCL Technologies Ltd,33AAACH1645P1ZI,Active,33,AAACH1645P
HCL Technologies Ltd,24AAACH1645P3ZF,Active,24,AAACH1645P
HDFC Bank Ltd,18AAACH2702H1ZZ,Active,18,AAACH2702H
HDFC Bank Ltd,35AAACH2702H3Z1,Active,35,AAACH2702H
HDFC Bank Ltd,14AAACH2702H3Z5,Active,14,AAACH2702H
HDFC Bank Ltd,27AAACH2702H1Z0,Active,27,AAACH2702H
HDFC Bank Ltd,11AAACH2702H1ZD,Active,11,AAACH2702H
HDFC Bank Ltd,27AAACH2702H3ZY,Active,27,AAACH2702H
HDFC Bank Ltd,05AAACH2702H2Z5,Active,5,AAACH2702H
HDFC Bank Ltd,20AAACH2702H1ZE,Active,20,AAACH2702H
HDFC Bank Ltd,30AAACH2702H1ZD,Active,30,AAACH2702H
HDFC Bank Ltd,32AAACH2702H2Z8,Active,32,AAACH2702H
HDFC Bank Ltd,01AAACH2702H2ZD,Active,1,AAACH2702H
HDFC Bank Ltd,36AAACH2702H5ZX,Active,36,AAACH2702H
HDFC Bank Ltd,09AAACH2702H1ZY,Active,9,AAACH2702H
HDFC Bank Ltd,22AAACH2702H4Z7,Active,22,AAACH2702H
HDFC Bank Ltd,11AAACH2702H2ZC,Active,11,AAACH2702H
HDFC Bank Ltd,08AAACH2702H3ZY,Active,8,AAACH2702H
HDFC Bank Ltd,04AAACH2702H4Z5,Active,4,AAACH2702H
HDFC Bank Ltd,07AAACH2702H4ZZ,Active,7,AAACH2702H
HDFC Bank Ltd,04AAACH2702H3Z6,Active,4,AAACH2702H
HDFC Bank Ltd,23AAACH2702H3Z6,Active,23,AAACH2702H
HDFC Bank Ltd,01AAACH2702H3ZC,Active,1,AAACH2702H
HDFC Bank Ltd,29AAACH2702H1ZW,Active,29,AAACH2702H
HDFC Bank Ltd,36AAACH2702H4ZY,Active,36,AAACH2702H
HDFC Bank Ltd,14AAACH2702H1Z7,Active,14,AAACH2702H
HDFC Bank Ltd,35AAACH2702H1Z3,Active,35,AAACH2702H
HDFC Bank Ltd,08AAACH2702H2ZZ,Active,8,AAACH2702H
HDFC Bank Ltd,18AAACH2702H4ZW,Active,18,AAACH2702H
HDFC Bank Ltd,37AAACH2702H3ZX,Active,37,AAACH2702H
HDFC Bank Ltd,29AAACH2702H4ZT,Active,29,AAACH2702H
HDFC Bank Ltd,13AAACH2702H2Z8,Active,13,AAACH2702H
HDFC Bank Ltd,24AAACH2702H4Z3,Active,24,AAACH2702H
HDFC Bank Ltd,13AAACH2702H1Z9,Active,13,AAACH2702H
HDFC Bank Ltd,23AAACH2702H1Z8,Active,23,AAACH2702H
HDFC Bank Ltd,36AAACH2702H1Z1,Active,36,AAACH2702H
HDFC Bank Ltd,12AAACH2702H1ZB,Active,12,AAACH2702H
HDFC Bank Ltd,07AAACH2702H2Z1,Active,7,AAACH2702H
HDFC Bank Ltd,35AAACH2702H2Z2,Active,35,AAACH2702H
HDFC Bank Ltd,22AAACH2702H3Z8,Active,22,AAACH2702H
HDFC Bank Ltd,10AAACH2702H2ZE,Active,10,AAACH2702H
HDFC Bank Ltd,23AAACH2702H4Z5,Active,23,AAACH2702H
HDFC Bank Ltd,07AAACH2702H3Z0,Active,7,AAACH2702H
HDFC Bank Ltd,32AAACH2702H4Z6,Active,32,AAACH2702H
HDFC Bank Ltd,33AAACH2702H1Z7,Active,33,AAACH2702H
HDFC Bank Ltd,04AAACH2702H1Z8,Active,4,AAACH2702H
HDFC Bank Ltd,05AAACH2702H1Z6,Active,5,AAACH2702H
HDFC Bank Ltd,34AAACH2702H1Z5,Active,34,AAACH2702H
HDFC Bank Ltd,03AAACH2702H3Z8,Active,3,AAACH2702H
HDFC Bank Ltd,37AAACH2702H2ZY,Active,37,AAACH2702H
HDFC Bank Ltd,03AAACH2702H2Z9,Active,3,AAACH2702H
HDFC Bank Ltd,15AAACH2702H1Z5,Active,15,AAACH2702H
HDFC Bank Ltd,19AAACH2702H4ZU,Active,19,AAACH2702H
HDFC Bank Ltd,23AAACH2702H2Z7,Active,23,AAACH2702H
HDFC Bank Ltd,15AAACH2702H3Z3,Active,15,AAACH2702H
HDFC Bank Ltd,24AAACH2702H1Z6,Active,24,AAACH2702H
HDFC Bank Ltd,03AAACH2702H4Z7,Active,3,AAACH2702H
HDFC Bank Ltd,09AAACH2702H3ZW,Active,9,AAACH2702H
HDFC Bank Ltd,27AAACH2702H4ZX,Active,27,AAACH2702H
HDFC Bank Ltd,09AAACH2702H4ZV,Active,9,AAACH2702H
HDFC Bank Ltd,19AAACH2702H3ZV,Active,19,AAACH2702H
HDFC Bank Ltd,24AAACH2702H5Z2,Active,24,AAACH2702H
HDFC Bank Ltd,27AAACH2702H5ZW,Active,27,AAACH2702H
HDFC Bank Ltd,06AAACH2702H1Z4,Active,6,AAACH2702H
HDFC Bank Ltd,21AAACH2702H4Z9,Active,21,AAACH2702H
HDFC Bank Ltd,15AAACH2702H2Z4,Active,15,AAACH2702H
HDFC Bank Ltd,27AAACH2702H6ZV,Active,27,AAACH2702H
HDFC Bank Ltd,21AAACH2702H3ZA,Active,21,AAACH2702H
HDFC Bank Ltd,34AAACH2702H2Z4,Active,34,AAACH2702H
HDFC Bank Ltd,06AAACH2702H3Z2,Active,6,AAACH2702H
HDFC Bank Ltd,22AAACH2702H1ZA,Active,22,AAACH2702H
HDFC Bank Ltd,21AAACH2702H1ZC,Active,21,AAACH2702H
HDFC Bank Ltd,17AAACH2702H2Z0,Active,17,AAACH2702H
HDFC Bank Ltd,11AAACH2702H3ZB,Active,11,AAACH2702H
HDFC Bank Ltd,24AAACH2702H2Z5,Active,24,AAACH2702H
HDFC Bank Ltd,34AAACH2702H3Z3,Active,34,AAACH2702H
HDFC Bank Ltd,24AAACH2702H3Z4,Active,24,AAACH2702H
HDFC Bank Ltd,01AAACH2702H4ZB,Active,1,AAACH2702H
HDFC Bank Ltd,26AAACH2702H3Z0,Active,26,AAACH2702H
HDFC Bank Ltd,12AAACH2702H2ZA,Active,12,AAACH2702H
HDFC Bank Ltd,17AAACH2702H3ZZ,Active,17,AAACH2702H
HDFC Bank Ltd,37AAACH2702H1ZZ,Active,37,AAACH2702H
HDFC Bank Ltd,19AAACH2702H1ZX,Active,19,AAACH2702H
HDFC Bank Ltd,27AAACH2702H2ZZ,Active,27,AAACH2702H
HDFC Bank Ltd,06AAACH2702H2Z3,Active,6,AAACH2702H
HDFC Bank Ltd,07AAACH2702H1Z2,Active,7,AAACH2702H
HDFC Bank Ltd,02AAACH2702H2ZB,Active,2,AAACH2702H
HDFC Bank Ltd,17AAACH2702H1Z1,Active,17,AAACH2702H
HDFC Bank Ltd,38AAACH2702H2ZW,Active,38,AAACH2702H
HDFC Bank Ltd,33AAACH2702H4Z4,Active,33,AAACH2702H
HDFC Bank Ltd,16AAACH2702H1Z3,Active,16,AAACH2702H
HDFC Bank Ltd,37AAACH2702H4ZW,Active,37,AAACH2702H
HDFC Bank Ltd,10AAACH2702H3ZD,Active,10,AAACH2702H
HDFC Bank Ltd,29AAACH2702H2ZV,Active,29,AAACH2702H
HDFC Bank Ltd,12AAACH2702H3Z9,Active,12,AAACH2702H
HDFC Bank Ltd,13AAACH2702H3Z7,Active,13,AAACH2702H
HDFC Bank Ltd,21AAACH2702H2ZB,Active,21,AAACH2702H
HDFC Bank Ltd,32AAACH2702H3Z7,Active,32,AAACH2702H
HDFC Bank Ltd,02AAACH2702H3ZA,Active,2,AAACH2702H
HDFC Bank Ltd,33AAACH2702H5Z3,Active,33,AAACH2702H
HDFC Bank Ltd,20AAACH2702H2ZD,Active,20,AAACH2702H
HDFC Bank Ltd,20AAACH2702H3ZC,Active,20,AAACH2702H
HDFC Bank Ltd,30AAACH2702H2ZC,Active,30,AAACH2702H
HDFC Bank Ltd,08AAACH2702H1Z0,Active,8,AAACH2702H
HDFC Bank Ltd,14AAACH2702H2Z6,Active,14,AAACH2702H
HDFC Bank Ltd,10AAACH2702H1ZF,Active,10,AAACH2702H
HDFC Bank Ltd,09AAACH2702H2ZX,Active,9,AAACH2702H
HDFC Bank Ltd,31AAACH2702H1ZB,Active,31,AAACH2702H
HDFC Bank Ltd,09AAACH2702H5ZU,Active,9,AAACH2702H
HDFC Bank Ltd,36AAACH2702H3ZZ,Active,36,AAACH2702H
HDFC Bank Ltd,05AAACH2702H3Z4,Active,5,AAACH2702H
HDFC Bank Ltd,33AAACH2702H3Z5,Active,33,AAACH2702H
HDFC Bank Ltd,16AAACH2702H2Z2,Active,16,AAACH2702H
HDFC Bank Ltd,33AAACH2702H2Z6,Active,33,AAACH2702H
HDFC Bank Ltd,29AAACH2702H3ZU,Active,29,AAACH2702H
HDFC Bank Ltd,26AAACH2702H1Z2,Active,26,AAACH2702H
HDFC Bank Ltd,38AAACH2702H1ZX,Active,38,AAACH2702H
HDFC Bank Ltd,02AAACH2702H1ZC,Active,2,AAACH2702H
HDFC Bank Ltd,03AAACH2702H1ZA,Active,3,AAACH2702H
HDFC Bank Ltd,16AAACH2702H3Z1,Active,16,AAACH2702H
HDFC Bank Ltd,22AAACH2702H2Z9,Active,22,AAACH2702H
HDFC Bank Ltd,06AAACH2702H4Z1,Active,6,AAACH2702H
HDFC Bank Ltd,34AAACH2702H4Z2,Active,34,AAACH2702H
HDFC Bank Ltd,30AAACH2702H3ZB,Active,30,AAACH2702H
HDFC Bank Ltd,10AAACH2702H4ZC,Active,10,AAACH2702H
HDFC Bank Ltd,08AAACH2702H4ZX,Active,8,AAACH2702H
HDFC Bank Ltd,32AAACH2702H1Z9,Active,32,AAACH2702H
HDFC Bank Ltd,04AAACH2702H5Z4,Active,4,AAACH2702H
HDFC Bank Ltd,18AAACH2702H3ZX,Active,18,AAACH2702H
HDFC Bank Ltd,26AAACH2702H2Z1,Active,26,AAACH2702H
HDFC Bank Ltd,19AAACH2702H2ZW,Active,19,AAACH2702H
HDFC Life Insurance Company Ltd,21AAACH8755L1ZE,Active,21,AAACH8755L
HDFC Life Insurance Company Ltd,18AAACH8755L1Z1,Active,18,AAACH8755L
HDFC Life Insurance Company Ltd,26AAACH8755L2Z3,Active,26,AAACH8755L
HDFC Life Insurance Company Ltd,27AAACH8755L2Z1,Active,27,AAACH8755L
HDFC Life Insurance Company Ltd,36AAACH8755L1Z3,Active,36,AAACH8755L
HDFC Life Insurance Company Ltd,13AAACH8755L1ZB,Active,13,AAACH8755L
HDFC Life Insurance Company Ltd,19AAACH8755L1ZZ,Active,19,AAACH8755L
HDFC Life Insurance Company Ltd,30AAACH8755L1ZF,Active,30,AAACH8755L
HDFC Life Insurance Company Ltd,02AAACH8755L1ZE,Active,2,AAACH8755L
HDFC Life Insurance Company Ltd,01AAACH8755L1ZG,Active,1,AAACH8755L
HDFC Life Insurance Company Ltd,05AAACH8755L1Z8,Active,5,AAACH8755L
HDFC Life Insurance Company Ltd,15AAACH8755L1Z7,Active,15,AAACH8755L
HDFC Life Insurance Company Ltd,34AAACH8755L1Z7,Active,34,AAACH8755L
HDFC Life Insurance Company Ltd,07AAACH8755L1Z4,Active,7,AAACH8755L
HDFC Life Insurance Company Ltd,03AAACH8755L1ZC,Active,3,AAACH8755L
HDFC Life Insurance Company Ltd,10AAACH8755L2ZG,Active,10,AAACH8755L
HDFC Life Insurance Company Ltd,20AAACH8755L1ZG,Active,20,AAACH8755L
HDFC Life Insurance Company Ltd,29AAACH8755L1ZY,Active,29,AAACH8755L
HDFC Life Insurance Company Ltd,22AAACH8755L1ZC,Active,22,AAACH8755L
HDFC Life Insurance Company Ltd,24AAACH8755L1Z8,Active,24,AAACH8755L
HDFC Life Insurance Company Ltd,23AAACH8755L1ZA,Active,23,AAACH8755L
HDFC Life Insurance Company Ltd,17AAACH8755L1Z3,Active,17,AAACH8755L
HDFC Life Insurance Company Ltd,37AAACH8755L1Z1,Active,37,AAACH8755L
HDFC Life Insurance Company Ltd,06AAACH8755L1Z6,Active,6,AAACH8755L
HDFC Life Insurance Company Ltd,33AAACH8755L1Z9,Active,33,AAACH8755L
HDFC Life Insurance Company Ltd,32AAACH8755L1ZB,Active,32,AAACH8755L
HDFC Life Insurance Company Ltd,16AAACH8755L1Z5,Active,16,AAACH8755L
HDFC Life Insurance Company Ltd,11AAACH8755L1ZF,Active,11,AAACH8755L
HDFC Life Insurance Company Ltd,09AAACH8755L1Z0,Active,9,AAACH8755L
HDFC Life Insurance Company Ltd,27AAACH8755L1Z2,Active,27,AAACH8755L
HDFC Life Insurance Company Ltd,08AAACH8755L1Z2,Active,8,AAACH8755L
HDFC Life Insurance Company Ltd,14AAACH8755L1Z9,Active,14,AAACH8755L
HDFC Life Insurance Company Ltd,04AAACH8755L1ZA,Active,4,AAACH8755L
ICICI Bank Ltd,06AAACI1195H1ZQ,Active,6,AAACI1195H
ICICI Bank Ltd,22AAACI1195H1ZW,Active,22,AAACI1195H
ICICI Bank Ltd,18AAACI1195H4ZI,Active,18,AAACI1195H
ICICI Bank Ltd,37AAACI1195H3ZJ,Active,37,AAACI1195H
ICICI Bank Ltd,33AAACI1195H1ZT,Active,33,AAACI1195H
ICICI Bank Ltd,19AAACI1195H2ZI,Active,19,AAACI1195H
ICICI Bank Ltd,33AAACI1195H2ZS,Active,33,AAACI1195H
ICICI Bank Ltd,37AAACI1195H1ZL,Active,37,AAACI1195H
ICICI Bank Ltd,10AAACI1195H2Z0,Active,10,AAACI1195H
ICICI Bank Ltd,38AAACI1195H1ZJ,Active,38,AAACI1195H
ICICI Bank Ltd,27AAACI1195H2ZL,Active,27,AAACI1195H
ICICI Bank Ltd,09AAACI1195H1ZK,Active,9,AAACI1195H
ICICI Bank Ltd,35AAACI1195H1ZP,Active,35,AAACI1195H
ICICI Bank Ltd,05AAACI1195H1ZS,Active,5,AAACI1195H
ICICI Bank Ltd,23AAACI1195H1ZU,Active,23,AAACI1195H
ICICI Bank Ltd,03AAACI1195H1ZW,Active,3,AAACI1195H
ICICI Bank Ltd,29AAACI1195H1ZI,Active,29,AAACI1195H
ICICI Bank Ltd,02AAACI1195H1ZY,Active,2,AAACI1195H
ICICI Bank Ltd,09AAACI1195H2ZJ,Active,9,AAACI1195H
ICICI Bank Ltd,24AAACI1195H1ZS,Active,24,AAACI1195H
ICICI Bank Ltd,20AAACI1195H1Z0,Active,20,AAACI1195H
ICICI Bank Ltd,21AAACI1195H1ZY,Active,21,AAACI1195H
ICICI Bank Ltd,32AAACI1195H1ZV,Active,32,AAACI1195H
ICICI Bank Ltd,01AAACI1195H2ZZ,Active,1,AAACI1195H
ICICI Bank Ltd,27AAACI1195H5ZI,Active,27,AAACI1195H
ICICI Bank Ltd,04AAACI1195H1ZU,Active,4,AAACI1195H
ICICI Bank Ltd,24AAACI1195H3ZQ,Active,24,AAACI1195H
ICICI Bank Ltd,26AAACI1195H1ZO,Active,26,AAACI1195H
ICICI Bank Ltd,23AAACI1195H2ZT,Active,23,AAACI1195H
ICICI Bank Ltd,29AAACI1195H2ZH,Active,29,AAACI1195H
ICICI Bank Ltd,16AAACI1195H1ZP,Active,16,AAACI1195H
ICICI Bank Ltd,18AAACI1195H1ZL,Active,18,AAACI1195H
ICICI Bank Ltd,32AAACI1195H2ZU,Active,32,AAACI1195H
ICICI Bank Ltd,36AAACI1195H2ZM,Active,36,AAACI1195H
ICICI Bank Ltd,15AAACI1195H1ZR,Active,15,AAACI1195H
ICICI Bank Ltd,19AAACI1195H1ZJ,Active,19,AAACI1195H
ICICI Bank Ltd,34AAACI1195H1ZR,Active,34,AAACI1195H
ICICI Bank Ltd,04AAACI1195H3ZS,Active,4,AAACI1195H
ICICI Bank Ltd,12AAACI1195H1ZX,Active,12,AAACI1195H
ICICI Bank Ltd,27AAACI1195H3ZK,Active,27,AAACI1195H
ICICI Bank Ltd,10AAACI1195H1Z1,Active,10,AAACI1195H
ICICI Bank Ltd,13AAACI1195H1ZV,Active,13,AAACI1195H
ICICI Bank Ltd,14AAACI1195H1ZT,Active,14,AAACI1195H
ICICI Bank Ltd,21AAACI1195H2ZX,Active,21,AAACI1195H
ICICI Bank Ltd,17AAACI1195H1ZN,Active,17,AAACI1195H
ICICI Bank Ltd,36AAACI1195H1ZN,Active,36,AAACI1195H
ICICI Bank Ltd,24AAACI1195H4ZP,Active,24,AAACI1195H
ICICI Bank Ltd,27AAACI1195H6ZH,Active,27,AAACI1195H
ICICI Bank Ltd,30AAACI1195H1ZZ,Active,30,AAACI1195H
ICICI Bank Ltd,07AAACI1195H2ZN,Active,7,AAACI1195H
ICICI Bank Ltd,27AAACI1195H4ZJ,Active,27,AAACI1195H
ICICI Bank Ltd,03AAACI1195H2ZV,Active,3,AAACI1195H
ICICI Bank Ltd,08AAACI1195H1ZM,Active,8,AAACI1195H
ICICI Bank Ltd,34AAACI1195H2ZQ,Active,34,AAACI1195H
ICICI Bank Ltd,27AAACI1195H1ZM,Active,27,AAACI1195H
ICICI Bank Ltd,06AAACI1195H2ZP,Active,6,AAACI1195H
ICICI Bank Ltd,08AAACI1195H2ZL,Active,8,AAACI1195H
ICICI Bank Ltd,07AAACI1195H1ZO,Active,7,AAACI1195H
ICICI Bank Ltd,11AAACI1195H1ZZ,Active,11,AAACI1195H
Infosys Ltd,18AAACI4798L1ZX,Active,18,AAACI4798L
Infosys Ltd,24AAACI4798L1Z4,Active,24,AAACI4798L
Infosys Ltd,27AAACI4798L3ZW,Active,27,AAACI4798L
Infosys Ltd,21AAACI4798L1ZA,Active,21,AAACI4798L
Infosys Ltd,29AAACI4798L4ZR,Active,29,AAACI4798L
Infosys Ltd,33AAACI4798L2Z4,Active,33,AAACI4798L
Infosys Ltd,33AAACI4798L1Z5,Active,33,AAACI4798L
Infosys Ltd,36AAACI4798L3ZX,Active,36,AAACI4798L
Infosys Ltd,07AAACI4798L1Z0,Active,7,AAACI4798L
Infosys Ltd,29AAACI4798L2ZT,Active,29,AAACI4798L
Infosys Ltd,37AAACI4798L3ZV,Active,37,AAACI4798L
Infosys Ltd,09AAACI4798L1ZW,Active,9,AAACI4798L
Infosys Ltd,29AAACI4798L3ZS,Active,29,AAACI4798L
Infosys Ltd,08AAACI4798L3ZW,Active,8,AAACI4798L
Infosys Ltd,32AAACI4798L3Z5,Active,32,AAACI4798L
Infosys Ltd,19AAACI4798L1ZV,Active,19,AAACI4798L
Infosys Ltd,23AAACI4798L2Z5,Active,23,AAACI4798L
Infosys Ltd,08AAACI4798L2ZX,Active,8,AAACI4798L
Infosys Ltd,29AAACI4798L1ZU,Active,29,AAACI4798L
Infosys Ltd,27AAACI4798L2ZX,Active,27,AAACI4798L
Infosys Ltd,32AAACI4798L1Z7,Active,32,AAACI4798L
Infosys Ltd,21AAACI4798L3Z8,Active,21,AAACI4798L
Infosys Ltd,04AAACI4798L2Z5,Active,4,AAACI4798L
Infosys Ltd,03AAACI4798L2Z7,Active,3,AAACI4798L
Infosys Ltd,27AAACI4798L1ZY,Active,27,AAACI4798L
Infosys Ltd,09AAACI4798L2ZV,Active,9,AAACI4798L
Infosys Ltd,36AAACI4798L2ZY,Active,36,AAACI4798L
Infosys Ltd,36AAACI4798L1ZZ,Active,36,AAACI4798L
Infosys Ltd,06AAACI4798L1Z2,Active,6,AAACI4798L
Infosys Ltd,32AAACI4798L2Z6,Active,32,AAACI4798L
Infosys Ltd,21AAACI4798L2Z9,Active,21,AAACI4798L
Infosys Ltd,36AAACI4798L4ZW,Active,36,AAACI4798L
Infosys Ltd,23AAACI4798L1Z6,Active,23,AAACI4798L
Infosys Ltd,24AAACI4798L2Z3,Active,24,AAACI4798L
Infosys Ltd,08AAACI4798L1ZY,Active,8,AAACI4798L
Infosys Ltd,33AAACI4798L3Z3,Active,33,AAACI4798L
Infosys Ltd,03AAACI4798L1Z8,Active,3,AAACI4798L
Infosys Ltd,09AAACI4798L3ZU,Active,9,AAACI4798L
ITC Ltd,21AAACI5950L1ZM,Active,21,AAACI5950L
ITC Ltd,37AAACI5950L1Z9,Active,37,AAACI5950L
ITC Ltd,03AAACI5950L3ZI,Active,3,AAACI5950L
ITC Ltd,19AAACI5950L2Z6,Active,19,AAACI5950L
ITC Ltd,24AAACI5950L1ZG,Active,24,AAACI5950L
ITC Ltd,07AAACI5950L1ZC,Active,7,AAACI5950L
ITC Ltd,22AAACI5950L1ZK,Active,22,AAACI5950L
ITC Ltd,20AAACI5950L1ZO,Active,20,AAACI5950L
ITC Ltd,01AAACI5950L3ZM,Active,1,AAACI5950L
ITC Ltd,35AAACI5950L1ZD,Active,35,AAACI5950L
ITC Ltd,36AAACI5950L1ZB,Active,36,AAACI5950L
ITC Ltd,29AAACI5950L1Z6,Active,29,AAACI5950L
ITC Ltd,18AAACI5950L3Z7,Active,18,AAACI5950L
ITC Ltd,03AAACI5950L2ZJ,Active,3,AAACI5950L
ITC Ltd,03AAACI5950L4ZH,Active,3,AAACI5950L
ITC Ltd,27AAACI5950L1ZA,Active,27,AAACI5950L
ITC Ltd,09AAACI5950L1Z8,Active,9,AAACI5950L
ITC Ltd,02AAACI5950L2ZL,Active,2,AAACI5950L
ITC Ltd,18AAACI5950L1Z9,Active,18,AAACI5950L
ITC Ltd,08AAACI5950L2Z9,Active,8,AAACI5950L
ITC Ltd,04AAACI5950L1ZI,Active,4,AAACI5950L
ITC Ltd,01AAACI5950L1ZO,Active,1,AAACI5950L
ITC Ltd,38AAACI5950L1Z7,Active,38,AAACI5950L
ITC Ltd,19AAACI5950L1Z7,Active,19,AAACI5950L
ITC Ltd,34AAACI5950L1ZF,Active,34,AAACI5950L
ITC Ltd,33AAACI5950L1ZH,Active,33,AAACI5950L
ITC Ltd,01AAACI5950L2ZN,Active,1,AAACI5950L
ITC Ltd,10AAACI5950L2ZO,Active,10,AAACI5950L
ITC Ltd,32AAACI5950L1ZJ,Active,32,AAACI5950L
ITC Ltd,29AAACI5950L6Z1,Active,29,AAACI5950L
ITC Ltd,30AAACI5950L1ZN,Active,30,AAACI5950L
ITC Ltd,06AAACI5950L1ZE,Active,6,AAACI5950L
ITC Ltd,09AAACI5950L2Z7,Active,9,AAACI5950L
ITC Ltd,23AAACI5950L1ZI,Active,23,AAACI5950L
ITC Ltd,05AAACI5950L1ZG,Active,5,AAACI5950L
ITC Ltd,16AAACI5950L1ZD,Active,16,AAACI5950L
ITC Ltd,26AAACI5950L1ZC,Active,26,AAACI5950L
JSW Steel Ltd,19AAACJ4323N3ZB,Active,19,AAACJ4323N
JSW Steel Ltd,03AAACJ4323N1ZQ,Active,3,AAACJ4323N
JSW Steel Ltd,21AAACJ4323N3ZQ,Active,21,AAACJ4323N
JSW Steel Ltd,32AAACJ4323N1ZP,Active,32,AAACJ4323N
JSW Steel Ltd,07AAACJ4323N2ZH,Active,7,AAACJ4323N
JSW Steel Ltd,27AAACJ4323N3ZE,Active,27,AAACJ4323N
JSW Steel Ltd,07AAACJ4323N1ZI,Active,7,AAACJ4323N
JSW Steel Ltd,22AAACJ4323N1ZQ,Active,22,AAACJ4323N
JSW Steel Ltd,33AAACJ4323N1ZN,Active,33,AAACJ4323N
JSW Steel Ltd,27AAACJ4323N1DP,Active,27,AAACJ4323N
JSW Steel Ltd,27AAACJ4323N1ZG,Active,27,AAACJ4323N
JSW Steel Ltd,33AAACJ4323N3ZL,Active,33,AAACJ4323N
JSW Steel Ltd,23AAACJ4323N1ZO,Active,23,AAACJ4323N
JSW Steel Ltd,27AAACJ4323N2ZF,Active,27,AAACJ4323N
JSW Steel Ltd,18AAACJ4323N1ZF,Active,18,AAACJ4323N
JSW Steel Ltd,21AAACJ4323N2ZR,Active,21,AAACJ4323N
JSW Steel Ltd,19AAACJ4323N2ZC,Active,19,AAACJ4323N
JSW Steel Ltd,36AAACJ4323N1ZH,Active,36,AAACJ4323N
JSW Steel Ltd,10AAACJ4323N2ZU,Active,10,AAACJ4323N
JSW Steel Ltd,37AAACJ4323N1ZF,Active,37,AAACJ4323N
JSW Steel Ltd,24AAACJ4323N1ZM,Active,24,AAACJ4323N
JSW Steel Ltd,29AAACJ4323N1DL,Active,29,AAACJ4323N
JSW Steel Ltd,08AAACJ4323N1ZG,Active,8,AAACJ4323N
JSW Steel Ltd,20AAACJ4323N1ZU,Active,20,AAACJ4323N
JSW Steel Ltd,06AAACJ4323N1ZK,Active,6,AAACJ4323N
JSW Steel Ltd,33AAACJ4323N1DW,Active,33,AAACJ4323N
JSW Steel Ltd,29AAACJ4323N1ZC,Active,29,AAACJ4323N
JSW Steel Ltd,09AAACJ4323N1ZE,Active,9,AAACJ4323N
JSW Steel Ltd,30AAACJ4323N1ZT,Active,30,AAACJ4323N
JSW Steel Ltd,29AAACJ4323N2ZB,Active,29,AAACJ4323N
JSW Steel Ltd,22AAACJ4323N1DZ,Active,22,AAACJ4323N
Larsen & Toubro Ltd,34AAACL0140P1ZO,Active,34,AAACL0140P
Larsen & Toubro Ltd,17AAACL0140P2ZJ,Active,17,AAACL0140P
Larsen & Toubro Ltd,03AAACL0140P5ZP,Active,3,AAACL0140P
Larsen & Toubro Ltd,36AAACL0140P3ZI,Active,36,AAACL0140P
Larsen & Toubro Ltd,22AAACL0140P1C4,Active,22,AAACL0140P
Larsen & Toubro Ltd,36AAACL0140P1ZK,Active,36,AAACL0140P
Larsen & Toubro Ltd,19AAACL0140P3ZE,Active,19,AAACL0140P
Larsen & Toubro Ltd,37AAACL0140P3ZG,Active,37,AAACL0140P
Larsen & Toubro Ltd,32AAACL0140P1ZS,Active,32,AAACL0140P
Larsen & Toubro Ltd,37AAACL0140P1CT,Active,37,AAACL0140P
Larsen & Toubro Ltd,32AAACL0140P4ZP,Active,32,AAACL0140P
Larsen & Toubro Ltd,19AAACL0140P1ZG,Active,19,AAACL0140P
Larsen & Toubro Ltd,29AAACL0140P8Z8,Active,29,AAACL0140P
Larsen & Toubro Ltd,33AAACL0140P9ZI,Active,33,AAACL0140P
Larsen & Toubro Ltd,29AAACL0140PBZ5,Active,29,AAACL0140P
Larsen & Toubro Ltd,09AAACL0140P4ZE,Active,9,AAACL0140P
Larsen & Toubro Ltd,08AAACL0140P5ZF,Active,8,AAACL0140P
Larsen & Toubro Ltd,19AAACL0140P6ZB,Active,19,AAACL0140P
Larsen & Toubro Ltd,04AAACL0140P3ZP,Active,4,AAACL0140P
Larsen & Toubro Ltd,33AAACL0140PFZC,Active,33,AAACL0140P
Larsen & Toubro Ltd,09AAACL0140P1ZH,Active,9,AAACL0140P
Larsen & Toubro Ltd,32AAACL0140P1C3,Active,32,AAACL0140P
Larsen & Toubro Ltd,04AAACL0140P6ZM,Active,4,AAACL0140P
Larsen & Toubro Ltd,32AAACL0140P5ZO,Active,32,AAACL0140P
Larsen & Toubro Ltd,24AAACL0140PAZG,Active,24,AAACL0140P
Larsen & Toubro Ltd,21AAACL0140P1C6,Active,21,AAACL0140P
Larsen & Toubro Ltd,09AAACL0140P8ZA,Active,9,AAACL0140P
Larsen & Toubro Ltd,08AAACL0140P7ZD,Active,8,AAACL0140P
Larsen & Toubro Ltd,24AAACL0140P3ZN,Active,24,AAACL0140P
Larsen & Toubro Ltd,20AAACL0140P6ZS,Active,20,AAACL0140P
Larsen & Toubro Ltd,20AAACL0140P5ZT,Active,20,AAACL0140P
Larsen & Toubro Ltd,36AAACL0140P1CV,Active,36,AAACL0140P
Larsen & Toubro Ltd,10AAACL0140P1C9,Active,10,AAACL0140P
Larsen & Toubro Ltd,29AAACL0140P7Z9,Active,29,AAACL0140P
Larsen & Toubro Ltd,09AAACL0140P5ZD,Active,9,AAACL0140P
Larsen & Toubro Ltd,36AAACL0140P5ZG,Active,36,AAACL0140P
Larsen & Toubro Ltd,08AAACL0140P2ZI,Active,8,AAACL0140P
Larsen & Toubro Ltd,09AAACL0140P7ZB,Active,9,AAACL0140P
Larsen & Toubro Ltd,06AAACL0140P9ZF,Active,6,AAACL0140P
Larsen & Toubro Ltd,29AAACL0140PAZ6,Active,29,AAACL0140P
Larsen & Toubro Ltd,04AAACL0140P1ZR,Active,4,AAACL0140P
Larsen & Toubro Ltd,33AAACL0140PBZG,Active,33,AAACL0140P
Larsen & Toubro Ltd,34AAACL0140P2ZN,Active,34,AAACL0140P
Larsen & Toubro Ltd,27AAACL0140PDZ7,Active,27,AAACL0140P
Larsen & Toubro Ltd,18AAACL0140P1CT,Active,18,AAACL0140P
Larsen & Toubro Ltd,08AAACL0140P4ZG,Active,8,AAACL0140P
Larsen & Toubro Ltd,10AAACL0140P6ZT,Active,10,AAACL0140P
Larsen & Toubro Ltd,37AAACL0140P2ZH,Active,37,AAACL0140P
Larsen & Toubro Ltd,29AAACL0140P9Z7,Active,29,AAACL0140P
Larsen & Toubro Ltd,33AAACL0140PEZD,Active,33,AAACL0140P
Larsen & Toubro Ltd,29AAACL0140P1ZF,Active,29,AAACL0140P
Larsen & Toubro Ltd,19AAACL0140P5ZC,Active,19,AAACL0140P
Larsen & Toubro Ltd,08AAACL0140P9ZB,Active,8,AAACL0140P
Larsen & Toubro Ltd,24AAACL0140PEZC,Active,24,AAACL0140P
Larsen & Toubro Ltd,05AAACL0140P1C0,Active,5,AAACL0140P
Larsen & Toubro Ltd,24AAACL0140P7ZJ,Active,24,AAACL0140P
Larsen & Toubro Ltd,10AAACL0140P3ZW,Active,10,AAACL0140P
Larsen & Toubro Ltd,24AAACL0140PCZE,Active,24,AAACL0140P
Larsen & Toubro Ltd,10AAACL0140P4ZV,Active,10,AAACL0140P
Larsen & Toubro Ltd,24AAACL0140P5ZL,Active,24,AAACL0140P
Larsen & Toubro Ltd,21AAACL0140P6ZQ,Active,21,AAACL0140P
Larsen & Toubro Ltd,05AAACL0140P1ZP,Active,5,AAACL0140P
Larsen & Toubro Ltd,27AAACL0140PHZ3,Active,27,AAACL0140P
Larsen & Toubro Ltd,07AAACL0140P6ZG,Active,7,AAACL0140P
Larsen & Toubro Ltd,27AAACL0140PCZ8,Active,27,AAACL0140P
Larsen & Toubro Ltd,30AAACL0140P3ZU,Active,30,AAACL0140P
Larsen & Toubro Ltd,12AAACL0140P2ZT,Active,12,AAACL0140P
Larsen & Toubro Ltd,24AAACL0140PBZF,Active,24,AAACL0140P
Larsen & Toubro Ltd,33AAACL0140P5ZM,Active,33,AAACL0140P
Larsen & Toubro Ltd,06AAACL0140P4ZK,Active,6,AAACL0140P
Larsen & Toubro Ltd,27AAACL0140P1ZJ,Active,27,AAACL0140P
Larsen & Toubro Ltd,16AAACL0140P1ZM,Active,16,AAACL0140P
Larsen & Toubro Ltd,37AAACL0140P5ZE,Active,37,AAACL0140P
Larsen & Toubro Ltd,33AAACL0140PCZF,Active,33,AAACL0140P
Larsen & Toubro Ltd,27AAACL0140P4ZG,Active,27,AAACL0140P
Larsen & Toubro Ltd,27AAACL0140PAZA,Active,27,AAACL0140P
Larsen & Toubro Ltd,30AAACL0140P2ZV,Active,30,AAACL0140P
Larsen & Toubro Ltd,34AAACL0140P1CZ,Active,34,AAACL0140P
Larsen & Toubro Ltd,33AAACL0140P1C1,Active,33,AAACL0140P
Larsen & Toubro Ltd,97AAACL0140P1ZC,Active,97,AAACL0140P
Larsen & Toubro Ltd,07AAACL0140P5ZH,Active,7,AAACL0140P
Larsen & Toubro Ltd,09AAACL0140P6ZC,Active,9,AAACL0140P
Larsen & Toubro Ltd,08AAACL0140P1CU,Active,8,AAACL0140P
Larsen & Toubro Ltd,03AAACL0140P3ZR,Active,3,AAACL0140P
Larsen & Toubro Ltd,06AAACL0140P2ZM,Active,6,AAACL0140P
Larsen & Toubro Ltd,08AAACL0140PAZA,Active,8,AAACL0140P
Larsen & Toubro Ltd,07AAACL0140P4ZI,Active,7,AAACL0140P
Larsen & Toubro Ltd,06AAACL0140P5ZJ,Active,6,AAACL0140P
Larsen & Toubro Ltd,20AAACL0140P2ZW,Active,20,AAACL0140P
Larsen & Toubro Ltd,23AAACL0140P7ZL,Active,23,AAACL0140P
Larsen & Toubro Ltd,10AAACL0140P7ZS,Active,10,AAACL0140P
Larsen & Toubro Ltd,06AAACL0140P3ZL,Active,6,AAACL0140P
Larsen & Toubro Ltd,17AAACL0140P3ZI,Active,17,AAACL0140P
Larsen & Toubro Ltd,22AAACL0140P6ZO,Active,22,AAACL0140P
Larsen & Toubro Ltd,11AAACL0140P3ZU,Active,11,AAACL0140P
Larsen & Toubro Ltd,27AAACL0140PIZ2,Active,27,AAACL0140P
Larsen & Toubro Ltd,29AAACL0140P1CQ,Active,29,AAACL0140P
Larsen & Toubro Ltd,19AAACL0140P7ZA,Active,19,AAACL0140P
Larsen & Toubro Ltd,18AAACL0140P7ZC,Active,18,AAACL0140P
Larsen & Toubro Ltd,38AAACL0140P1ZG,Active,38,AAACL0140P
Larsen & Toubro Ltd,30AAACL0140P1ZW,Active,30,AAACL0140P
Larsen & Toubro Ltd,35AAACL0140P1ZM,Active,35,AAACL0140P
Larsen & Toubro Ltd,23AAACL0140P2ZQ,Active,23,AAACL0140P
Larsen & Toubro Ltd,29AAACL0140PCZ4,Active,29,AAACL0140P
Larsen & Toubro Ltd,14AAACL0140P1ZQ,Active,14,AAACL0140P
Larsen & Toubro Ltd,21AAACL0140P1ZV,Active,21,AAACL0140P
Larsen & Toubro Ltd,37AAACL0140P7ZC,Active,37,AAACL0140P
Larsen & Toubro Ltd,02AAACL0140P2ZU,Active,2,AAACL0140P
Larsen & Toubro Ltd,37AAACL0140P6ZD,Active,37,AAACL0140P
Larsen & Toubro Ltd,26AAACL0140P1ZL,Active,26,AAACL0140P
Larsen & Toubro Ltd,06AAACL0140P7ZH,Active,6,AAACL0140P
Larsen & Toubro Ltd,18AAACL0140P1ZI,Active,18,AAACL0140P
Larsen & Toubro Ltd,33AAACL0140PDZE,Active,33,AAACL0140P
Larsen & Toubro Ltd,24AAACL0140P8ZI,Active,24,AAACL0140P
Larsen & Toubro Ltd,06AAACL0140P8ZG,Active,6,AAACL0140P
Larsen & Toubro Ltd,33AAACL0140P3ZO,Active,33,AAACL0140P
Larsen & Toubro Ltd,27AAACL0140P2ZI,Active,27,AAACL0140P
Larsen & Toubro Ltd,10AAACL0140P1ZY,Active,10,AAACL0140P
Larsen & Toubro Ltd,33AAACL0140P8ZJ,Active,33,AAACL0140P
Larsen & Toubro Ltd,01AAACL0140P1ZX,Active,1,AAACL0140P
Larsen & Toubro Ltd,06AAACL0140P6ZI,Active,6,AAACL0140P
Larsen & Toubro Ltd,32AAACL0140P2ZR,Active,32,AAACL0140P
Larsen & Toubro Ltd,24AAACL0140P6ZK,Active,24,AAACL0140P
Larsen & Toubro Ltd,06AAACL0140P1CY,Active,6,AAACL0140P
Larsen & Toubro Ltd,27AAACL0140P3ZH,Active,27,AAACL0140P
Larsen & Toubro Ltd,20AAACL0140P1C8,Active,20,AAACL0140P
Larsen & Toubro Ltd,22AAACL0140P1ZT,Active,22,AAACL0140P
Larsen & Toubro Ltd,29AAACL0140P6ZA,Active,29,AAACL0140P
Larsen & Toubro Ltd,02AAACL0140P1C6,Active,2,AAACL0140P
Larsen & Toubro Ltd,24AAACL0140P1ZP,Active,24,AAACL0140P
Larsen & Toubro Ltd,29AAACL0140P3ZD,Active,29,AAACL0140P
Larsen & Toubro Ltd,36AAACL0140P7ZE,Active,36,AAACL0140P
Larsen & Toubro Ltd,20AAACL0140P1ZX,Active,20,AAACL0140P
Larsen & Toubro Ltd,16AAACL0140P1CX,Active,16,AAACL0140P
Larsen & Toubro Ltd,24AAACL0140P9ZH,Active,24,AAACL0140P
Larsen & Toubro Ltd,09AAACL0140P1CS,Active,9,AAACL0140P
Larsen & Toubro Ltd,01AAACL0140P1C8,Active,1,AAACL0140P
Larsen & Toubro Ltd,23AAACL0140P6ZM,Active,23,AAACL0140P
Larsen & Toubro Ltd,32AAACL0140P3ZQ,Active,32,AAACL0140P
Larsen & Toubro Ltd,21AAACL0140P3ZT,Active,21,AAACL0140P
Larsen & Toubro Ltd,02AAACL0140P1ZV,Active,2,AAACL0140P
Larsen & Toubro Ltd,19AAACL0140P4ZD,Active,19,AAACL0140P
Larsen & Toubro Ltd,37AAACL0140P1ZI,Active,37,AAACL0140P
Larsen & Toubro Ltd,33AAACL0140P7ZK,Active,33,AAACL0140P
Larsen & Toubro Ltd,03AAACL0140P4ZQ,Active,3,AAACL0140P
Larsen & Toubro Ltd,23AAACL0140P1C2,Active,23,AAACL0140P
Larsen & Toubro Ltd,20AAACL0140P4ZU,Active,20,AAACL0140P
Larsen & Toubro Ltd,03AAACL0140P2ZS,Active,3,AAACL0140P
Larsen & Toubro Ltd,33AAACL0140P2ZP,Active,33,AAACL0140P
Larsen & Toubro Ltd,36AAACL0140P6ZF,Active,36,AAACL0140P
Larsen & Toubro Ltd,03AAACL0140P1C4,Active,3,AAACL0140P
Larsen & Toubro Ltd,21AAACL0140P4ZS,Active,21,AAACL0140P
Larsen & Toubro Ltd,17AAACL0140P1CV,Active,17,AAACL0140P
Larsen & Toubro Ltd,18AAACL0140P3ZG,Active,18,AAACL0140P
Larsen & Toubro Ltd,15AAACL0140P2ZN,Active,15,AAACL0140P
Larsen & Toubro Ltd,09AAACL0140P3ZF,Active,9,AAACL0140P
Larsen & Toubro Ltd,36AAACL0140P4ZH,Active,36,AAACL0140P
Larsen & Toubro Ltd,10AAACL0140P5ZU,Active,10,AAACL0140P
Larsen & Toubro Ltd,27AAACL0140P1CU,Active,27,AAACL0140P
Larsen & Toubro Ltd,18AAACL0140P6ZD,Active,18,AAACL0140P
Larsen & Toubro Ltd,22AAACL0140P4ZQ,Active,22,AAACL0140P
Larsen & Toubro Ltd,23AAACL0140P5ZN,Active,23,AAACL0140P
Larsen & Toubro Ltd,11AAACL0140P1ZW,Active,11,AAACL0140P
Larsen & Toubro Ltd,33AAACL0140P4ZN,Active,33,AAACL0140P
Larsen & Toubro Ltd,27AAACL0140P7ZD,Active,27,AAACL0140P
Larsen & Toubro Ltd,24AAACL0140PDZD,Active,24,AAACL0140P
Larsen & Toubro Ltd,24AAACL0140P1C0,Active,24,AAACL0140P
Larsen & Toubro Ltd,04AAACL0140P5ZN,Active,4,AAACL0140P
Larsen & Toubro Ltd,22AAACL0140P3ZR,Active,22,AAACL0140P
Larsen & Toubro Ltd,27AAACL0140P6ZE,Active,27,AAACL0140P
Larsen & Toubro Ltd,27AAACL0140PGZ4,Active,27,AAACL0140P
Larsen & Toubro Ltd,27AAACL0140PEZ6,Active,27,AAACL0140P
Larsen & Toubro Ltd,03AAACL0140P1ZT,Active,3,AAACL0140P
Larsen & Toubro Ltd,19AAACL0140P1CR,Active,19,AAACL0140P
Larsen & Toubro Ltd,07AAACL0140P1CW,Active,7,AAACL0140P
Larsen & Toubro Ltd,12AAACL0140P1C5,Active,12,AAACL0140P
Larsen & Toubro Ltd,33AAACL0140P1ZQ,Active,33,AAACL0140P
Larsen & Toubro Ltd,19AAACL0140P8Z9,Active,19,AAACL0140P
Larsen & Toubro Ltd,07AAACL0140P2ZK,Active,7,AAACL0140P
Larsen & Toubro Ltd,26AAACL0140P1CW,Active,26,AAACL0140P
Larsen & Toubro Ltd,32AAACL0140P6ZN,Active,32,AAACL0140P
Larsen & Toubro Ltd,23AAACL0140P3ZP,Active,23,AAACL0140P
Larsen & Toubro Ltd,29AAACL0140P4ZC,Active,29,AAACL0140P
Larsen & Toubro Ltd,30AAACL0140P1C7,Active,30,AAACL0140P
Larsen & Toubro Ltd,33AAACL0140P6ZL,Active,33,AAACL0140P
Larsen & Toubro Ltd,08AAACL0140P8ZC,Active,8,AAACL0140P
Larsen & Toubro Ltd,18AAACL0140P5ZE,Active,18,AAACL0140P
Larsen & Toubro Ltd,33AAACL0140PAZH,Active,33,AAACL0140P
Larsen & Toubro Ltd,27AAACL0140PFZ5,Active,27,AAACL0140P
Larsen & Toubro Ltd,19AAACL0140P2ZF,Active,19,AAACL0140P
Larsen & Toubro Ltd,27AAACL0140P5ZF,Active,27,AAACL0140P
Larsen & Toubro Ltd,21AAACL0140P5ZR,Active,21,AAACL0140P
Larsen & Toubro Ltd,07AAACL0140P1ZL,Active,7,AAACL0140P
Larsen & Toubro Ltd,04AAACL0140P1C2,Active,4,AAACL0140P
Larsen & Toubro Ltd,27AAACL0140PJZ1,Active,27,AAACL0140P
Larsen & Toubro Ltd,07AAACL0140P3ZJ,Active,7,AAACL0140P
Larsen & Toubro Ltd,10AAACL0140P2ZX,Active,10,AAACL0140P
Trent Ltd,01AAACL1838J2ZT,Active,1,AAACL1838J
Trent Ltd,27AAACL1838J1ZG,Active,27,AAACL1838J
Trent Ltd,19AAACL1838J1ZD,Active,19,AAACL1838J
Trent Ltd,15AAACL1838J1ZL,Active,15,AAACL1838J
Trent Ltd,18AAACL1838J2ZE,Active,18,AAACL1838J
Trent Ltd,05AAACL1838J1ZM,Active,5,AAACL1838J
Trent Ltd,29AAACL1838J1ZC,Active,29,AAACL1838J
Trent Ltd,33AAACL1838J1ZN,Active,33,AAACL1838J
Trent Ltd,10AAACL1838J1ZV,Active,10,AAACL1838J
Trent Ltd,12AAACL1838J1ZR,Active,12,AAACL1838J
Trent Ltd,36AAACL1838J1ZH,Active,36,AAACL1838J
Trent Ltd,09AAACL1838J1ZE,Active,9,AAACL1838J
Trent Ltd,20AAACL1838J1ZU,Active,20,AAACL1838J
Trent Ltd,30AAACL1838J1ZT,Active,30,AAACL1838J
Trent Ltd,34AAACL1838J1ZL,Active,34,AAACL1838J
Trent Ltd,04AAACL1838J1ZO,Active,4,AAACL1838J
Trent Ltd,24AAACL1838J1ZM,Active,24,AAACL1838J
Trent Ltd,07AAACL1838J1ZI,Active,7,AAACL1838J
Trent Ltd,27AAACL1838J2ZF,Active,27,AAACL1838J
Trent Ltd,37AAACL1838J1ZF,Active,37,AAACL1838J
Trent Ltd,06AAACL1838J1ZK,Active,6,AAACL1838J
Trent Ltd,21AAACL1838J1ZS,Active,21,AAACL1838J
Trent Ltd,02AAACL1838J1ZS,Active,2,AAACL1838J
Trent Ltd,08AAACL1838J1ZG,Active,8,AAACL1838J
Trent Ltd,23AAACL1838J1ZO,Active,23,AAACL1838J
Trent Ltd,11AAACL1838J1ZT,Active,11,AAACL1838J
Trent Ltd,17AAACL1838J1ZH,Active,17,AAACL1838J
Trent Ltd,13AAACL1838J1ZP,Active,13,AAACL1838J
Trent Ltd,14AAACL1838J2ZM,Active,14,AAACL1838J
Trent Ltd,22AAACL1838J1ZQ,Active,22,AAACL1838J
Trent Ltd,32AAACL1838J2ZO,Active,32,AAACL1838J
Trent Ltd,03AAACL1838J1ZQ,Active,3,AAACL1838J
Trent Ltd,16AAACL1838J1ZJ,Active,16,AAACL1838J
Ultratech Cement Ltd,30AAACL6442L1ZN,Active,30,AAACL6442L
Ultratech Cement Ltd,10AAACL6442L2ZO,Active,10,AAACL6442L
Ultratech Cement Ltd,23AAACL6442L1ZI,Active,23,AAACL6442L
Ultratech Cement Ltd,07AAACL6442L1ZC,Active,7,AAACL6442L
Ultratech Cement Ltd,20AAACL6442L1ZO,Active,20,AAACL6442L
Ultratech Cement Ltd,24AAACL6442L5ZC,Active,24,AAACL6442L
Ultratech Cement Ltd,27AAACL6442L2Z9,Active,27,AAACL6442L
Ultratech Cement Ltd,21AAACL6442L1ZM,Active,21,AAACL6442L
Ultratech Cement Ltd,03AAACL6442L1ZK,Active,3,AAACL6442L
Ultratech Cement Ltd,08AAACL6442L1ZA,Active,8,AAACL6442L
Ultratech Cement Ltd,19AAACL6442L3Z5,Active,19,AAACL6442L
Ultratech Cement Ltd,19AAACL6442L1Z7,Active,19,AAACL6442L
Ultratech Cement Ltd,18AAACL6442L1Z9,Active,18,AAACL6442L
Ultratech Cement Ltd,22AAACL6442L2ZJ,Active,22,AAACL6442L
Ultratech Cement Ltd,16AAACL6442L1ZD,Active,16,AAACL6442L
Ultratech Cement Ltd,09AAACL6442L5Z4,Active,9,AAACL6442L
Ultratech Cement Ltd,10AAACL6442L3ZN,Active,10,AAACL6442L
Ultratech Cement Ltd,10AAACL6442L1ZP,Active,10,AAACL6442L
Ultratech Cement Ltd,34AAACL6442L1ZF,Active,34,AAACL6442L
Ultratech Cement Ltd,01AAACL6442L1ZO,Active,1,AAACL6442L
Ultratech Cement Ltd,27AAACL6442L1ZA,Active,27,AAACL6442L
Ultratech Cement Ltd,32AAACL6442L1ZJ,Active,32,AAACL6442L
Ultratech Cement Ltd,09AAACL6442L4Z5,Active,9,AAACL6442L
Ultratech Cement Ltd,27AAACL6442L3Z8,Active,27,AAACL6442L
Ultratech Cement Ltd,04AAACL6442L1ZI,Active,4,AAACL6442L
Ultratech Cement Ltd,24AAACL6442L1ZG,Active,24,AAACL6442L
Ultratech Cement Ltd,22AAACL6442L3ZI,Active,22,AAACL6442L
Ultratech Cement Ltd,29AAACL6442L1Z6,Active,29,AAACL6442L
Ultratech Cement Ltd,05AAACL6442L1ZG,Active,5,AAACL6442L
Ultratech Cement Ltd,06AAACL6442L1ZE,Active,6,AAACL6442L
Ultratech Cement Ltd,09AAACL6442L3Z6,Active,9,AAACL6442L
Ultratech Cement Ltd,29AAACL6442L3Z4,Active,29,AAACL6442L
Ultratech Cement Ltd,37AAACL6442L1Z9,Active,37,AAACL6442L
Ultratech Cement Ltd,02AAACL6442L2ZL,Active,2,AAACL6442L
Ultratech Cement Ltd,03AAACL6442L2ZJ,Active,3,AAACL6442L
Ultratech Cement Ltd,22AAACL6442L1ZK,Active,22,AAACL6442L
Ultratech Cement Ltd,09AAACL6442L1Z8,Active,9,AAACL6442L
Ultratech Cement Ltd,36AAACL6442L1ZB,Active,36,AAACL6442L
Ultratech Cement Ltd,22AAACL6442L4ZH,Active,22,AAACL6442L
Ultratech Cement Ltd,33AAACL6442L1ZH,Active,33,AAACL6442L
Ultratech Cement Ltd,10AAACL6442L4ZM,Active,10,AAACL6442L
Ultratech Cement Ltd,09AAACL6442L6Z3,Active,9,AAACL6442L
Ultratech Cement Ltd,20AAACL6442L2ZN,Active,20,AAACL6442L
Ultratech Cement Ltd,17AAACL6442L1ZB,Active,17,AAACL6442L
Ultratech Cement Ltd,06AAACL6442L2ZD,Active,6,AAACL6442L
Ultratech Cement Ltd,32AAACL6442L2ZI,Active,32,AAACL6442L
Ultratech Cement Ltd,23AAACL6442L7ZC,Active,23,AAACL6442L
Ultratech Cement Ltd,33AAACL6442L3ZF,Active,33,AAACL6442L
Ultratech Cement Ltd,18AAACL6442L3Z7,Active,18,AAACL6442L
Ultratech Cement Ltd,37AAACL6442L2Z8,Active,37,AAACL6442L
Ultratech Cement Ltd,08AAACL6442L3Z8,Active,8,AAACL6442L
Ultratech Cement Ltd,27AAACL6442L4Z7,Active,27,AAACL6442L
Ultratech Cement Ltd,22AAACL6442L5ZG,Active,22,AAACL6442L
Ultratech Cement Ltd,29AAACL6442L4Z3,Active,29,AAACL6442L
Ultratech Cement Ltd,09AAACL6442L7Z2,Active,9,AAACL6442L
Ultratech Cement Ltd,01AAACL6442L2ZN,Active,1,AAACL6442L
Ultratech Cement Ltd,19AAACL6442L4Z4,Active,19,AAACL6442L
Ultratech Cement Ltd,03AAACL6442L3ZI,Active,3,AAACL6442L
Ultratech Cement Ltd,36AAACL6442L2ZA,Active,36,AAACL6442L
Ultratech Cement Ltd,21AAACL6442L2ZL,Active,21,AAACL6442L
Ultratech Cement Ltd,10AAACL6442L5ZL,Active,10,AAACL6442L
Ultratech Cement Ltd,20AAACL6442L3ZM,Active,20,AAACL6442L
Ultratech Cement Ltd,27AAACL6442L5Z6,Active,27,AAACL6442L
Maruti Suzuki India Ltd,37AAACM0829Q1Z3,Active,37,AAACM0829Q
Maruti Suzuki India Ltd,21AAACM0829Q1ZG,Active,21,AAACM0829Q
Maruti Suzuki India Ltd,32AAACM0829Q1ZD,Active,32,AAACM0829Q
Maruti Suzuki India Ltd,06AAACM0829Q5Z4,Active,6,AAACM0829Q
Maruti Suzuki India Ltd,33AAACM0829Q1ZB,Active,33,AAACM0829Q
Maruti Suzuki India Ltd,08AAACM0829Q2Z3,Active,8,AAACM0829Q
Maruti Suzuki India Ltd,20AAACM0829Q1ZI,Active,20,AAACM0829Q
Maruti Suzuki India Ltd,05AAACM0829Q1ZA,Active,5,AAACM0829Q
Maruti Suzuki India Ltd,06AAACM0829Q1Z8,Active,6,AAACM0829Q
Maruti Suzuki India Ltd,29AAACM0829Q1Z0,Active,29,AAACM0829Q
Maruti Suzuki India Ltd,18AAACM0829Q1Z3,Active,18,AAACM0829Q
Maruti Suzuki India Ltd,06AAACM0829Q4Z5,Active,6,AAACM0829Q
Maruti Suzuki India Ltd,19AAACM0829Q1Z1,Active,19,AAACM0829Q
Maruti Suzuki India Ltd,01AAACM0829Q1ZI,Active,1,AAACM0829Q
Maruti Suzuki India Ltd,06AAACM0829Q3Z6,Active,6,AAACM0829Q
Maruti Suzuki India Ltd,04AAACM0829Q1ZC,Active,4,AAACM0829Q
Maruti Suzuki India Ltd,03AAACM0829Q1ZE,Active,3,AAACM0829Q
Maruti Suzuki India Ltd,24AAACM0829Q2Z9,Active,24,AAACM0829Q
Maruti Suzuki India Ltd,27AAACM0829Q1Z4,Active,27,AAACM0829Q
Maruti Suzuki India Ltd,22AAACM0829Q1ZE,Active,22,AAACM0829Q
Maruti Suzuki India Ltd,07AAACM0829Q1Z6,Active,7,AAACM0829Q
Maruti Suzuki India Ltd,10AAACM0829Q1ZJ,Active,10,AAACM0829Q
Maruti Suzuki India Ltd,36AAACM0829Q1Z5,Active,36,AAACM0829Q
Maruti Suzuki India Ltd,29AAACM0829Q2ZZ,Active,29,AAACM0829Q
Maruti Suzuki India Ltd,09AAACM0829Q1Z2,Active,9,AAACM0829Q
Maruti Suzuki India Ltd,23AAACM0829Q1ZC,Active,23,AAACM0829Q
Maruti Suzuki India Ltd,24AAACM0829Q3Z8,Active,24,AAACM0829Q
Maruti Suzuki India Ltd,24AAACM0829Q4Z7,Active,24,AAACM0829Q
Mahindra & Mahindra Ltd,07AAACM3025E1Z1,Active,7,AAACM3025E
Mahindra & Mahindra Ltd,03AAACM3025E1DI,Active,3,AAACM3025E
Mahindra & Mahindra Ltd,19AAACM3025E1ZW,Active,19,AAACM3025E
Mahindra & Mahindra Ltd,01AAACM3025E1CO,Active,1,AAACM3025E
Mahindra & Mahindra Ltd,03AAACM3025E5Z5,Active,3,AAACM3025E
Mahindra & Mahindra Ltd,23AAACM3025E1Z7,Active,23,AAACM3025E
Mahindra & Mahindra Ltd,06AAACM3025E3Z1,Active,6,AAACM3025E
Mahindra & Mahindra Ltd,33AAACM3025E1CH,Active,33,AAACM3025E
Mahindra & Mahindra Ltd,30AAACM3025E1ZC,Active,30,AAACM3025E
Mahindra & Mahindra Ltd,32AAACM3025E1CJ,Active,32,AAACM3025E
Mahindra & Mahindra Ltd,29AAACM3025E1C6,Active,29,AAACM3025E
Mahindra & Mahindra Ltd,02AAACM3025E2ZA,Active,2,AAACM3025E
Mahindra & Mahindra Ltd,22AAACM3025E2Z8,Active,22,AAACM3025E
Mahindra & Mahindra Ltd,08AAACM3025E1CA,Active,8,AAACM3025E
Mahindra & Mahindra Ltd,08AAACM3025E1ZZ,Active,8,AAACM3025E
Mahindra & Mahindra Ltd,34AAACM3025E1CF,Active,34,AAACM3025E
Mahindra & Mahindra Ltd,22AAACM3025E1CK,Active,22,AAACM3025E
Mahindra & Mahindra Ltd,27AAACM3025E1ZZ,Active,27,AAACM3025E
Mahindra & Mahindra Ltd,09AAACM3025E1ZX,Active,9,AAACM3025E
Mahindra & Mahindra Ltd,04AAACM3025E1CI,Active,4,AAACM3025E
Mahindra & Mahindra Ltd,02AAACM3025E1CM,Active,2,AAACM3025E
Mahindra & Mahindra Ltd,10AAACM3025E2ZD,Active,10,AAACM3025E
Mahindra & Mahindra Ltd,04AAACM3025E1Z7,Active,4,AAACM3025E
Mahindra & Mahindra Ltd,24AAACM3025E1Z5,Active,24,AAACM3025E
Mahindra & Mahindra Ltd,36AAACM3025E1CB,Active,36,AAACM3025E
Mahindra & Mahindra Ltd,30AAACM3025E1CN,Active,30,AAACM3025E
Mahindra & Mahindra Ltd,27AAACM3025E8ZS,Active,27,AAACM3025E
Mahindra & Mahindra Ltd,20AAACM3025E1CO,Active,20,AAACM3025E
Mahindra & Mahindra Ltd,35AAACM3025E1CD,Active,35,AAACM3025E
Mahindra & Mahindra Ltd,07AAACM3025E1CC,Active,7,AAACM3025E
Mahindra & Mahindra Ltd,21AAACM3025E2ZA,Active,21,AAACM3025E
Mahindra & Mahindra Ltd,23AAACM3025E1CI,Active,23,AAACM3025E
Mahindra & Mahindra Ltd,20AAACM3025E1ZD,Active,20,AAACM3025E
Mahindra & Mahindra Ltd,37AAACM3025E1C9,Active,37,AAACM3025E
Mahindra & Mahindra Ltd,11AAACM3025E1CN,Active,11,AAACM3025E
Mahindra & Mahindra Ltd,18AAACM3025E1C9,Active,18,AAACM3025E
Mahindra & Mahindra Ltd,36AAACM3025E1Z0,Active,36,AAACM3025E
Mahindra & Mahindra Ltd,05AAACM3025E1Z5,Active,5,AAACM3025E
Mahindra & Mahindra Ltd,29AAACM3025E2ZU,Active,29,AAACM3025E
Mahindra & Mahindra Ltd,27AAACM3025E1D8,Active,27,AAACM3025E
Mahindra & Mahindra Ltd,19AAACM3025E1C7,Active,19,AAACM3025E
Mahindra & Mahindra Ltd,24AAACM3025E1CG,Active,24,AAACM3025E
Mahindra & Mahindra Ltd,27AAACM3025E1CA,Active,27,AAACM3025E
Mahindra & Mahindra Ltd,03AAACM3025E1Z9,Active,3,AAACM3025E
Mahindra & Mahindra Ltd,05AAACM3025E1CG,Active,5,AAACM3025E
Mahindra & Mahindra Ltd,38AAACM3025E1C7,Active,38,AAACM3025E
Mahindra & Mahindra Ltd,06AAACM3025E1CE,Active,6,AAACM3025E
Mahindra & Mahindra Ltd,03AAACM3025E1CK,Active,3,AAACM3025E
Mahindra & Mahindra Ltd,01AAACM3025E2ZC,Active,1,AAACM3025E
Mahindra & Mahindra Ltd,34AAACM3025E1Z4,Active,34,AAACM3025E
Mahindra & Mahindra Ltd,10AAACM3025E1CP,Active,10,AAACM3025E
Mahindra & Mahindra Ltd,18AAACM3025E1ZY,Active,18,AAACM3025E
Mahindra & Mahindra Ltd,32AAACM3025E1Z8,Active,32,AAACM3025E
Mahindra & Mahindra Ltd,33AAACM3025E1Z6,Active,33,AAACM3025E
Mahindra & Mahindra Ltd,09AAACM3025E1C8,Active,9,AAACM3025E
Mahindra & Mahindra Ltd,27AAACM3025E3ZX,Active,27,AAACM3025E
Mahindra & Mahindra Ltd,37AAACM3025E3ZW,Active,37,AAACM3025E
Tech Mahindra Ltd,29AAACM3484F1ZE,Active,29,AAACM3484F
Tech Mahindra Ltd,33AAACM3484F1ZP,Active,33,AAACM3484F
Tech Mahindra Ltd,29AAACM3484F2ZD,Active,29,AAACM3484F
Tech Mahindra Ltd,33AAACM3484F3ZN,Active,33,AAACM3484F
Tech Mahindra Ltd,27AAACM3484F2ZH,Active,27,AAACM3484F
Tech Mahindra Ltd,21AAACM3484F1ZU,Active,21,AAACM3484F
Tech Mahindra Ltd,36AAACM3484F3ZH,Active,36,AAACM3484F
Tech Mahindra Ltd,27AAACM3484F3ZG,Active,27,AAACM3484F
Tech Mahindra Ltd,09AAACM3484F2ZF,Active,9,AAACM3484F
Tech Mahindra Ltd,24AAACM3484F1ZO,Active,24,AAACM3484F
Tech Mahindra Ltd,36AAACM3484F1ZJ,Active,36,AAACM3484F
Tech Mahindra Ltd,37AAACM3484F2ZG,Active,37,AAACM3484F
Tech Mahindra Ltd,36AAACM3484F2ZI,Active,36,AAACM3484F
Tech Mahindra Ltd,08AAACM3484F1ZI,Active,8,AAACM3484F
Tech Mahindra Ltd,04AAACM3484F1ZQ,Active,4,AAACM3484F
Tech Mahindra Ltd,33AAACM3484F2ZO,Active,33,AAACM3484F
Tech Mahindra Ltd,19AAACM3484F1ZF,Active,19,AAACM3484F
Tech Mahindra Ltd,19AAACM3484F2ZE,Active,19,AAACM3484F
Tech Mahindra Ltd,32AAACM3484F2ZQ,Active,32,AAACM3484F
Tech Mahindra Ltd,09AAACM3484F1ZG,Active,9,AAACM3484F
Tech Mahindra Ltd,27AAACM3484F1ZI,Active,27,AAACM3484F
Tech Mahindra Ltd,37AAACM3484F1ZH,Active,37,AAACM3484F
Tech Mahindra Ltd,07AAACM3484F1ZK,Active,7,AAACM3484F
Tech Mahindra Ltd,06AAACM3484F1ZM,Active,6,AAACM3484F
NTPC Ltd,35AAACN0255D1DA,Active,35,AAACN0255D
NTPC Ltd,07AAACN0255D1D9,Active,7,AAACN0255D
NTPC Ltd,09AAACN0255DBZM,Active,9,AAACN0255D
NTPC Ltd,18AAACN0255D1D6,Active,18,AAACN0255D
NTPC Ltd,06AAACN0255D1DB,Active,6,AAACN0255D
NTPC Ltd,10AAACN0255D2ZC,Active,10,AAACN0255D
NTPC Ltd,05AAACN0255D1DD,Active,5,AAACN0255D
NTPC Ltd,05AAACN0255D2Z3,Active,5,AAACN0255D
NTPC Ltd,32AAACN0255D1DG,Active,32,AAACN0255D
NTPC Ltd,20AAACN0255D2ZB,Active,20,AAACN0255D
NTPC Ltd,20AAACN0255D1DL,Active,20,AAACN0255D
NTPC Ltd,11AAACN0255D1DK,Active,11,AAACN0255D
NTPC Ltd,11AAACN0255D1ZB,Active,11,AAACN0255D
NTPC Ltd,27AAACN0255D1D7,Active,27,AAACN0255D
NTPC Ltd,02AAACN0255D2Z9,Active,2,AAACN0255D
NTPC Ltd,06AAACN0255D1Z2,Active,6,AAACN0255D
NTPC Ltd,37AAACN0255D1D6,Active,37,AAACN0255D
NTPC Ltd,32AAACN0255D2Z6,Active,32,AAACN0255D
NTPC Ltd,27AAACN0255D1ZY,Active,27,AAACN0255D
NTPC Ltd,19AAACN0255D1D4,Active,19,AAACN0255D
NTPC Ltd,35AAACN0255D1Z1,Active,35,AAACN0255D
NTPC Ltd,08AAACN0255D1ZY,Active,8,AAACN0255D
NTPC Ltd,23AAACN0255D1DF,Active,23,AAACN0255D
NTPC Ltd,29AAACN0255D1ZU,Active,29,AAACN0255D
NTPC Ltd,09AAACN0255D9ZO,Active,9,AAACN0255D
NTPC Ltd,36AAACN0255D1D8,Active,36,AAACN0255D
NTPC Ltd,23AAACN0255D4Z3,Active,23,AAACN0255D
NTPC Ltd,01AAACN0255D1DL,Active,1,AAACN0255D
NTPC Ltd,19AAACN0255D1ZV,Active,19,AAACN0255D
NTPC Ltd,22AAACN0255D1DH,Active,22,AAACN0255D
NTPC Ltd,20AAACN0255D1ZC,Active,20,AAACN0255D
NTPC Ltd,24AAACN0255D2Z3,Active,24,AAACN0255D
NTPC Ltd,07AAACN0255D5ZW,Active,7,AAACN0255D
NTPC Ltd,07AAACN0255D2ZZ,Active,7,AAACN0255D
NTPC Ltd,36AAACN0255D1ZZ,Active,36,AAACN0255D
NTPC Ltd,29AAACN0255D1D3,Active,29,AAACN0255D
NTPC Ltd,01AAACN0255D1ZC,Active,1,AAACN0255D
NTPC Ltd,21AAACN0255D1ZA,Active,21,AAACN0255D
NTPC Ltd,18AAACN0255D1ZX,Active,18,AAACN0255D
NTPC Ltd,21AAACN0255D1DJ,Active,21,AAACN0255D
NTPC Ltd,38AAACN0255D1D4,Active,38,AAACN0255D
NTPC Ltd,38AAACN0255D1ZV,Active,38,AAACN0255D
NTPC Ltd,09AAACN0255D1D5,Active,9,AAACN0255D
NTPC Ltd,09AAACN0255DDZK,Active,9,AAACN0255D
NTPC Ltd,22AAACN0255D4Z5,Active,22,AAACN0255D
NTPC Ltd,33AAACN0255D1Z5,Active,33,AAACN0255D
NTPC Ltd,37AAACN0255D2ZW,Active,37,AAACN0255D
NTPC Ltd,10AAACN0255D1DM,Active,10,AAACN0255D
NTPC Ltd,24AAACN0255D1DD,Active,24,AAACN0255D
Oil and Natural Gas Corporation Ltd,18AAACO1598A1DV,Active,18,AAACO1598A
Oil and Natural Gas Corporation Ltd,18AAACO1598A2ZL,Active,18,AAACO1598A
Oil and Natural Gas Corporation Ltd,30AAACO1598A1Z0,Active,30,AAACO1598A
Oil and Natural Gas Corporation Ltd,07AAACO1598A1ZP,Active,7,AAACO1598A
Oil and Natural Gas Corporation Ltd,07AAACO1598A1DY,Active,7,AAACO1598A
Oil and Natural Gas Corporation Ltd,19AAACO1598A1DT,Active,19,AAACO1598A
Oil and Natural Gas Corporation Ltd,24AAACO1598A3ZR,Active,24,AAACO1598A
Oil and Natural Gas Corporation Ltd,29AAACO1598A1DS,Active,29,AAACO1598A
Oil and Natural Gas Corporation Ltd,33AAACO1598A1ZU,Active,33,AAACO1598A
Oil and Natural Gas Corporation Ltd,97AAACO1598A1DP,Active,97,AAACO1598A
Oil and Natural Gas Corporation Ltd,05AAACO1598A1D2,Active,5,AAACO1598A
Oil and Natural Gas Corporation Ltd,10AAACO1598A1DB,Active,10,AAACO1598A
Oil and Natural Gas Corporation Ltd,09AAACO1598A1ZL,Active,9,AAACO1598A
Oil and Natural Gas Corporation Ltd,16AAACO1598A2ZP,Active,16,AAACO1598A
Oil and Natural Gas Corporation Ltd,33AAACO1598A1D3,Active,33,AAACO1598A
Oil and Natural Gas Corporation Ltd,06AAACO1598A1D0,Active,6,AAACO1598A
Oil and Natural Gas Corporation Ltd,20AAACO1598A1DA,Active,20,AAACO1598A
Oil and Natural Gas Corporation Ltd,29AAACO1598A3ZH,Active,29,AAACO1598A
Oil and Natural Gas Corporation Ltd,02AAACO1598A1D8,Active,2,AAACO1598A
Oil and Natural Gas Corporation Ltd,21AAACO1598A1ZZ,Active,21,AAACO1598A
Oil and Natural Gas Corporation Ltd,34AAACO1598A1ZS,Active,34,AAACO1598A
Oil and Natural Gas Corporation Ltd,24AAACO1598A1D2,Active,24,AAACO1598A
Oil and Natural Gas Corporation Ltd,08AAACO1598A1ZN,Active,8,AAACO1598A
Oil and Natural Gas Corporation Ltd,16AAACO1598A1DZ,Active,16,AAACO1598A
Oil and Natural Gas Corporation Ltd,19AAACO1598A1ZK,Active,19,AAACO1598A
Oil and Natural Gas Corporation Ltd,21AAACO1598A1D8,Active,21,AAACO1598A
Oil and Natural Gas Corporation Ltd,02AAACO1598A1ZZ,Active,2,AAACO1598A
Oil and Natural Gas Corporation Ltd,03AAACO1598A1ZX,Active,3,AAACO1598A
Oil and Natural Gas Corporation Ltd,37AAACO1598A1DV,Active,37,AAACO1598A
Oil and Natural Gas Corporation Ltd,05AAACO1598A3ZR,Active,5,AAACO1598A
Oil and Natural Gas Corporation Ltd,10AAACO1598A4ZZ,Active,10,AAACO1598A
Oil and Natural Gas Corporation Ltd,36AAACO1598A1ZO,Active,36,AAACO1598A
Oil and Natural Gas Corporation Ltd,97AAACO1598A1ZG,Active,97,AAACO1598A
Oil and Natural Gas Corporation Ltd,01AAACO1598A1DA,Active,1,AAACO1598A
Oil and Natural Gas Corporation Ltd,03AAACO1598A1D6,Active,3,AAACO1598A
Oil and Natural Gas Corporation Ltd,06AAACO1598A1ZR,Active,6,AAACO1598A
Oil and Natural Gas Corporation Ltd,07AAACO1598A2ZO,Active,7,AAACO1598A
Oil and Natural Gas Corporation Ltd,30AAACO1598A1D9,Active,30,AAACO1598A
Oil and Natural Gas Corporation Ltd,24AAACO1598A4ZQ,Active,24,AAACO1598A
Oil and Natural Gas Corporation Ltd,36AAACO1598A1DX,Active,36,AAACO1598A
Oil and Natural Gas Corporation Ltd,35AAACO1598A1DZ,Active,35,AAACO1598A
Oil and Natural Gas Corporation Ltd,27AAACO1598A1ZN,Active,27,AAACO1598A
Oil and Natural Gas Corporation Ltd,20AAACO1598A1Z1,Active,20,AAACO1598A
Oil and Natural Gas Corporation Ltd,34AAACO1598A1D1,Active,34,AAACO1598A
Oil and Natural Gas Corporation Ltd,27AAACO1598A1DW,Active,27,AAACO1598A
Oil and Natural Gas Corporation Ltd,09AAACO1598A1DU,Active,9,AAACO1598A
Oil and Natural Gas Corporation Ltd,23AAACO1598A1ZV,Active,23,AAACO1598A
Oil and Natural Gas Corporation Ltd,37AAACO1598A1ZM,Active,37,AAACO1598A
Oil and Natural Gas Corporation Ltd,22AAACO1598A1D6,Active,22,AAACO1598A
Oil and Natural Gas Corporation Ltd,22AAACO1598A2ZW,Active,22,AAACO1598A
Oil and Natural Gas Corporation Ltd,23AAACO1598A1D4,Active,23,AAACO1598A
Power Grid Corporation of India Ltd,03AAACP0252G1Z3,Active,3,AAACP0252G
Power Grid Corporation of India Ltd,23AAACP0252G1DA,Active,23,AAACP0252G
Power Grid Corporation of India Ltd,19AAACP0252G3ZO,Active,19,AAACP0252G
Power Grid Corporation of India Ltd,22AAACP0252G1Z3,Active,22,AAACP0252G
Power Grid Corporation of India Ltd,05AAACP0252G1ZZ,Active,5,AAACP0252G
Power Grid Corporation of India Ltd,09AAACP0252G3ZP,Active,9,AAACP0252G
Power Grid Corporation of India Ltd,30AAACP0252G1DF,Active,30,AAACP0252G
Power Grid Corporation of India Ltd,19AAACP0252G2ZP,Active,19,AAACP0252G
Power Grid Corporation of India Ltd,38AAACP0252G1ZQ,Active,38,AAACP0252G
Power Grid Corporation of India Ltd,14AAACP0252G1Z0,Active,14,AAACP0252G
Power Grid Corporation of India Ltd,09AAACP0252G2ZQ,Active,9,AAACP0252G
Power Grid Corporation of India Ltd,05AAACP0252G1D8,Active,5,AAACP0252G
Power Grid Corporation of India Ltd,15AAACP0252G1D7,Active,15,AAACP0252G
Power Grid Corporation of India Ltd,33AAACP0252G1Z0,Active,33,AAACP0252G
Power Grid Corporation of India Ltd,17AAACP0252G3ZS,Active,17,AAACP0252G
Power Grid Corporation of India Ltd,33AAACP0252G1D9,Active,33,AAACP0252G
Power Grid Corporation of India Ltd,27AAACP0252G2ZS,Active,27,AAACP0252G
Power Grid Corporation of India Ltd,36AAACP0252G2ZT,Active,36,AAACP0252G
Power Grid Corporation of India Ltd,34AAACP0252G1ZY,Active,34,AAACP0252G
Power Grid Corporation of India Ltd,26AAACP0252G1ZV,Active,26,AAACP0252G
Power Grid Corporation of India Ltd,10AAACP0252G1DH,Active,10,AAACP0252G
Power Grid Corporation of India Ltd,01AAACP0252G1Z7,Active,1,AAACP0252G
Power Grid Corporation of India Ltd,11AAACP0252G1Z6,Active,11,AAACP0252G
Power Grid Corporation of India Ltd,29AAACP0252G2ZO,Active,29,AAACP0252G
Power Grid Corporation of India Ltd,27AAACP0252G1ZT,Active,27,AAACP0252G
Power Grid Corporation of India Ltd,16AAACP0252G1D5,Active,16,AAACP0252G
Power Grid Corporation of India Ltd,30AAACP0252G1Z6,Active,30,AAACP0252G
Power Grid Corporation of India Ltd,17AAACP0252G1ZU,Active,17,AAACP0252G
Power Grid Corporation of India Ltd,01AAACP0252G2Z6,Active,1,AAACP0252G
Power Grid Corporation of India Ltd,37AAACP0252G1ZS,Active,37,AAACP0252G
Power Grid Corporation of India Ltd,08AAACP0252G1D2,Active,8,AAACP0252G
Power Grid Corporation of India Ltd,32AAACP0252G1DB,Active,32,AAACP0252G
Power Grid Corporation of India Ltd,35AAACP0252G1ZW,Active,35,AAACP0252G
Power Grid Corporation of India Ltd,24AAACP0252G1ZZ,Active,24,AAACP0252G
Power Grid Corporation of India Ltd,27AAACP0252G1D2,Active,27,AAACP0252G
Power Grid Corporation of India Ltd,09AAACP0252G1D0,Active,9,AAACP0252G
Power Grid Corporation of India Ltd,02AAACP0252G1Z5,Active,2,AAACP0252G
Power Grid Corporation of India Ltd,15AAACP0252G1ZY,Active,15,AAACP0252G
Power Grid Corporation of India Ltd,04AAACP0252G1Z1,Active,4,AAACP0252G
Power Grid Corporation of India Ltd,19AAACP0252G1DZ,Active,19,AAACP0252G
Power Grid Corporation of India Ltd,10AAACP0252G3Z6,Active,10,AAACP0252G
Power Grid Corporation of India Ltd,06AAACP0252G1D6,Active,6,AAACP0252G
Power Grid Corporation of India Ltd,01AAACP0252G1DG,Active,1,AAACP0252G
Power Grid Corporation of India Ltd,06AAACP0252G1ZX,Active,6,AAACP0252G
Power Grid Corporation of India Ltd,12AAACP0252G1DD,Active,12,AAACP0252G
Power Grid Corporation of India Ltd,02AAACP0252G1DE,Active,2,AAACP0252G
Power Grid Corporation of India Ltd,23AAACP0252G1Z1,Active,23,AAACP0252G
Power Grid Corporation of India Ltd,04AAACP0252G1DA,Active,4,AAACP0252G
Power Grid Corporation of India Ltd,38AAACP0252G1DZ,Active,38,AAACP0252G
Power Grid Corporation of India Ltd,12AAACP0252G1Z4,Active,12,AAACP0252G
Power Grid Corporation of India Ltd,18AAACP0252G1D1,Active,18,AAACP0252G
Power Grid Corporation of India Ltd,11AAACP0252G1DF,Active,11,AAACP0252G
Power Grid Corporation of India Ltd,36AAACP0252G1D3,Active,36,AAACP0252G
Power Grid Corporation of India Ltd,03AAACP0252G1DC,Active,3,AAACP0252G
Power Grid Corporation of India Ltd,08AAACP0252G1ZT,Active,8,AAACP0252G
Power Grid Corporation of India Ltd,07AAACP0252G1D4,Active,7,AAACP0252G
Power Grid Corporation of India Ltd,26AAACP0252G2D3,Active,26,AAACP0252G
Power Grid Corporation of India Ltd,14AAACP0252G1D9,Active,14,AAACP0252G
Power Grid Corporation of India Ltd,32AAACP0252G1Z2,Active,32,AAACP0252G
Power Grid Corporation of India Ltd,24AAACP0252G2ZY,Active,24,AAACP0252G
Power Grid Corporation of India Ltd,34AAACP0252G1D7,Active,34,AAACP0252G
Power Grid Corporation of India Ltd,20AAACP0252G1Z7,Active,20,AAACP0252G
Power Grid Corporation of India Ltd,29AAACP0252G1ZP,Active,29,AAACP0252G
Power Grid Corporation of India Ltd,13AAACP0252G1Z2,Active,13,AAACP0252G
Power Grid Corporation of India Ltd,29AAACP0252G1DY,Active,29,AAACP0252G
Power Grid Corporation of India Ltd,37AAACP0252G1D1,Active,37,AAACP0252G
Power Grid Corporation of India Ltd,17AAACP0252G1D3,Active,17,AAACP0252G
Power Grid Corporation of India Ltd,13AAACP0252G1DB,Active,13,AAACP0252G
Power Grid Corporation of India Ltd,36AAACP0252G1ZU,Active,36,AAACP0252G
Power Grid Corporation of India Ltd,22AAACP0252G1DC,Active,22,AAACP0252G
Power Grid Corporation of India Ltd,26AAACP0252G1D4,Active,26,AAACP0252G
Power Grid Corporation of India Ltd,16AAACP0252G1ZW,Active,16,AAACP0252G
Power Grid Corporation of India Ltd,10AAACP0252G1Z8,Active,10,AAACP0252G
Power Grid Corporation of India Ltd,07AAACP0252G1ZV,Active,7,AAACP0252G
Power Grid Corporation of India Ltd,21AAACP0252G1Z5,Active,21,AAACP0252G
Power Grid Corporation of India Ltd,18AAACP0252G3ZQ,Active,18,AAACP0252G
Power Grid Corporation of India Ltd,06AAACP0252G3ZV,Active,6,AAACP0252G
Shriram Finance Ltd,05AAACS7018R1ZZ,Active,5,AAACS7018R
Shriram Finance Ltd,35AAACS7018R1ZW,Active,35,AAACS7018R
Shriram Finance Ltd,36AAACS7018R1ZU,Active,36,AAACS7018R
Shriram Finance Ltd,24AAACS7018R1ZZ,Active,24,AAACS7018R
Shriram Finance Ltd,27AAACS7018R2ZS,Active,27,AAACS7018R
Shriram Finance Ltd,17AAACS7018R1ZU,Active,17,AAACS7018R
Shriram Finance Ltd,29AAACS7018R1ZP,Active,29,AAACS7018R
Shriram Finance Ltd,34AAACS7018R1ZY,Active,34,AAACS7018R
Shriram Finance Ltd,21AAACS7018R1Z5,Active,21,AAACS7018R
Shriram Finance Ltd,32AAACS7018R1Z2,Active,32,AAACS7018R
Shriram Finance Ltd,27AAACS7018R1ZT,Active,27,AAACS7018R
Shriram Finance Ltd,23AAACS7018R1Z1,Active,23,AAACS7018R
Shriram Finance Ltd,03AAACS7018R1Z3,Active,3,AAACS7018R
Shriram Finance Ltd,01AAACS7018R1Z7,Active,1,AAACS7018R
Shriram Finance Ltd,09AAACS7018R1ZR,Active,9,AAACS7018R
Shriram Finance Ltd,07AAACS7018R2ZU,Active,7,AAACS7018R
Shriram Finance Ltd,30AAACS7018R1Z6,Active,30,AAACS7018R
Shriram Finance Ltd,14AAACS7018R1Z0,Active,14,AAACS7018R
Shriram Finance Ltd,29AAACS7018R2ZO,Active,29,AAACS7018R
Shriram Finance Ltd,33AAACS7018R1Z0,Active,33,AAACS7018R
Shriram Finance Ltd,11AAACS7018R1Z6,Active,11,AAACS7018R
Shriram Finance Ltd,18AAACS7018R1ZS,Active,18,AAACS7018R
Shriram Finance Ltd,08AAACS7018R1ZT,Active,8,AAACS7018R
Shriram Finance Ltd,16AAACS7018R1ZW,Active,16,AAACS7018R
Shriram Finance Ltd,02AAACS7018R1Z5,Active,2,AAACS7018R
Shriram Finance Ltd,19AAACS7018R1ZQ,Active,19,AAACS7018R
Shriram Finance Ltd,22AAACS7018R1Z3,Active,22,AAACS7018R
Shriram Finance Ltd,26AAACS7018R1ZV,Active,26,AAACS7018R
Shriram Finance Ltd,10AAACS7018R1Z8,Active,10,AAACS7018R
Shriram Finance Ltd,20AAACS7018R1Z7,Active,20,AAACS7018R
Shriram Finance Ltd,04AAACS7018R1Z1,Active,4,AAACS7018R
Shriram Finance Ltd,06AAACS7018R1ZX,Active,6,AAACS7018R
Shriram Finance Ltd,37AAACS7018R1ZS,Active,37,AAACS7018R
Shriram Finance Ltd,06AAACS7018R2ZW,Active,6,AAACS7018R
Shriram Finance Ltd,37AAACS7018R2ZR,Active,37,AAACS7018R
State Bank Of India,22AAACS8577K1D8,Active,22,AAACS8577K
State Bank Of India,23AAACS8577K1ZX,Active,23,AAACS8577K
State Bank Of India,06AAACS8577K1D2,Active,6,AAACS8577K
State Bank Of India,03AAACS8577K1ZZ,Active,3,AAACS8577K
State Bank Of India,10AAACS8577K1DD,Active,10,AAACS8577K
State Bank Of India,03AAACS8577K7ZT,Active,3,AAACS8577K
State Bank Of India,32AAACS8577KAZP,Active,32,AAACS8577K
State Bank Of India,07AAACS8577K2DZ,Active,7,AAACS8577K
State Bank Of India,38AAACS8577K1ZM,Active,38,AAACS8577K
State Bank Of India,09AAACS8577K1DW,Active,9,AAACS8577K
State Bank Of India,33AAACS8577K1D5,Active,33,AAACS8577K
State Bank Of India,29AAACS8577K2DT,Active,29,AAACS8577K
State Bank Of India,14AAACS8577K2ZV,Active,14,AAACS8577K
State Bank Of India,05AAACS8577K1D4,Active,5,AAACS8577K
State Bank Of India,01AAACS8577K1Z3,Active,1,AAACS8577K
State Bank Of India,20AAACS8577K2DB,Active,20,AAACS8577K
State Bank Of India,22AAACS8577K2D7,Active,22,AAACS8577K
State Bank Of India,38AAACS8577K1DV,Active,38,AAACS8577K
State Bank Of India,23AAACS8577K2D5,Active,23,AAACS8577K
State Bank Of India,35AAACS8577K1D1,Active,35,AAACS8577K
State Bank Of India,26AAACS8577K2DZ,Active,26,AAACS8577K
State Bank Of India,37AAACS8577K1ZO,Active,37,AAACS8577K
State Bank Of India,26AAACS8577K1D0,Active,26,AAACS8577K
State Bank Of India,09AAACS8577KCZC,Active,9,AAACS8577K
State Bank Of India,09AAACS8577K2DV,Active,9,AAACS8577K
State Bank Of India,09AAACS8577KBZD,Active,9,AAACS8577K
State Bank Of India,02AAACS8577K1Z1,Active,2,AAACS8577K
State Bank Of India,24AAACS8577K3ZT,Active,24,AAACS8577K
State Bank Of India,07AAACS8577K1ZR,Active,7,AAACS8577K
State Bank Of India,36AAACS8577K1ZQ,Active,36,AAACS8577K
State Bank Of India,30AAACS8577K1DB,Active,30,AAACS8577K
State Bank Of India,27AAACS8577K2ZO,Active,27,AAACS8577K
State Bank Of India,01AAACS8577K1DC,Active,1,AAACS8577K
State Bank Of India,08AAACS8577K4ZM,Active,8,AAACS8577K
State Bank Of India,27AAACS8577K5DU,Active,27,AAACS8577K
State Bank Of India,29AAACS8577K5ZH,Active,29,AAACS8577K
State Bank Of India,02AAACS8577K1DA,Active,2,AAACS8577K
State Bank Of India,14AAACS8577K2D4,Active,14,AAACS8577K
State Bank Of India,03AAACS8577K1D8,Active,3,AAACS8577K
State Bank Of India,34AAACS8577K2ZT,Active,34,AAACS8577K
State Bank Of India,18AAACS8577K4ZL,Active,18,AAACS8577K
State Bank Of India,34AAACS8577K1D3,Active,34,AAACS8577K
State Bank Of India,13AAACS8577K2D6,Active,13,AAACS8577K
State Bank Of India,08AAACS8577K2DX,Active,8,AAACS8577K
State Bank Of India,08AAACS8577K1DY,Active,8,AAACS8577K
State Bank Of India,16AAACS8577K2D0,Active,16,AAACS8577K
State Bank Of India,36AAACS8577K1DZ,Active,36,AAACS8577K
State Bank Of India,05AAACS8577K1ZV,Active,5,AAACS8577K
State Bank Of India,35AAACS8577K3ZQ,Active,35,AAACS8577K
State Bank Of India,09AAACS8577KAZE,Active,9,AAACS8577K
State Bank Of India,27AAACS8577K4DV,Active,27,AAACS8577K
State Bank Of India,21AAACS8577K1Z1,Active,21,AAACS8577K
State Bank Of India,10AAACS8577K2DC,Active,10,AAACS8577K
State Bank Of India,14AAACS8577K1ZW,Active,14,AAACS8577K
State Bank Of India,27AAACS8577K5ZL,Active,27,AAACS8577K
State Bank Of India,12AAACS8577K1D9,Active,12,AAACS8577K
State Bank Of India,19AAACS8577K1DV,Active,19,AAACS8577K
State Bank Of India,36AAACS8577K2DY,Active,36,AAACS8577K
State Bank Of India,16AAACS8577K1D1,Active,16,AAACS8577K
State Bank Of India,26AAACS8577K3ZP,Active,26,AAACS8577K
State Bank Of India,07AAACS8577K4ZO,Active,7,AAACS8577K
State Bank Of India,27AAACS8577K3DW,Active,27,AAACS8577K
State Bank Of India,06AAACS8577K3ZR,Active,6,AAACS8577K
State Bank Of India,08AAACS8577K1ZP,Active,8,AAACS8577K
State Bank Of India,16AAACS8577K1ZS,Active,16,AAACS8577K
State Bank Of India,15AAACS8577K2D2,Active,15,AAACS8577K
State Bank Of India,37AAACS8577K4ZL,Active,37,AAACS8577K
State Bank Of India,29AAACS8577K4ZI,Active,29,AAACS8577K
State Bank Of India,20AAACS8577K1DC,Active,20,AAACS8577K
State Bank Of India,34AAACS8577K2D2,Active,34,AAACS8577K
State Bank Of India,15AAACS8577K3ZS,Active,15,AAACS8577K
State Bank Of India,06AAACS8577K8ZM,Active,6,AAACS8577K
State Bank Of India,11AAACS8577K1DB,Active,11,AAACS8577K
State Bank Of India,19AAACS8577K5ZI,Active,19,AAACS8577K
State Bank Of India,29AAACS8577K3ZJ,Active,29,AAACS8577K
State Bank Of India,24AAACS8577K1D4,Active,24,AAACS8577K
State Bank Of India,14AAACS8577K1D5,Active,14,AAACS8577K
State Bank Of India,24AAACS8577K3D2,Active,24,AAACS8577K
State Bank Of India,27AAACS8577K1DY,Active,27,AAACS8577K
State Bank Of India,04AAACS8577K1ZX,Active,4,AAACS8577K
State Bank Of India,19AAACS8577K2DU,Active,19,AAACS8577K
State Bank Of India,13AAACS8577K4ZV,Active,13,AAACS8577K
State Bank Of India,18AAACS8577K1DX,Active,18,AAACS8577K
State Bank Of India,21AAACS8577K1DA,Active,21,AAACS8577K
State Bank Of India,21AAACS8577K2Z0,Active,21,AAACS8577K
State Bank Of India,37AAACS8577K2DW,Active,37,AAACS8577K
State Bank Of India,04AAACS8577K2D5,Active,4,AAACS8577K
State Bank Of India,07AAACS8577K1D0,Active,7,AAACS8577K
State Bank Of India,23AAACS8577K3ZV,Active,23,AAACS8577K
State Bank Of India,06AAACS8577K2D1,Active,6,AAACS8577K
State Bank Of India,33AAACS8577K1ZW,Active,33,AAACS8577K
State Bank Of India,32AAACS8577K2D6,Active,32,AAACS8577K
State Bank Of India,24AAACS8577K2D3,Active,24,AAACS8577K
State Bank Of India,33AAACS8577K2D4,Active,33,AAACS8577K
State Bank Of India,15AAACS8577K1D3,Active,15,AAACS8577K
State Bank Of India,33AAACS8577K7ZQ,Active,33,AAACS8577K
State Bank Of India,05AAACS8577K2D3,Active,5,AAACS8577K
State Bank Of India,31AAACS8577K2ZZ,Active,31,AAACS8577K
State Bank Of India,30AAACS8577K1Z2,Active,30,AAACS8577K
State Bank Of India,32AAACS8577K2ZX,Active,32,AAACS8577K
State Bank Of India,19AAACS8577K3ZK,Active,19,AAACS8577K
State Bank Of India,32AAACS8577K1D7,Active,32,AAACS8577K
State Bank Of India,36AAACS8577K4ZN,Active,36,AAACS8577K
State Bank Of India,21AAACS8577K2D9,Active,21,AAACS8577K
State Bank Of India,36AAACS8577K3ZO,Active,36,AAACS8577K
State Bank Of India,37AAACS8577K1DX,Active,37,AAACS8577K
State Bank Of India,01AAACS8577K2DB,Active,1,AAACS8577K
State Bank Of India,24AAACS8577K5ZR,Active,24,AAACS8577K
State Bank Of India,27AAACS8577K3ZN,Active,27,AAACS8577K
State Bank Of India,27AAACS8577K2DX,Active,27,AAACS8577K
State Bank Of India,11AAACS8577K3Z0,Active,11,AAACS8577K
State Bank Of India,17AAACS8577K1ZQ,Active,17,AAACS8577K
State Bank Of India,07AAACS8577K2ZQ,Active,7,AAACS8577K
State Bank Of India,18AAACS8577K1ZO,Active,18,AAACS8577K
State Bank Of India,24AAACS8577K1ZV,Active,24,AAACS8577K
State Bank Of India,19AAACS8577K4ZJ,Active,19,AAACS8577K
State Bank Of India,22AAACS8577K1ZZ,Active,22,AAACS8577K
State Bank Of India,04AAACS8577K3ZV,Active,4,AAACS8577K
State Bank Of India,34AAACS8577K1ZU,Active,34,AAACS8577K
State Bank Of India,24AAACS8577K4ZS,Active,24,AAACS8577K
State Bank Of India,04AAACS8577K1D6,Active,4,AAACS8577K
State Bank Of India,31AAACS8577K1D9,Active,31,AAACS8577K
State Bank Of India,20AAACS8577K1Z3,Active,20,AAACS8577K
State Bank Of India,17AAACS8577K1DZ,Active,17,AAACS8577K
State Bank Of India,03AAACS8577K2D7,Active,3,AAACS8577K
State Bank Of India,29AAACS8577K1DU,Active,29,AAACS8577K
State Bank Of India,27AAACS8577K4ZM,Active,27,AAACS8577K
State Bank Of India,18AAACS8577K2DW,Active,18,AAACS8577K
State Bank Of India,10AAACS8577K2Z3,Active,10,AAACS8577K
State Bank Of India,12AAACS8577K2D8,Active,12,AAACS8577K
State Bank Of India,12AAACS8577K3ZY,Active,12,AAACS8577K
State Bank Of India,23AAACS8577K1D6,Active,23,AAACS8577K
State Bank Of India,13AAACS8577K1D7,Active,13,AAACS8577K
State Bank Of India,17AAACS8577K2DY,Active,17,AAACS8577K
State Bank Of India,04AAACS8577K4ZU,Active,4,AAACS8577K
Tata Steel Ltd,19AAACT2803M1Z8,Active,19,AAACT2803M
Tata Steel Ltd,04AAACT2803M1CU,Active,4,AAACT2803M
Tata Steel Ltd,27AAACT2803M2ZA,Active,27,AAACT2803M
Tata Steel Ltd,36AAACT2803M1CN,Active,36,AAACT2803M
Tata Steel Ltd,34AAACT2803M1CR,Active,34,AAACT2803M
Tata Steel Ltd,33AAACT2803M1ZI,Active,33,AAACT2803M
Tata Steel Ltd,19AAACT2803M2Z7,Active,19,AAACT2803M
Tata Steel Ltd,19AAACT2803M1CJ,Active,19,AAACT2803M
Tata Steel Ltd,30AAACT2803M1CZ,Active,30,AAACT2803M
Tata Steel Ltd,21AAACT2803M1ZN,Active,21,AAACT2803M
Tata Steel Ltd,32AAACT2803M1ZK,Active,32,AAACT2803M
Tata Steel Ltd,37AAACT2803M1ZA,Active,37,AAACT2803M
Tata Steel Ltd,08AAACT2803M1CM,Active,8,AAACT2803M
Tata Steel Ltd,18AAACT2803M1ZA,Active,18,AAACT2803M
Tata Steel Ltd,10AAACT2803M1ZQ,Active,10,AAACT2803M
Tata Steel Ltd,09AAACT2803M1CK,Active,9,AAACT2803M
Tata Steel Ltd,31AAACT2803M1CX,Active,31,AAACT2803M
Tata Steel Ltd,29AAACT2803M1CI,Active,29,AAACT2803M
Tata Steel Ltd,35AAACT2803M1CP,Active,35,AAACT2803M
Tata Steel Ltd,15AAACT2803M1CR,Active,15,AAACT2803M
Tata Steel Ltd,27AAACT2803M1ZB,Active,27,AAACT2803M
Tata Steel Ltd,27AAACT2803M1CM,Active,27,AAACT2803M
Tata Steel Ltd,13AAACT2803M1CV,Active,13,AAACT2803M
Tata Steel Ltd,24AAACT2803M1CS,Active,24,AAACT2803M
Tata Steel Ltd,30AAACT2803M1ZO,Active,30,AAACT2803M
Tata Steel Ltd,22AAACT2803M1CW,Active,22,AAACT2803M
Tata Steel Ltd,03AAACT2803M1ZL,Active,3,AAACT2803M
Tata Steel Ltd,11AAACT2803M1CZ,Active,11,AAACT2803M
Tata Steel Ltd,20AAACT2803M6ZK,Active,20,AAACT2803M
Tata Steel Ltd,23AAACT2803M1ZJ,Active,23,AAACT2803M
Tata Steel Ltd,20AAACT2803M2ZO,Active,20,AAACT2803M
Tata Steel Ltd,36AAACT2803M1ZC,Active,36,AAACT2803M
Tata Steel Ltd,10AAACT2803M1C1,Active,10,AAACT2803M
Tata Steel Ltd,17AAACT2803M1CN,Active,17,AAACT2803M
Tata Steel Ltd,26AAACT2803M1CO,Active,26,AAACT2803M
Tata Steel Ltd,33AAACT2803M1CT,Active,33,AAACT2803M
Tata Steel Ltd,07AAACT2803M2ZC,Active,7,AAACT2803M
Tata Steel Ltd,07AAACT2803M1CO,Active,7,AAACT2803M
Tata Steel Ltd,32AAACT2803M1CV,Active,32,AAACT2803M
Tata Steel Ltd,20AAACT2803M1C0,Active,20,AAACT2803M
Tata Steel Ltd,07AAACT2803M1ZD,Active,7,AAACT2803M
Tata Steel Ltd,06AAACT2803M1CQ,Active,6,AAACT2803M
Tata Steel Ltd,38AAACT2803M1CJ,Active,38,AAACT2803M
Tata Steel Ltd,01AAACT2803M1C0,Active,1,AAACT2803M
Tata Steel Ltd,09AAACT2803M1Z9,Active,9,AAACT2803M
Tata Steel Ltd,21AAACT2803M1CY,Active,21,AAACT2803M
Tata Steel Ltd,02AAACT2803M1ZN,Active,2,AAACT2803M
Tata Steel Ltd,06AAACT2803M1ZF,Active,6,AAACT2803M
Tata Steel Ltd,22AAACT2803M2ZK,Active,22,AAACT2803M
Tata Steel Ltd,05AAACT2803M1ZH,Active,5,AAACT2803M
Tata Steel Ltd,37AAACT2803M1CL,Active,37,AAACT2803M
Tata Steel Ltd,18AAACT2803M1CL,Active,18,AAACT2803M
Tata Steel Ltd,14AAACT2803M1CT,Active,14,AAACT2803M
Tata Steel Ltd,26AAACT2803M1ZD,Active,26,AAACT2803M
Tata Steel Ltd,03AAACT2803M1CW,Active,3,AAACT2803M
Tata Steel Ltd,02AAACT2803M1CY,Active,2,AAACT2803M
Tata Steel Ltd,24AAACT2803M1ZH,Active,24,AAACT2803M
Tata Steel Ltd,23AAACT2803M1CU,Active,23,AAACT2803M
Tata Steel Ltd,05AAACT2803M1CS,Active,5,AAACT2803M
Tata Steel Ltd,16AAACT2803M1CP,Active,16,AAACT2803M
Tata Steel Ltd,12AAACT2803M1CX,Active,12,AAACT2803M
Tata Steel Ltd,29AAACT2803M1Z7,Active,29,AAACT2803M
Tata Steel Ltd,04AAACT2803M1ZJ,Active,4,AAACT2803M
Tata Steel Ltd,08AAACT2803M1ZB,Active,8,AAACT2803M
Tata Steel Ltd,03AAACT2803M2ZK,Active,3,AAACT2803M
Titan Company Ltd,07AAACT5131A1ZZ,Active,7,AAACT5131A
Titan Company Ltd,24AAACT5131A1Z3,Active,24,AAACT5131A
Titan Company Ltd,18AAACT5131A1ZW,Active,18,AAACT5131A
Titan Company Ltd,37AAACT5131A1C7,Active,37,AAACT5131A
Titan Company Ltd,08AAACT5131A1ZX,Active,8,AAACT5131A
Titan Company Ltd,36AAACT5131A1C9,Active,36,AAACT5131A
Titan Company Ltd,05AAACT5131A1CE,Active,5,AAACT5131A
Titan Company Ltd,06AAACT5131A1CC,Active,6,AAACT5131A
Titan Company Ltd,33AAACT5131A1CF,Active,33,AAACT5131A
Titan Company Ltd,22AAACT5131A1CI,Active,22,AAACT5131A
Titan Company Ltd,20AAACT5131A1CM,Active,20,AAACT5131A
Titan Company Ltd,11AAACT5131A2Z9,Active,11,AAACT5131A
Titan Company Ltd,04AAACT5131A1CG,Active,4,AAACT5131A
Titan Company Ltd,11AAACT5131A1CL,Active,11,AAACT5131A
Titan Company Ltd,08AAACT5131A1C8,Active,8,AAACT5131A
Titan Company Ltd,27AAACT5131A1ZX,Active,27,AAACT5131A
Titan Company Ltd,32AAACT5131A1CH,Active,32,AAACT5131A
Titan Company Ltd,01AAACT5131A1ZB,Active,1,AAACT5131A
Titan Company Ltd,29AAACT5131A1ZT,Active,29,AAACT5131A
Titan Company Ltd,27AAACT5131A1C8,Active,27,AAACT5131A
Titan Company Ltd,23AAACT5131A1CG,Active,23,AAACT5131A
Titan Company Ltd,37AAACT5131A1ZW,Active,37,AAACT5131A
Titan Company Ltd,36AAACT5131A1ZY,Active,36,AAACT5131A
Titan Company Ltd,21AAACT5131A1CK,Active,21,AAACT5131A
Titan Company Ltd,02AAACT5131A1Z9,Active,2,AAACT5131A
Titan Company Ltd,11AAACT5131A1ZA,Active,11,AAACT5131A
Titan Company Ltd,22AAACT5131A1Z7,Active,22,AAACT5131A
Titan Company Ltd,07AAACT5131A1CA,Active,7,AAACT5131A
Titan Company Ltd,19AAACT5131A1ZU,Active,19,AAACT5131A
Titan Company Ltd,10AAACT5131A1ZC,Active,10,AAACT5131A
Titan Company Ltd,29AAACT5131A2ZS,Active,29,AAACT5131A
Titan Company Ltd,34AAACT5131A1Z2,Active,34,AAACT5131A
Titan Company Ltd,30AAACT5131A1ZA,Active,30,AAACT5131A
Titan Company Ltd,05AAACT5131A2Z2,Active,5,AAACT5131A
Titan Company Ltd,34AAACT5131A1CD,Active,34,AAACT5131A
Titan Company Ltd,15AAACT5131A1Z2,Active,15,AAACT5131A
Titan Company Ltd,04AAACT5131A1Z5,Active,4,AAACT5131A
Titan Company Ltd,09AAACT5131A2ZU,Active,9,AAACT5131A
Titan Company Ltd,06AAACT5131A1Z1,Active,6,AAACT5131A
Titan Company Ltd,03AAACT5131A1CI,Active,3,AAACT5131A
Titan Company Ltd,23AAACT5131A1Z5,Active,23,AAACT5131A
Titan Company Ltd,18AAACT5131A1C7,Active,18,AAACT5131A
Titan Company Ltd,33AAACT5131A1Z4,Active,33,AAACT5131A
Titan Company Ltd,19AAACT5131A1C5,Active,19,AAACT5131A
Titan Company Ltd,03AAACT5131A1Z7,Active,3,AAACT5131A
Titan Company Ltd,35AAACT5131A1Z0,Active,35,AAACT5131A
Titan Company Ltd,24AAACT5131A1CE,Active,24,AAACT5131A
Titan Company Ltd,32AAACT5131A1Z6,Active,32,AAACT5131A
Titan Company Ltd,10AAACT5131A1CN,Active,10,AAACT5131A
Titan Company Ltd,20AAACT5131A1ZB,Active,20,AAACT5131A
Titan Company Ltd,21AAACT5131A1Z9,Active,21,AAACT5131A
Titan Company Ltd,13AAACT5131A1Z6,Active,13,AAACT5131A
Titan Company Ltd,09AAACT5131A1C6,Active,9,AAACT5131A
Titan Company Ltd,30AAACT5131A1CL,Active,30,AAACT5131A
Titan Company Ltd,29AAACT5131A1C4,Active,29,AAACT5131A
Titan Company Ltd,01AAACT5131A1CM,Active,1,AAACT5131A
Titan Company Ltd,02AAACT5131A1CK,Active,2,AAACT5131A
Wipro Ltd,37AAACW0387R1ZM,Active,37,AAACW0387R
Wipro Ltd,09AAACW0387R2ZK,Active,9,AAACW0387R
Wipro Ltd,03AAACW0387R1ZX,Active,3,AAACW0387R
Wipro Ltd,37AAACW0387R5ZI,Active,37,AAACW0387R
Wipro Ltd,24AAACW0387R1ZT,Active,24,AAACW0387R
Wipro Ltd,08AAACW0387R4ZK,Active,8,AAACW0387R
Wipro Ltd,32AAACW0387R3ZU,Active,32,AAACW0387R
Wipro Ltd,19AAACW0387R2ZJ,Active,19,AAACW0387R
Wipro Ltd,33AAACW0387R3ZS,Active,33,AAACW0387R
Wipro Ltd,36AAACW0387R5ZK,Active,36,AAACW0387R
Wipro Ltd,19AAACW0387R1ZK,Active,19,AAACW0387R
Wipro Ltd,29AAACW0387R5ZF,Active,29,AAACW0387R
Wipro Ltd,29AAACW0387R7ZD,Active,29,AAACW0387R
Wipro Ltd,36AAACW0387R4ZL,Active,36,AAACW0387R
Wipro Ltd,07AAACW0387R1ZP,Active,7,AAACW0387R
Wipro Ltd,27AAACW0387R2ZM,Active,27,AAACW0387R
Wipro Ltd,32AAACW0387R1ZW,Active,32,AAACW0387R
Wipro Ltd,02AAACW0387R1ZZ,Active,2,AAACW0387R
Wipro Ltd,34AAACW0387R1ZS,Active,34,AAACW0387R
Wipro Ltd,32AAACW0387R4ZT,Active,32,AAACW0387R
Wipro Ltd,19AAACW0387R3ZI,Active,19,AAACW0387R
Wipro Ltd,05AAACW0387R1ZT,Active,5,AAACW0387R
Wipro Ltd,22AAACW0387R2ZW,Active,22,AAACW0387R
Wipro Ltd,27AAACW0387R1ZN,Active,27,AAACW0387R
Wipro Ltd,08AAACW0387R1ZN,Active,8,AAACW0387R
Wipro Ltd,33AAACW0387R2ZT,Active,33,AAACW0387R
Wipro Ltd,21AAACW0387R3ZX,Active,21,AAACW0387R
Wipro Ltd,06AAACW0387R5ZN,Active,6,AAACW0387R
Wipro Ltd,36AAACW0387R3ZM,Active,36,AAACW0387R
Wipro Ltd,09AAACW0387R4ZI,Active,9,AAACW0387R
Wipro Ltd,36AAACW0387R1ZO,Active,36,AAACW0387R
Wipro Ltd,29AAACW0387R6ZE,Active,29,AAACW0387R
Wipro Ltd,27AAACW0387R3ZL,Active,27,AAACW0387R
Wipro Ltd,21AAACW0387R2ZY,Active,21,AAACW0387R
Wipro Ltd,29AAACW0387R2ZI,Active,29,AAACW0387R
Wipro Ltd,37AAACW0387R4ZJ,Active,37,AAACW0387R
Wipro Ltd,24AAACW0387R2ZS,Active,24,AAACW0387R
Wipro Ltd,18AAACW0387R3ZK,Active,18,AAACW0387R
Wipro Ltd,09AAACW0387R5ZH,Active,9,AAACW0387R
Wipro Ltd,21AAACW0387R1ZZ,Active,21,AAACW0387R
Wipro Ltd,01AAACW0387R1Z1,Active,1,AAACW0387R
Wipro Ltd,04AAACW0387R1ZV,Active,4,AAACW0387R
Wipro Ltd,10AAACW0387R1Z2,Active,10,AAACW0387R
Wipro Ltd,06AAACW0387R3ZP,Active,6,AAACW0387R
Wipro Ltd,20AAACW0387R1Z1,Active,20,AAACW0387R
Wipro Ltd,33AAACW0387R1ZU,Active,33,AAACW0387R
Adani Enterprises Ltd,24AABCA2804L1Z0,Active,24,AABCA2804L
Adani Enterprises Ltd,07AABCA2804L2ZV,Active,7,AABCA2804L
Adani Enterprises Ltd,27AABCA2804L1ZU,Active,27,AABCA2804L
Adani Enterprises Ltd,37AABCA2804L1ZT,Active,37,AABCA2804L
Adani Enterprises Ltd,29AABCA2804L1ZQ,Active,29,AABCA2804L
Adani Enterprises Ltd,06AABCA2804L1ZY,Active,6,AABCA2804L
Adani Enterprises Ltd,33AABCA2804L1Z1,Active,33,AABCA2804L
Adani Enterprises Ltd,20AABCA2804L1Z8,Active,20,AABCA2804L
Adani Enterprises Ltd,07AABCA2804L1ZW,Active,7,AABCA2804L
Adani Enterprises Ltd,08AABCA2804L2ZT,Active,8,AABCA2804L
Adani Enterprises Ltd,24AABCA2804L3ZY,Active,24,AABCA2804L
Adani Enterprises Ltd,34AABCA2804L2ZY,Active,34,AABCA2804L
Adani Enterprises Ltd,21AABCA2804L1Z6,Active,21,AABCA2804L
Adani Enterprises Ltd,30AABCA2804L1Z7,Active,30,AABCA2804L
Adani Enterprises Ltd,24AABCA2804L2ZZ,Active,24,AABCA2804L
Adani Enterprises Ltd,09AABCA2804L2ZR,Active,9,AABCA2804L
Adani Enterprises Ltd,06AABCA2804L2ZX,Active,6,AABCA2804L
Adani Enterprises Ltd,23AABCA2804L1Z2,Active,23,AABCA2804L
Adani Enterprises Ltd,19AABCA2804L1ZR,Active,19,AABCA2804L
Adani Enterprises Ltd,22AABCA2804L1Z4,Active,22,AABCA2804L
Adani Enterprises Ltd,09AABCA2804L1ZS,Active,9,AABCA2804L
Bajaj Finance Ltd,01AABCB1518L1Z6,Active,1,AABCB1518L
Bajaj Finance Ltd,29AABCB1518L1ZO,Active,29,AABCB1518L
Bajaj Finance Ltd,09AABCB1518L2ZP,Active,9,AABCB1518L
Bajaj Finance Ltd,20AABCB1518L1Z6,Active,20,AABCB1518L
Bajaj Finance Ltd,08AABCB1518L1ZS,Active,8,AABCB1518L
Bajaj Finance Ltd,03AABCB1518L2Z1,Active,3,AABCB1518L
Bajaj Finance Ltd,35AABCB1518L2ZU,Active,35,AABCB1518L
Bajaj Finance Ltd,03AABCB1518L1Z2,Active,3,AABCB1518L
Bajaj Finance Ltd,23AABCB1518L1Z0,Active,23,AABCB1518L
Bajaj Finance Ltd,02AABCB1518L2Z3,Active,2,AABCB1518L
Bajaj Finance Ltd,05AABCB1518L2ZX,Active,5,AABCB1518L
Bajaj Finance Ltd,10AABCB1518L1Z7,Active,10,AABCB1518L
Bajaj Finance Ltd,34AABCB1518L3ZV,Active,34,AABCB1518L
Bajaj Finance Ltd,33AABCB1518L1ZZ,Active,33,AABCB1518L
Bajaj Finance Ltd,16AABCB1518L3ZT,Active,16,AABCB1518L
Bajaj Finance Ltd,34AABCB1518L2ZW,Active,34,AABCB1518L
Bajaj Finance Ltd,17AABCB1518L1ZT,Active,17,AABCB1518L
Bajaj Finance Ltd,23AABCB1518L2ZZ,Active,23,AABCB1518L
Bajaj Finance Ltd,04AABCB1518L2ZZ,Active,4,AABCB1518L
Bajaj Finance Ltd,24AABCB1518L2ZX,Active,24,AABCB1518L
Bajaj Finance Ltd,06AABCB1518L1ZW,Active,6,AABCB1518L
Bajaj Finance Ltd,29AABCB1518L1CZ,Active,29,AABCB1518L
Bajaj Finance Ltd,21AABCB1518L1Z4,Active,21,AABCB1518L
Bajaj Finance Ltd,33AABCB1518L2ZY,Active,33,AABCB1518L
Bajaj Finance Ltd,36AABCB1518L2ZS,Active,36,AABCB1518L
Bajaj Finance Ltd,26AABCB1518L1ZU,Active,26,AABCB1518L
Bajaj Finance Ltd,32AABCB1518L2Z0,Active,32,AABCB1518L
Bajaj Finance Ltd,18AABCB1518L3ZP,Active,18,AABCB1518L
Bajaj Finance Ltd,04AABCB1518L3ZY,Active,4,AABCB1518L
Bajaj Finance Ltd,32AABCB1518L1Z1,Active,32,AABCB1518L
Bajaj Finance Ltd,27AABCB1518L3ZQ,Active,27,AABCB1518L
Bajaj Finance Ltd,29AABCB1518L2ZN,Active,29,AABCB1518L
Bajaj Finance Ltd,05AABCB1518L3ZW,Active,5,AABCB1518L
Bajaj Finance Ltd,16AABCB1518L2ZU,Active,16,AABCB1518L
Bajaj Finance Ltd,02AABCB1518L1Z4,Active,2,AABCB1518L
Bajaj Finance Ltd,36AABCB1518L1ZT,Active,36,AABCB1518L
Bajaj Finance Ltd,13AABCB1518L1Z1,Active,13,AABCB1518L
Bajaj Finance Ltd,09AABCB1518L1ZQ,Active,9,AABCB1518L
Bajaj Finance Ltd,06AABCB1518L1C7,Active,6,AABCB1518L
Bajaj Finance Ltd,27AABCB1518L1C3,Active,27,AABCB1518L
Bajaj Finance Ltd,07AABCB1518L1ZU,Active,7,AABCB1518L
Bajaj Finance Ltd,11AABCB1518L2Z4,Active,11,AABCB1518L
Bajaj Finance Ltd,13AABCB1518L2Z0,Active,13,AABCB1518L
Bajaj Finance Ltd,19AABCB1518L2ZO,Active,19,AABCB1518L
Bajaj Finance Ltd,15AABCB1518L1ZX,Active,15,AABCB1518L
Bajaj Finance Ltd,19AABCB1518L1ZP,Active,19,AABCB1518L
Bajaj Finance Ltd,09AABCB1518L1C1,Active,9,AABCB1518L
Bajaj Finance Ltd,10AABCB1518L2Z6,Active,10,AABCB1518L
Bajaj Finance Ltd,26AABCB1518L2ZT,Active,26,AABCB1518L
Bajaj Finance Ltd,15AABCB1518L2ZW,Active,15,AABCB1518L
Bajaj Finance Ltd,27AABCB1518L1ZS,Active,27,AABCB1518L
Bajaj Finance Ltd,01AABCB1518L2Z5,Active,1,AABCB1518L
Bajaj Finance Ltd,08AABCB1518L2ZR,Active,8,AABCB1518L
Bajaj Finance Ltd,12AABCB1518L1Z3,Active,12,AABCB1518L
Bajaj Finance Ltd,06AABCB1518L2ZV,Active,6,AABCB1518L
Bajaj Finance Ltd,37AABCB1518L1ZR,Active,37,AABCB1518L
Bajaj Finance Ltd,17AABCB1518L2ZS,Active,17,AABCB1518L
Bajaj Finance Ltd,21AABCB1518L2Z3,Active,21,AABCB1518L
Bajaj Finance Ltd,11AABCB1518L3Z3,Active,11,AABCB1518L
Bajaj Finance Ltd,37AABCB1518L2ZQ,Active,37,AABCB1518L
Bajaj Finance Ltd,07AABCB1518L2ZT,Active,7,AABCB1518L
Bajaj Finance Ltd,12AABCB1518L2Z2,Active,12,AABCB1518L
Bajaj Finance Ltd,30AABCB1518L2Z4,Active,30,AABCB1518L
Bajaj Finance Ltd,24AABCB1518L1ZY,Active,24,AABCB1518L
Bajaj Finance Ltd,22AABCB1518L1Z2,Active,22,AABCB1518L
Bajaj Finance Ltd,18AABCB1518L1ZR,Active,18,AABCB1518L
Bajaj Finance Ltd,27AABCB1518L4ZP,Active,27,AABCB1518L
Bajaj Finance Ltd,30AABCB1518L1Z5,Active,30,AABCB1518L
Bajaj Finance Ltd,20AABCB1518L2Z5,Active,20,AABCB1518L
Bajaj Finance Ltd,22AABCB1518L2Z1,Active,22,AABCB1518L
Bajaj Finance Ltd,35AABCB1518L1ZV,Active,35,AABCB1518L
Coal India Ltd,19AABCC3929J1ZH,Active,19,AABCC3929J
Coal India Ltd,07AABCC3929J2ZL,Active,7,AABCC3929J
Coal India Ltd,18AABCC3929J1DS,Active,18,AABCC3929J
Coal India Ltd,24AABCC3929J3ZO,Active,24,AABCC3929J
Coal India Ltd,18AABCC3929J1ZJ,Active,18,AABCC3929J
Coal India Ltd,27AABCC3929J1ZK,Active,27,AABCC3929J
Coal India Ltd,20AABCC3929J1ZY,Active,20,AABCC3929J
Coal India Ltd,27AABCC3929J2ZJ,Active,27,AABCC3929J
Coal India Ltd,19AABCC3929J2ZG,Active,19,AABCC3929J
Coal India Ltd,07AABCC3929J1ZM,Active,7,AABCC3929J
Coal India Ltd,27AABCC3929J1DT,Active,27,AABCC3929J
Coal India Ltd,12AABCC3929J1ZV,Active,12,AABCC3929J
Coal India Ltd,09AABCC3929J3ZG,Active,9,AABCC3929J
InterGlobe Aviation Ltd,27AABCI2726B1Z2,Active,27,AABCI2726B
InterGlobe Aviation Ltd,04AABCI2726B1ZA,Active,4,AABCI2726B
InterGlobe Aviation Ltd,16AABCI2726B1Z5,Active,16,AABCI2726B
InterGlobe Aviation Ltd,19AABCI2726B1ZZ,Active,19,AABCI2726B
InterGlobe Aviation Ltd,37AABCI2726B1Z1,Active,37,AABCI2726B
InterGlobe Aviation Ltd,09AABCI2726B1Z0,Active,9,AABCI2726B
InterGlobe Aviation Ltd,29AABCI2726B1C9,Active,29,AABCI2726B
InterGlobe Aviation Ltd,32AABCI2726B1ZB,Active,32,AABCI2726B
InterGlobe Aviation Ltd,35AABCI2726B1Z5,Active,35,AABCI2726B
InterGlobe Aviation Ltd,34AABCI2726B1Z7,Active,34,AABCI2726B
InterGlobe Aviation Ltd,08AABCI2726B1Z2,Active,8,AABCI2726B
InterGlobe Aviation Ltd,36AABCI2726B1Z3,Active,36,AABCI2726B
InterGlobe Aviation Ltd,07AABCI2726B2Z3,Active,7,AABCI2726B
InterGlobe Aviation Ltd,14AABCI2726B1Z9,Active,14,AABCI2726B
InterGlobe Aviation Ltd,17AABCI2726B1Z3,Active,17,AABCI2726B
InterGlobe Aviation Ltd,18AABCI2726B1Z1,Active,18,AABCI2726B
InterGlobe Aviation Ltd,22AABCI2726B1ZC,Active,22,AABCI2726B
InterGlobe Aviation Ltd,12AABCI2726B1ZD,Active,12,AABCI2726B
InterGlobe Aviation Ltd,36AABCI2726B1CE,Active,36,AABCI2726B
InterGlobe Aviation Ltd,05AABCI2726B1Z8,Active,5,AABCI2726B
InterGlobe Aviation Ltd,07AABCI2726B1CF,Active,7,AABCI2726B
InterGlobe Aviation Ltd,02AABCI2726B1ZE,Active,2,AABCI2726B
InterGlobe Aviation Ltd,27AABCI2726B1CD,Active,27,AABCI2726B
InterGlobe Aviation Ltd,33AABCI2726B1Z9,Active,33,AABCI2726B
InterGlobe Aviation Ltd,01AABCI2726B1ZG,Active,1,AABCI2726B
InterGlobe Aviation Ltd,20AABCI2726B1ZG,Active,20,AABCI2726B
InterGlobe Aviation Ltd,24AABCI2726B1Z8,Active,24,AABCI2726B
InterGlobe Aviation Ltd,29AABCI2726B1ZY,Active,29,AABCI2726B
InterGlobe Aviation Ltd,30AABCI2726B1ZF,Active,30,AABCI2726B
InterGlobe Aviation Ltd,15AABCI2726B1Z7,Active,15,AABCI2726B
InterGlobe Aviation Ltd,03AABCI2726B1ZC,Active,3,AABCI2726B
InterGlobe Aviation Ltd,13AABCI2726B1ZB,Active,13,AABCI2726B
InterGlobe Aviation Ltd,10AABCI2726B1ZH,Active,10,AABCI2726B
InterGlobe Aviation Ltd,31AABCI2726B1ZD,Active,31,AABCI2726B
InterGlobe Aviation Ltd,07AABCI2726B1Z4,Active,7,AABCI2726B
InterGlobe Aviation Ltd,23AABCI2726B1ZA,Active,23,AABCI2726B
InterGlobe Aviation Ltd,04AABCI2726B2Z9,Active,4,AABCI2726B
InterGlobe Aviation Ltd,21AABCI2726B1ZE,Active,21,AABCI2726B
InterGlobe Aviation Ltd,06AABCI2726B2Z5,Active,6,AABCI2726B
InterGlobe Aviation Ltd,06AABCI2726B1Z6,Active,6,AABCI2726B
InterGlobe Aviation Ltd,38AABCI2726B1ZZ,Active,38,AABCI2726B
InterGlobe Aviation Ltd,26AABCI2726B1Z4,Active,26,AABCI2726B
Jio Financial Services Ltd,27AABCR1466K1Z7,Active,27,AABCR1466K
Jio Financial Services Ltd,27AABCR1466K3Z5,Active,27,AABCR1466K
Jio Financial Services Ltd,29AABCR1466K2Z2,Active,29,AABCR1466K
Jio Financial Services Ltd,07AABCR1466K2Z8,Active,7,AABCR1466K
Tata Consumer Products Ltd,06AABCT0602K1ZP,Active,6,AABCT0602K
Tata Consumer Products Ltd,19AABCT0602K2ZH,Active,19,AABCT0602K
Tata Consumer Products Ltd,19AABCT0602K1ZI,Active,19,AABCT0602K
Tata Consumer Products Ltd,01AABCT0602K1ZZ,Active,1,AABCT0602K
Tata Consumer Products Ltd,02AABCT0602K1ZX,Active,2,AABCT0602K
Tata Consumer Products Ltd,32AABCT0602K1ZU,Active,32,AABCT0602K
Tata Consumer Products Ltd,07AABCT0602K1ZN,Active,7,AABCT0602K
Tata Consumer Products Ltd,30AABCT0602K1ZY,Active,30,AABCT0602K
Tata Consumer Products Ltd,05AABCT0602K2ZQ,Active,5,AABCT0602K
Tata Consumer Products Ltd,32AABCT0602K5ZQ,Active,32,AABCT0602K
Tata Consumer Products Ltd,09AABCT0602K1ZJ,Active,9,AABCT0602K
Tata Consumer Products Ltd,27AABCT0602K2ZK,Active,27,AABCT0602K
Tata Consumer Products Ltd,20AABCT0602K2ZY,Active,20,AABCT0602K
Tata Consumer Products Ltd,22AABCT0602K1ZV,Active,22,AABCT0602K
Tata Consumer Products Ltd,36AABCT0602K1ZM,Active,36,AABCT0602K
Tata Consumer Products Ltd,32AABCT0602K3ZS,Active,32,AABCT0602K
Tata Consumer Products Ltd,03AABCT0602K1ZV,Active,3,AABCT0602K
Tata Consumer Products Ltd,21AABCT0602K1ZX,Active,21,AABCT0602K
Tata Consumer Products Ltd,29AABCT0602K2ZG,Active,29,AABCT0602K
Tata Consumer Products Ltd,24AABCT0602K1ZR,Active,24,AABCT0602K
Tata Consumer Products Ltd,07AABCT0602K2ZM,Active,7,AABCT0602K
Tata Consumer Products Ltd,10AABCT0602K1Z0,Active,10,AABCT0602K
Tata Consumer Products Ltd,27AABCT0602K1ZL,Active,27,AABCT0602K
Tata Consumer Products Ltd,23AABCT0602K1ZT,Active,23,AABCT0602K
Tata Consumer Products Ltd,08AABCT0602K1ZL,Active,8,AABCT0602K
Tata Consumer Products Ltd,37AABCT0602K1ZK,Active,37,AABCT0602K
Tata Consumer Products Ltd,32AABCT0602K2ZT,Active,32,AABCT0602K
Tata Consumer Products Ltd,29AABCT0602K1ZH,Active,29,AABCT0602K
Tata Consumer Products Ltd,33AABCT0602K1ZS,Active,33,AABCT0602K
Tata Consumer Products Ltd,32AABCT0602K4ZR,Active,32,AABCT0602K
Tata Consumer Products Ltd,18AABCT0602K1ZK,Active,18,AABCT0602K
Tata Consumer Products Ltd,36AABCT0602K2ZL,Active,36,AABCT0602K
Tata Consumer Products Ltd,08AABCT0602K2ZK,Active,8,AABCT0602K
Tata Consumer Products Ltd,10AABCT0602K2ZZ,Active,10,AABCT0602K
Tata Consumer Products Ltd,27AABCT0602K3ZJ,Active,27,AABCT0602K
Tata Consumer Products Ltd,21AABCT0602K3ZV,Active,21,AABCT0602K
Tata Consumer Products Ltd,29AABCT0602K4ZE,Active,29,AABCT0602K
Tata Consumer Products Ltd,33AABCT0602K2ZR,Active,33,AABCT0602K
Tata Consumer Products Ltd,20AABCT0602K3ZX,Active,20,AABCT0602K
Tata Consumer Products Ltd,03AABCT0602K2ZU,Active,3,AABCT0602K
Tata Consumer Products Ltd,06AABCT0602K2ZO,Active,6,AABCT0602K
Tata Consumer Products Ltd,30AABCT0602K2ZX,Active,30,AABCT0602K
Tata Consumer Products Ltd,19AABCT0602K3ZG,Active,19,AABCT0602K
Bajaj Finserv Ltd,27AADCB2924N1ZI,Active,27,AADCB2924N
Eternal Ltd,16AADCD4946L1ZD,Active,16,AADCD4946L
Eternal Ltd,12AADCD4946L1CW,Active,12,AADCD4946L
Eternal Ltd,33AADCD4946L1CS,Active,33,AADCD4946L
Eternal Ltd,30AADCD4946L1CY,Active,30,AADCD4946L
Eternal Ltd,21AADCD4946L1ZM,Active,21,AADCD4946L
Eternal Ltd,10AADCD4946L1ZP,Active,10,AADCD4946L
Eternal Ltd,06AADCD4946L2ZD,Active,6,AADCD4946L
Eternal Ltd,14AADCD4946L1ZH,Active,14,AADCD4946L
Eternal Ltd,14AADCD4946L1CS,Active,14,AADCD4946L
Eternal Ltd,22AADCD4946L1CV,Active,22,AADCD4946L
Eternal Ltd,32AADCD4946L1ZJ,Active,32,AADCD4946L
Eternal Ltd,02AADCD4946L1ZM,Active,2,AADCD4946L
Eternal Ltd,08AADCD4946L1ZA,Active,8,AADCD4946L
Eternal Ltd,19AADCD4946L1Z7,Active,19,AADCD4946L
Eternal Ltd,01AADCD4946L1CZ,Active,1,AADCD4946L
Eternal Ltd,09AADCD4946L1Z8,Active,9,AADCD4946L
Eternal Ltd,15AADCD4946L1CQ,Active,15,AADCD4946L
Eternal Ltd,35AADCD4946L1CO,Active,35,AADCD4946L
Eternal Ltd,36AADCD4946L1ZB,Active,36,AADCD4946L
Eternal Ltd,24AADCD4946L1CR,Active,24,AADCD4946L
Eternal Ltd,26AADCD4946L1ZC,Active,26,AADCD4946L
Eternal Ltd,04AADCD4946L1CT,Active,4,AADCD4946L
Eternal Ltd,27AADCD4946L1CL,Active,27,AADCD4946L
Eternal Ltd,11AADCD4946L1ZN,Active,11,AADCD4946L
Eternal Ltd,26AADCD4946L1CN,Active,26,AADCD4946L
Eternal Ltd,12AADCD4946L1ZL,Active,12,AADCD4946L
Eternal Ltd,37AADCD4946L2Z8,Active,37,AADCD4946L
Eternal Ltd,23AADCD4946L1CT,Active,23,AADCD4946L
Eternal Ltd,15AADCD4946L1ZF,Active,15,AADCD4946L
Eternal Ltd,18AADCD4946L1CK,Active,18,AADCD4946L
Eternal Ltd,34AADCD4946L1CQ,Active,34,AADCD4946L
Eternal Ltd,29AADCD4946L1Z6,Active,29,AADCD4946L
Eternal Ltd,06AADCD4946L1ZE,Active,6,AADCD4946L
Eternal Ltd,08AADCD4946L1CL,Active,8,AADCD4946L
Eternal Ltd,18AADCD4946L1Z9,Active,18,AADCD4946L
Eternal Ltd,10AADCD4946L1C0,Active,10,AADCD4946L
Eternal Ltd,07AADCD4946L1CN,Active,7,AADCD4946L
Eternal Ltd,13AADCD4946L1CU,Active,13,AADCD4946L
Eternal Ltd,17AADCD4946L1ZB,Active,17,AADCD4946L
Eternal Ltd,13AADCD4946L1ZJ,Active,13,AADCD4946L
Eternal Ltd,20AADCD4946L1ZO,Active,20,AADCD4946L
Eternal Ltd,06AADCD4946L1CP,Active,6,AADCD4946L
Eternal Ltd,36AADCD4946L1CM,Active,36,AADCD4946L
Eternal Ltd,02AADCD4946L1CX,Active,2,AADCD4946L
Eternal Ltd,22AADCD4946L1ZK,Active,22,AADCD4946L
Eternal Ltd,29AADCD4946L1CH,Active,29,AADCD4946L
Eternal Ltd,01AADCD4946L1ZO,Active,1,AADCD4946L
Eternal Ltd,24AADCD4946L1ZG,Active,24,AADCD4946L
Eternal Ltd,30AADCD4946L1ZN,Active,30,AADCD4946L
Eternal Ltd,20AADCD4946L1CZ,Active,20,AADCD4946L
Eternal Ltd,16AADCD4946L1CO,Active,16,AADCD4946L
Eternal Ltd,23AADCD4946L1ZI,Active,23,AADCD4946L
Eternal Ltd,37AADCD4946L1CK,Active,37,AADCD4946L
Eternal Ltd,35AADCD4946L1ZD,Active,35,AADCD4946L
Eternal Ltd,27AADCD4946L1ZA,Active,27,AADCD4946L
Eternal Ltd,04AADCD4946L1ZI,Active,4,AADCD4946L
Eternal Ltd,05AADCD4946L1ZG,Active,5,AADCD4946L
Eternal Ltd,03AADCD4946L1CV,Active,3,AADCD4946L
Eternal Ltd,03AADCD4946L1ZK,Active,3,AADCD4946L
Eternal Ltd,38AADCD4946L1CI,Active,38,AADCD4946L
Eternal Ltd,17AADCD4946L1CM,Active,17,AADCD4946L
Eternal Ltd,09AADCD4946L1CJ,Active,9,AADCD4946L
Eternal Ltd,21AADCD4946L1CX,Active,21,AADCD4946L
Eternal Ltd,33AADCD4946L1ZH,Active,33,AADCD4946L
Eternal Ltd,34AADCD4946L1ZF,Active,34,AADCD4946L
Eternal Ltd,05AADCD4946L1CR,Active,5,AADCD4946L
Eternal Ltd,11AADCD4946L1CY,Active,11,AADCD4946L
Eternal Ltd,14AADCD4946L2CR,Active,14,AADCD4946L
Eternal Ltd,19AADCD4946L1CI,Active,19,AADCD4946L
Eternal Ltd,32AADCD4946L1CU,Active,32,AADCD4946L
Eternal Ltd,07AADCD4946L1ZC,Active,7,AADCD4946L
Eternal Ltd,38AADCD4946L1Z7,Active,38,AADCD4946L
Sun Pharmaceutical Industries Ltd,36AADCS3124K1ZE,Active,36,AADCS3124K
Sun Pharmaceutical Industries Ltd,10AADCS3124K1ZS,Active,10,AADCS3124K
Sun Pharmaceutical Industries Ltd,07AADCS3124K1ZF,Active,7,AADCS3124K
Sun Pharmaceutical Industries Ltd,09AADCS3124K2ZA,Active,9,AADCS3124K
Sun Pharmaceutical Industries Ltd,03AADCS3124K4ZK,Active,3,AADCS3124K
Sun Pharmaceutical Industries Ltd,26AADCS3124K1ZF,Active,26,AADCS3124K
Sun Pharmaceutical Industries Ltd,02AADCS3124K1ZP,Active,2,AADCS3124K
Sun Pharmaceutical Industries Ltd,24AADCS3124K1ZJ,Active,24,AADCS3124K
Sun Pharmaceutical Industries Ltd,20AADCS3124K1ZR,Active,20,AADCS3124K
Sun Pharmaceutical Industries Ltd,03AADCS3124K2ZM,Active,3,AADCS3124K
Sun Pharmaceutical Industries Ltd,19AADCS3124K1ZA,Active,19,AADCS3124K
Sun Pharmaceutical Industries Ltd,24AADCS3124K2ZI,Active,24,AADCS3124K
Sun Pharmaceutical Industries Ltd,37AADCS3124K1ZC,Active,37,AADCS3124K
Sun Pharmaceutical Industries Ltd,32AADCS3124K1ZM,Active,32,AADCS3124K
Sun Pharmaceutical Industries Ltd,06AADCS3124K1ZH,Active,6,AADCS3124K
Sun Pharmaceutical Industries Ltd,27AADCS3124K1ZD,Active,27,AADCS3124K
Sun Pharmaceutical Industries Ltd,33AADCS3124K1ZK,Active,33,AADCS3124K
Sun Pharmaceutical Industries Ltd,11AADCS3124K2ZP,Active,11,AADCS3124K
Sun Pharmaceutical Industries Ltd,01AADCS3124K1ZR,Active,1,AADCS3124K
Sun Pharmaceutical Industries Ltd,08AADCS3124K1ZD,Active,8,AADCS3124K
Sun Pharmaceutical Industries Ltd,34AADCS3124K1ZI,Active,34,AADCS3124K
Sun Pharmaceutical Industries Ltd,22AADCS3124K1ZN,Active,22,AADCS3124K
Sun Pharmaceutical Industries Ltd,18AADCS3124K1ZC,Active,18,AADCS3124K
Sun Pharmaceutical Industries Ltd,05AADCS3124K1ZJ,Active,5,AADCS3124K
Sun Pharmaceutical Industries Ltd,03AADCS3124K3ZL,Active,3,AADCS3124K
Sun Pharmaceutical Industries Ltd,27AADCS3124K2ZC,Active,27,AADCS3124K
Sun Pharmaceutical Industries Ltd,16AADCS3124K1ZG,Active,16,AADCS3124K
Sun Pharmaceutical Industries Ltd,21AADCS3124K1ZP,Active,21,AADCS3124K
Sun Pharmaceutical Industries Ltd,29AADCS3124K1Z9,Active,29,AADCS3124K
Sun Pharmaceutical Industries Ltd,30AADCS3124K1ZQ,Active,30,AADCS3124K
Sun Pharmaceutical Industries Ltd,23AADCS3124K1ZL,Active,23,AADCS3124K
Sun Pharmaceutical Industries Ltd,03AADCS3124K7ZH,Active,3,AADCS3124K
SBI Life Insurance Company Ltd,33AAFCS2530P1Z8,Active,33,AAFCS2530P
SBI Life Insurance Company Ltd,10AAFCS2530P1ZG,Active,10,AAFCS2530P
SBI Life Insurance Company Ltd,12AAFCS2530P1ZC,Active,12,AAFCS2530P
SBI Life Insurance Company Ltd,38AAFCS2530P1ZY,Active,38,AAFCS2530P
SBI Life Insurance Company Ltd,26AAFCS2530P1Z3,Active,26,AAFCS2530P
SBI Life Insurance Company Ltd,03AAFCS2530P1ZB,Active,3,AAFCS2530P
SBI Life Insurance Company Ltd,36AAFCS2530P1Z2,Active,36,AAFCS2530P
SBI Life Insurance Company Ltd,06AAFCS2530P1Z5,Active,6,AAFCS2530P
SBI Life Insurance Company Ltd,34AAFCS2530P1Z6,Active,34,AAFCS2530P
SBI Life Insurance Company Ltd,16AAFCS2530P1Z4,Active,16,AAFCS2530P
SBI Life Insurance Company Ltd,09AAFCS2530P1ZZ,Active,9,AAFCS2530P
SBI Life Insurance Company Ltd,19AAFCS2530P1ZY,Active,19,AAFCS2530P
SBI Life Insurance Company Ltd,24AAFCS2530P1Z7,Active,24,AAFCS2530P
SBI Life Insurance Company Ltd,37AAFCS2530P1Z0,Active,37,AAFCS2530P
SBI Life Insurance Company Ltd,14AAFCS2530P1Z8,Active,14,AAFCS2530P
SBI Life Insurance Company Ltd,02AAFCS2530P1ZD,Active,2,AAFCS2530P
SBI Life Insurance Company Ltd,27AAFCS2530P1Z1,Active,27,AAFCS2530P
SBI Life Insurance Company Ltd,29AAFCS2530P1ZX,Active,29,AAFCS2530P
SBI Life Insurance Company Ltd,32AAFCS2530P1ZA,Active,32,AAFCS2530P
SBI Life Insurance Company Ltd,21AAFCS2530P1ZD,Active,21,AAFCS2530P
SBI Life Insurance Company Ltd,08AAFCS2530P1Z1,Active,8,AAFCS2530P
SBI Life Insurance Company Ltd,27AAFCS2530P2Z0,Active,27,AAFCS2530P
SBI Life Insurance Company Ltd,04AAFCS2530P1Z9,Active,4,AAFCS2530P
SBI Life Insurance Company Ltd,18AAFCS2530P1Z0,Active,18,AAFCS2530P
SBI Life Insurance Company Ltd,11AAFCS2530P1ZE,Active,11,AAFCS2530P
SBI Life Insurance Company Ltd,07AAFCS2530P1Z3,Active,7,AAFCS2530P
SBI Life Insurance Company Ltd,15AAFCS2530P1Z6,Active,15,AAFCS2530P
SBI Life Insurance Company Ltd,01AAFCS2530P2ZE,Active,1,AAFCS2530P
SBI Life Insurance Company Ltd,23AAFCS2530P1Z9,Active,23,AAFCS2530P
SBI Life Insurance Company Ltd,20AAFCS2530P1ZF,Active,20,AAFCS2530P
SBI Life Insurance Company Ltd,35AAFCS2530P1Z4,Active,35,AAFCS2530P
SBI Life Insurance Company Ltd,17AAFCS2530P1Z2,Active,17,AAFCS2530P
SBI Life Insurance Company Ltd,30AAFCS2530P1ZE,Active,30,AAFCS2530P
SBI Life Insurance Company Ltd,13AAFCS2530P1ZA,Active,13,AAFCS2530P
SBI Life Insurance Company Ltd,22AAFCS2530P1ZB,Active,22,AAFCS2530P
SBI Life Insurance Company Ltd,05AAFCS2530P1Z7,Active,5,AAFCS2530P
Tata Motors Passenger Vehicles Ltd,19AAHCT8301P1ZQ,Active,19,AAHCT8301P
Tata Motors Passenger Vehicles Ltd,36AAHCT8301P1ZU,Active,36,AAHCT8301P
Tata Motors Passenger Vehicles Ltd,27AAHCT8301P2ZS,Active,27,AAHCT8301P
Tata Motors Passenger Vehicles Ltd,10AAHCT8301P1Z8,Active,10,AAHCT8301P
Tata Motors Passenger Vehicles Ltd,29AAHCT8301P1ZP,Active,29,AAHCT8301P
Tata Motors Passenger Vehicles Ltd,03AAHCT8301P1Z3,Active,3,AAHCT8301P
Tata Motors Passenger Vehicles Ltd,06AAHCT8301P1ZX,Active,6,AAHCT8301P
Tata Motors Passenger Vehicles Ltd,27AAHCT8301P1ZT,Active,27,AAHCT8301P
Tata Motors Passenger Vehicles Ltd,18AAHCT8301P1ZS,Active,18,AAHCT8301P
Tata Motors Passenger Vehicles Ltd,24AAHCT8301P1ZZ,Active,24,AAHCT8301P
