amc_name,main_scheme_name,mutual_fund_name,benchmark_index,monthly_aaum_date,monthly_aaum_value,scheme_launch_date,min_addl_amt,min_addl_amt_multiple,min_amt,min_amt_multiple,entry,exit,alpha,arithmetic_mean_ratio,average_div_yield,average_pb,average_pe,avg_maturity,beta,correlation_ratio,downside_deviation,information_ratio,macaulay,mod_duration,port_turnover_ratio,r_squared_ratio,roe_ratio,sharpe,sortino_ratio,std_dev,tracking_error,treynor_ratio,upside_deviation,ytm,name_1,managing_fund_since_1,total_exp_1,qualification_1,name_2,managing_fund_since_2,total_exp_2,qualification_2,name_3,managing_fund_since_3,total_exp_3,qualification_3,name_4,managing_fund_since_4,total_exp_4,qualification_4,field_location
Nippon Life India Asset Management Limited,Nippon India Large Cap Fund,Nippon India Mutual Fund,BSE 100 TRI,20260131,"50,467.03",20070808,,,,,Not Applicable,"1% if redeemed or switched out on or before completion of 7 days from the date of allotment of units. Nil, thereafter.",,,,,,,0.9,,,,,,31,,,1.14,,11.31,,,,,Sailesh Raj Bhan,Aug-07,30,,Bhavik Dave,Aug-24,13 Years,Assistant Fund Manager,,,,,,,,,"{""amc_name"": ""5"", ""benchmark_index"": ""5"", ""count"": 109, ""fund_manager_managing_fund_since"": ""5"", ""fund_manager_name"": ""5"", ""fund_manager_qualification"": ""5"", ""fund_manager_total_exp"": ""5"", ""load_entry"": ""5"", ""load_exit"": ""5"", ""main_scheme_name"": ""5"", ""metrics_beta"": ""5"", ""metrics_port_turnover_ratio"": ""5"", ""metrics_sharpe"": ""5"", ""metrics_std_dev"": ""5"", ""min_addl_amt"": ""5"", ""min_addl_amt_multiple"": ""5"", ""min_amt"": ""5"", ""min_amt_multiple"": ""5"", ""monthly_aaum_date"": ""5"", ""monthly_aaum_value"": ""5"", ""mutual_fund_name"": ""5"", ""riskometer"": ""5"", ""riskometer_benchmark"": ""5"", ""scheme_launch_date"": ""5""}"
Nippon Life India Asset Management Limited,Nippon India Vision Large & Mid Cap Fund,Nippon India Mutual Fund,Nifty LargeMidcap 250 TRI,20260131,"6,825.97",19951008,,,,,Not Applicable,"10% of the units allotted shall be redeemed without any exit load, on or before completion of 12 months from the date of allotment of units. Any redemption in excess of such limit in the first 12 months from the date of allotment shall be subject to the following exit load, Redemption of units would be done on First in First out Basis (FIFO) 1% if redeemed or switched out on or before completion of 12 months from the date of allotment of units. Nil, thereafter.",,,,,,,0.91,,,,,,65,,,1.13,,12.82,,,,,Aishwarya Deepak Agarwal,Jun-21,25,,,,,,,,,,,,,,"{""amc_name"": ""6"", ""benchmark_index"": ""6"", ""count"": 109, ""fund_manager_managing_fund_since"": ""6"", ""fund_manager_name"": ""6"", ""fund_manager_qualification"": ""6"", ""fund_manager_total_exp"": ""6"", ""load_entry"": ""6"", ""load_exit"": ""6"", ""main_scheme_name"": ""6"", ""metrics_beta"": ""6"", ""metrics_port_turnover_ratio"": ""6"", ""metrics_sharpe"": ""6"", ""metrics_std_dev"": ""6"", ""min_addl_amt"": ""6"", ""min_addl_amt_multiple"": ""6"", ""min_amt"": ""6"", ""min_amt_multiple"": ""6"", ""monthly_aaum_date"": ""6"", ""monthly_aaum_value"": ""6"", ""mutual_fund_name"": ""6"", ""riskometer"": ""6"", ""riskometer_benchmark"": ""6"", ""scheme_launch_date"": ""6""}"
Nippon Life India Asset Management Limited,Nippon India Quant Fund,Nippon India Mutual Fund,BSE 200 TRI,20260131,108.82,20080418,,,,,Not Applicable,"0.25% if redeemed or switched out on or before completion of 1 month from the date of allotment of units. Nil, thereafter.",,,,,,,0.96,,,,,,94,,,1.08,,12.85,,,,,Ashutosh Bhargava,Sep-17,20,,,,,,,,,,,,,,"{""amc_name"": ""7"", ""benchmark_index"": ""7"", ""count"": 109, ""fund_manager_managing_fund_since"": ""7"", ""fund_manager_name"": ""7"", ""fund_manager_qualification"": ""7"", ""fund_manager_total_exp"": ""7"", ""load_entry"": ""7"", ""load_exit"": ""7"", ""main_scheme_name"": ""7"", ""metrics_beta"": ""7"", ""metrics_port_turnover_ratio"": ""7"", ""metrics_sharpe"": ""7"", ""metrics_std_dev"": ""7"", ""min_addl_amt"": ""7"", ""min_addl_amt_multiple"": ""7"", ""min_amt"": ""7"", ""min_amt_multiple"": ""7"", ""monthly_aaum_date"": ""7"", ""monthly_aaum_value"": ""7"", ""mutual_fund_name"": ""7"", ""riskometer"": ""7"", ""riskometer_benchmark"": ""7"", ""scheme_launch_date"": ""7""}"
Nippon Life India Asset Management Limited,Nippon India Growth Mid Cap Fund,Nippon India Mutual Fund,NIFTY Midcap 150 TRI,20260131,"41,745.62",19951008,,,,,Not Applicable,"1% if redeemed or switched out on or before completion of 1 month from the date of allotment of units. Nil, thereafter.",,,,,,,0.93,,,,,,4,,,1.17,,15.38,,,,,Rupesh Patel,Jan-23,26,,,,,,,,,,,,,,"{""amc_name"": ""8"", ""benchmark_index"": ""8"", ""count"": 109, ""fund_manager_managing_fund_since"": ""8"", ""fund_manager_name"": ""8"", ""fund_manager_qualification"": ""8"", ""fund_manager_total_exp"": ""8"", ""load_entry"": ""8"", ""load_exit"": ""8"", ""main_scheme_name"": ""8"", ""metrics_beta"": ""8"", ""metrics_port_turnover_ratio"": ""8"", ""metrics_sharpe"": ""8"", ""metrics_std_dev"": ""8"", ""min_addl_amt"": ""8"", ""min_addl_amt_multiple"": ""8"", ""min_amt"": ""8"", ""min_amt_multiple"": ""8"", ""monthly_aaum_date"": ""8"", ""monthly_aaum_value"": ""8"", ""mutual_fund_name"": ""8"", ""riskometer"": ""8"", ""riskometer_benchmark"": ""8"", ""scheme_launch_date"": ""8""}"
Nippon Life India Asset Management Limited,Nippon India Focused Fund,Nippon India Mutual Fund,BSE 500 TRI,20260131,"8,772.29",,,,,,Not Applicable,"10% of the units allotted shall be redeemed without any exit load, on or before completion of 12 months from the date of allotment of units. Any redemption in excess of such limit in the first 12 months from the date of allotment shall be subject to the following exit load, Redemption of units would be done on First in First out Basis (FIFO) 1% if redeemed or switched out on or before completion of 12 months from the date of allotment of units. Nil, thereafter.",,,,,,,0.87,,,,,,43,,,0.76,,12.15,,,,,Vinay Sharma,May-18,21,,Rishit Parikh,Aug-24,16 Years,Assistant Fund Manager,,,,,,,,,"{""amc_name"": ""9"", ""benchmark_index"": ""9"", ""count"": 109, ""fund_manager_managing_fund_since"": ""9"", ""fund_manager_name"": ""9"", ""fund_manager_qualification"": ""9"", ""fund_manager_total_exp"": ""9"", ""load_entry"": ""9"", ""load_exit"": ""9"", ""main_scheme_name"": ""9"", ""metrics_beta"": ""9"", ""metrics_port_turnover_ratio"": ""9"", ""metrics_sharpe"": ""9"", ""metrics_std_dev"": ""9"", ""min_addl_amt"": ""9"", ""min_addl_amt_multiple"": ""9"", ""min_amt"": ""9"", ""min_amt_multiple"": ""9"", ""monthly_aaum_date"": ""9"", ""monthly_aaum_value"": ""9"", ""mutual_fund_name"": ""9"", ""riskometer"": ""9"", ""riskometer_benchmark"": ""9""}"
Nippon Life India Asset Management Limited,Nippon India Small Cap Fund,Nippon India Mutual Fund,Nifty Smallcap 250 TRI,20260131,"67,736.46",20100916,,,,,Not Applicable,"1% if redeemed or switched out on or before completion of 1 year from the date of allotment of units. Nil, thereafter Investors are requested to note that Nippon India Mutual Fund has decided to limit the subscription of units in Nippon India Small Cap Fund ( the Scheme ) wef. July 07, 2023. Kindly refer to Notice cum addendum no. 20. Dated July 06, 2023, Notice cum addendum no. 94. Dated Mar 19, 2024 Notice cum addendum no. 33 dated Aug 12,2024.",,,,,,,0.8,,,,,,14,,,0.92,,16.55,,,,,Samir Rachh,Jan-17,34,,,,,,,,,,,,,,"{""amc_name"": ""10"", ""benchmark_index"": ""10"", ""count"": 109, ""fund_manager_managing_fund_since"": ""10"", ""fund_manager_name"": ""10"", ""fund_manager_qualification"": ""10"", ""fund_manager_total_exp"": ""10"", ""load_entry"": ""10"", ""load_exit"": ""10"", ""main_scheme_name"": ""10"", ""metrics_beta"": ""10"", ""metrics_port_turnover_ratio"": ""10"", ""metrics_sharpe"": ""10"", ""metrics_std_dev"": ""10"", ""min_addl_amt"": ""10"", ""min_addl_amt_multiple"": ""10"", ""min_amt"": ""10"", ""min_amt_multiple"": ""10"", ""monthly_aaum_date"": ""10"", ""monthly_aaum_value"": ""10"", ""mutual_fund_name"": ""10"", ""riskometer"": ""10"", ""riskometer_benchmark"": ""10"", ""scheme_launch_date"": ""10""}"
Nippon Life India Asset Management Limited,Nippon India Value Fund,Nippon India Mutual Fund,Nifty 500 TRI,20260131,"9,132.43",20050608,,,,,Not Applicable,"10% of the units allotted shall be redeemed without any exit load, on or before completion of 12 months from the date of allotment of units. Any redemption in excess of such limit in the first 12 months from the date of allotment shall be subject to the following exit load, Redemption of units would be done on First in First out Basis (FIFO) 1% if redeemed or switched out on or before completion of 12 months from the date of allotment of units. Nil, thereafter.",,,,,,,0.98,,,,,,40,,,1.13,,13.5,,,,,Dhrumil Shah,Jan-23,19,,Meenakshi Dawar,May-18,16 Years,,,,,,,,,,"{""amc_name"": ""11"", ""benchmark_index"": ""11"", ""count"": 109, ""fund_manager_managing_fund_since"": ""11"", ""fund_manager_name"": ""11"", ""fund_manager_qualification"": ""11"", ""fund_manager_total_exp"": ""11"", ""load_entry"": ""11"", ""load_exit"": ""11"", ""main_scheme_name"": ""11"", ""metrics_beta"": ""11"", ""metrics_port_turnover_ratio"": ""11"", ""metrics_sharpe"": ""11"", ""metrics_std_dev"": ""11"", ""min_addl_amt"": ""11"", ""min_addl_amt_multiple"": ""11"", ""min_amt"": ""11"", ""min_amt_multiple"": ""11"", ""monthly_aaum_date"": ""11"", ""monthly_aaum_value"": ""11"", ""mutual_fund_name"": ""11"", ""riskometer"": ""11"", ""riskometer_benchmark"": ""11"", ""scheme_launch_date"": ""11""}"
Nippon Life India Asset Management Limited,Nippon India Multi Cap Fund,Nippon India Mutual Fund,NIFTY 500 Multicap 50 25 25 TRI,20260131,"49,968.44",20050328,,,,,Not Applicable,"10% of the units allotted shall be redeemed without any exit load, on or before completion of 12 months from the date of allotment of units. Any redemption in excess of such limit in the first 12 months from the date of allotment shall be subject to the following exit load, Redemption of units would be done on First in First out Basis (FIFO) 1% if redeemed or switched out on or before completion of 12 months from the date of allotment of units. Nil, thereafter.",,,,,,,0.85,,,,,,28,,,1.16,,12.95,,,,,Sailesh Raj Bhan,Mar-05,30,,Ashutosh Bhargava,Sep-21,20 Years,Co-Fund Manager,,,,,,,,,"{""amc_name"": ""12"", ""benchmark_index"": ""12"", ""count"": 109, ""fund_manager_managing_fund_since"": ""12"", ""fund_manager_name"": ""12"", ""fund_manager_qualification"": ""12"", ""fund_manager_total_exp"": ""12"", ""load_entry"": ""12"", ""load_exit"": ""12"", ""main_scheme_name"": ""12"", ""metrics_beta"": ""12"", ""metrics_port_turnover_ratio"": ""12"", ""metrics_sharpe"": ""12"", ""metrics_std_dev"": ""12"", ""min_addl_amt"": ""12"", ""min_addl_amt_multiple"": ""12"", ""min_amt"": ""12"", ""min_amt_multiple"": ""12"", ""monthly_aaum_date"": ""12"", ""monthly_aaum_value"": ""12"", ""mutual_fund_name"": ""12"", ""riskometer"": ""12"", ""riskometer_benchmark"": ""12"", ""scheme_launch_date"": ""12""}"
Nippon Life India Asset Management Limited,Nippon India Flexi Cap Fund,Nippon India Mutual Fund,Nifty 500 TRI,20260131,"9,561.11",20210813,,,,,Not Applicable,"10% of the units allotted shall be redeemed without any exit load, on or before completion of 12 months from the date of allotment of units. Any redemption in excess of such limit in the first 12 months from the date of allotment shall be subject to the following exit load. Redemption of units would be done on First in First out Basis (FIFO) 1% if redeemed or switched out on or before completion of 12 months from the date of allotment of units. Nil, thereafter.",,,,,,,0.92,,,,,,34,,,0.82,,12.64,,,,,Meenakshi Dawar,Jan-23,16,,Dhrumil Shah,Aug-21,19 Years,,,,,,,,,,"{""amc_name"": ""13"", ""benchmark_index"": ""13"", ""count"": 109, ""fund_manager_managing_fund_since"": ""13"", ""fund_manager_name"": ""13"", ""fund_manager_qualification"": ""13"", ""fund_manager_total_exp"": ""13"", ""load_entry"": ""13"", ""load_exit"": ""13"", ""main_scheme_name"": ""13"", ""metrics_beta"": ""13"", ""metrics_port_turnover_ratio"": ""13"", ""metrics_sharpe"": ""13"", ""metrics_std_dev"": ""13"", ""min_addl_amt"": ""13"", ""min_addl_amt_multiple"": ""13"", ""min_amt"": ""13"", ""min_amt_multiple"": ""13"", ""monthly_aaum_date"": ""13"", ""monthly_aaum_value"": ""13"", ""mutual_fund_name"": ""13"", ""riskometer"": ""13"", ""riskometer_benchmark"": ""13"", ""scheme_launch_date"": ""13""}"
Nippon Life India Asset Management Limited,Nippon India ELSS Tax Saver Fund,Nippon India Mutual Fund,Nifty 500 TRI,20260131,"15,302.68",20050921,,,,,Not Applicable,Nil,,,,,,,0.97,,,,,,15,,,0.84,,13.12,,,,,Rupesh Patel,Jul-21,26,,Ritesh Rathod,Aug-24,19 Years,Co - Fund Manager,,,,,,,,,"{""amc_name"": ""14"", ""benchmark_index"": ""14"", ""count"": 109, ""fund_manager_managing_fund_since"": ""14"", ""fund_manager_name"": ""14"", ""fund_manager_qualification"": ""14"", ""fund_manager_total_exp"": ""14"", ""load_entry"": ""14"", ""load_exit"": ""14"", ""main_scheme_name"": ""14"", ""metrics_beta"": ""14"", ""metrics_port_turnover_ratio"": ""14"", ""metrics_sharpe"": ""14"", ""metrics_std_dev"": ""14"", ""min_addl_amt"": ""14"", ""min_addl_amt_multiple"": ""14"", ""min_amt"": ""14"", ""min_amt_multiple"": ""14"", ""monthly_aaum_date"": ""14"", ""monthly_aaum_value"": ""14"", ""mutual_fund_name"": ""14"", ""riskometer"": ""14"", ""riskometer_benchmark"": ""14"", ""scheme_launch_date"": ""14""}"
Nippon Life India Asset Management Limited,Nippon India Banking & Financial Services Fund,Nippon India Mutual Fund,Nifty Financial Services TRI,20260131,"7,741.68",20030526,,,,,Not Applicable,"1% if redeemed or switched out on or before completion of 1 month from the date of allotment of units. Nil, thereafter.",,,,,,,,,,,,,23,,,,,,,,,,Vinay Sharma,Apr-18,21,,Bhavik Dave,Jun-21,13 Years,Co-Fund Manager,,,,,,,,,"{""amc_name"": ""15"", ""benchmark_index"": ""15"", ""count"": 109, ""fund_manager_managing_fund_since"": ""15"", ""fund_manager_name"": ""15"", ""fund_manager_qualification"": ""15"", ""fund_manager_total_exp"": ""15"", ""load_entry"": ""15"", ""load_exit"": ""15"", ""main_scheme_name"": ""15"", ""metrics_port_turnover_ratio"": ""15"", ""min_addl_amt"": ""15"", ""min_addl_amt_multiple"": ""15"", ""min_amt"": ""15"", ""min_amt_multiple"": ""15"", ""monthly_aaum_date"": ""15"", ""monthly_aaum_value"": ""15"", ""mutual_fund_name"": ""15"", ""riskometer"": ""15"", ""riskometer_benchmark"": ""15"", ""scheme_launch_date"": ""15""}"
Nippon Life India Asset Management Limited,Nippon India Power & Infra Fund,Nippon India Mutual Fund,Nifty Infrastructure TRI,20260131,"7,115.96",20040508,,,,,Not Applicable,"1% if redeemed or switched out on or before completion of 1 month from the date of allotment of units. Nil, thereafter.",,,,,,,,,,,,,37,,,,,,,,,,Rahul Modi,Aug-24,19,,,,,,,,,,,,,,"{""amc_name"": ""16"", ""benchmark_index"": ""16"", ""count"": 109, ""fund_manager_managing_fund_since"": ""16"", ""fund_manager_name"": ""16"", ""fund_manager_qualification"": ""16"", ""fund_manager_total_exp"": ""16"", ""load_entry"": ""16"", ""load_exit"": ""16"", ""main_scheme_name"": ""16"", ""metrics_port_turnover_ratio"": ""16"", ""min_addl_amt"": ""16"", ""min_addl_amt_multiple"": ""16"", ""min_amt"": ""16"", ""min_amt_multiple"": ""16"", ""monthly_aaum_date"": ""16"", ""monthly_aaum_value"": ""16"", ""mutual_fund_name"": ""16"", ""riskometer"": ""16"", ""riskometer_benchmark"": ""16"", ""scheme_launch_date"": ""16""}"
Nippon Life India Asset Management Limited,Nippon India Pharma Fund,Nippon India Mutual Fund,BSE Healthcare TRI,20260131,"8,303.40",20040605,,,,,Not Applicable,"1% if redeemed or switched out on or before completion of 1 month from the date of allotment of units. Nil, thereafter.",,,,,,,,,,,,,15,,,,,,,,,,Sailesh Raj Bhan,Jun-04,30,,,,,,,,,,,,,,"{""amc_name"": ""17"", ""benchmark_index"": ""17"", ""count"": 109, ""fund_manager_managing_fund_since"": ""17"", ""fund_manager_name"": ""17"", ""fund_manager_qualification"": ""17"", ""fund_manager_total_exp"": ""17"", ""load_entry"": ""17"", ""load_exit"": ""17"", ""main_scheme_name"": ""17"", ""metrics_port_turnover_ratio"": ""17"", ""min_addl_amt"": ""17"", ""min_addl_amt_multiple"": ""17"", ""min_amt"": ""17"", ""min_amt_multiple"": ""17"", ""monthly_aaum_date"": ""17"", ""monthly_aaum_value"": ""17"", ""mutual_fund_name"": ""17"", ""riskometer"": ""17"", ""riskometer_benchmark"": ""17"", ""scheme_launch_date"": ""17""}"
Nippon Life India Asset Management Limited,Nippon India Consumption Fund,Nippon India Mutual Fund,Nifty India Consumption TRI,20260131,"2,730.51",20040930,,,,,Not Applicable,"1% if redeemed or switched out on or before completion of 1 month from the date of allotment of units. Nil, thereafter.",,,,,,,,,,,,,36,,,,,,,,,,Kinjal Desai,Aug-25,13,,,,,,,,,,,,,,"{""amc_name"": ""18"", ""benchmark_index"": ""18"", ""count"": 109, ""fund_manager_managing_fund_since"": ""18"", ""fund_manager_name"": ""18"", ""fund_manager_qualification"": ""18"", ""fund_manager_total_exp"": ""18"", ""load_entry"": ""18"", ""load_exit"": ""18"", ""main_scheme_name"": ""18"", ""metrics_port_turnover_ratio"": ""18"", ""min_addl_amt"": ""18"", ""min_addl_amt_multiple"": ""18"", ""min_amt"": ""18"", ""min_amt_multiple"": ""18"", ""monthly_aaum_date"": ""18"", ""monthly_aaum_value"": ""18"", ""mutual_fund_name"": ""18"", ""riskometer"": ""18"", ""riskometer_benchmark"": ""18"", ""scheme_launch_date"": ""18""}"
Nippon Life India Asset Management Limited,Nippon India Japan Equity Fund,Nippon India Mutual Fund,S P Japan 500 TRI,20260131,278.35,20140826,,,,,Not Applicable,"1% if redeemed or switched out on or before completion of 1 year from the date of allotment of units. Nil, thereafter.",,,,,,,1.03,,,,,,35,,,0.89,,10.91,,,,,Kinjal Desai,May-18,13,,,,,,,,,,,,,,"{""amc_name"": ""19"", ""benchmark_index"": ""19"", ""count"": 109, ""fund_manager_managing_fund_since"": ""19"", ""fund_manager_name"": ""19"", ""fund_manager_qualification"": ""19"", ""fund_manager_total_exp"": ""19"", ""load_entry"": ""19"", ""load_exit"": ""19"", ""main_scheme_name"": ""19"", ""metrics_beta"": ""19"", ""metrics_port_turnover_ratio"": ""19"", ""metrics_sharpe"": ""19"", ""metrics_std_dev"": ""19"", ""min_addl_amt"": ""19"", ""min_addl_amt_multiple"": ""19"", ""min_amt"": ""19"", ""min_amt_multiple"": ""19"", ""monthly_aaum_date"": ""19"", ""monthly_aaum_value"": ""19"", ""mutual_fund_name"": ""19"", ""riskometer"": ""19"", ""riskometer_benchmark"": ""19"", ""scheme_launch_date"": ""19""}"
Nippon Life India Asset Management Limited,Nippon India US Equity Opportunities Fund,Nippon India Mutual Fund,S P 500 TRI,20260131,730.84,20150723,,,,,Not Applicable,1% if redeemed or switched out on or before completion of 1 month from the date of allotment of units. Nil,,,,,,,0.97,,,,,,4,,,1.13,,13.23,,,,,Kinjal Desai,May-18,13,,,,,,,,,,,,,,"{""amc_name"": ""20"", ""benchmark_index"": ""20"", ""count"": 109, ""fund_manager_managing_fund_since"": ""20"", ""fund_manager_name"": ""20"", ""fund_manager_qualification"": ""20"", ""fund_manager_total_exp"": ""20"", ""load_entry"": ""20"", ""load_exit"": ""20"", ""main_scheme_name"": ""20"", ""metrics_beta"": ""20"", ""metrics_port_turnover_ratio"": ""20"", ""metrics_sharpe"": ""20"", ""metrics_std_dev"": ""20"", ""min_addl_amt"": ""20"", ""min_addl_amt_multiple"": ""20"", ""min_amt"": ""20"", ""min_amt_multiple"": ""20"", ""monthly_aaum_date"": ""20"", ""monthly_aaum_value"": ""20"", ""mutual_fund_name"": ""20"", ""riskometer"": ""20"", ""riskometer_benchmark"": ""20"", ""scheme_launch_date"": ""20""}"
Nippon Life India Asset Management Limited,Nippon India Taiwan Equity Fund,Nippon India Mutual Fund,Taiwan Capitalization Weighted Stock Index (TAIEX) TRI,20260131,416.41,20211211,,,,,Not Applicable,"1% if redeemed or switched out on or before completion of 3 months from the date of allotment of units. Nil, thereafter",,,,,,,1.02,,,,,,60,,,1.29,,23.84,,,,,Kinjal Desai,Dec-21,13,,,,,,,,,,,,,,"{""amc_name"": ""21"", ""benchmark_index"": ""21"", ""count"": 109, ""fund_manager_managing_fund_since"": ""21"", ""fund_manager_name"": ""21"", ""fund_manager_qualification"": ""21"", ""fund_manager_total_exp"": ""21"", ""load_entry"": ""21"", ""load_exit"": ""21"", ""main_scheme_name"": ""21"", ""metrics_beta"": ""21"", ""metrics_port_turnover_ratio"": ""21"", ""metrics_sharpe"": ""21"", ""metrics_std_dev"": ""21"", ""min_addl_amt"": ""21"", ""min_addl_amt_multiple"": ""21"", ""min_amt"": ""21"", ""min_amt_multiple"": ""21"", ""monthly_aaum_date"": ""21"", ""monthly_aaum_value"": ""21"", ""mutual_fund_name"": ""21"", ""riskometer"": ""21"", ""riskometer_benchmark"": ""21"", ""scheme_launch_date"": ""21""}"
Nippon Life India Asset Management Limited,Nippon India Innovation Fund,Nippon India Mutual Fund,Nifty 500 TRI,20260131,"2,864.10",20230829,,,,,Not Applicable,"1% if redeemed or switched out on or before completion of 1 year from the date of allotment of units. Nil, thereafter",,,,,,,,,,,,,44,,,,,,,,,,Vinay Sharma,Aug-23,21,,Rishit Parikh,Aug-24,16 Years,Co - Fund Manager,,,,,,,,,"{""amc_name"": ""22"", ""benchmark_index"": ""22"", ""count"": 109, ""fund_manager_managing_fund_since"": ""22"", ""fund_manager_name"": ""22"", ""fund_manager_qualification"": ""22"", ""fund_manager_total_exp"": ""22"", ""load_entry"": ""22"", ""load_exit"": ""22"", ""main_scheme_name"": ""22"", ""metrics_port_turnover_ratio"": ""22"", ""min_addl_amt"": ""22"", ""min_addl_amt_multiple"": ""22"", ""min_amt"": ""22"", ""min_amt_multiple"": ""22"", ""monthly_aaum_date"": ""22"", ""monthly_aaum_value"": ""22"", ""mutual_fund_name"": ""22"", ""riskometer"": ""22"", ""riskometer_benchmark"": ""22"", ""scheme_launch_date"": ""22""}"
Nippon Life India Asset Management Limited,Nippon India Active Momentum Fund,Nippon India Mutual Fund,Nifty 500 TRI,20260131,313.85,20250228,,,,,Not Applicable,"1% if redeemed or switched out on or before completion of 1 year from the date of allotment of units. Nil, thereafter",,,,,,,,,,,,,,,,,,,,,,,Ashutosh Bhargava,Feb-25,20,,,,,,,,,,,,,,"{""amc_name"": ""23"", ""benchmark_index"": ""23"", ""count"": 109, ""fund_manager_managing_fund_since"": ""23"", ""fund_manager_name"": ""23"", ""fund_manager_qualification"": ""23"", ""fund_manager_total_exp"": ""23"", ""load_entry"": ""23"", ""load_exit"": ""23"", ""main_scheme_name"": ""23"", ""min_addl_amt"": ""23"", ""min_addl_amt_multiple"": ""23"", ""min_amt"": ""23"", ""min_amt_multiple"": ""23"", ""monthly_aaum_date"": ""23"", ""monthly_aaum_value"": ""23"", ""mutual_fund_name"": ""23"", ""riskometer"": ""23"", ""riskometer_benchmark"": ""23"", ""scheme_launch_date"": ""23""}"
Nippon Life India Asset Management Limited,Nippon India MNC Fund,Nippon India Mutual Fund,Nifty MNC TRI,20260131,437.49,20250722,,,,,Not Applicable,"1% if redeemed or switched out on or before completion of 1 year from the date of allotment of units. Nil, thereafter",,,,,,,,,,,,,,,,,,,,,,,Dhrumil Shah,Jul-25,19,,,,,,,,,,,,,,"{""amc_name"": ""24"", ""benchmark_index"": ""24"", ""count"": 109, ""fund_manager_managing_fund_since"": ""24"", ""fund_manager_name"": ""24"", ""fund_manager_qualification"": ""24"", ""fund_manager_total_exp"": ""24"", ""load_entry"": ""24"", ""load_exit"": ""24"", ""main_scheme_name"": ""24"", ""min_addl_amt"": ""24"", ""min_addl_amt_multiple"": ""24"", ""min_amt"": ""24"", ""min_amt_multiple"": ""24"", ""monthly_aaum_date"": ""24"", ""monthly_aaum_value"": ""24"", ""mutual_fund_name"": ""24"", ""riskometer"": ""24"", ""riskometer_benchmark"": ""24"", ""scheme_launch_date"": ""24""}"
Nippon Life India Asset Management Limited,Nippon India Overnight Fund,Nippon India Mutual Fund,CRISIL Liquid Overnight Index,20260131,"7,899.50 .",20181218,,,,,Not Applicable,Nil ,,,,,,0,,,,,0,0,,,,,,,,,,5.72,Vikash Agarwal,Apr-25,19,,,,,,,,,,,,,,"{""amc_name"": ""25"", ""benchmark_index"": ""25"", ""count"": 109, ""fund_manager_managing_fund_since"": ""25"", ""fund_manager_name"": ""25"", ""fund_manager_qualification"": ""25"", ""fund_manager_total_exp"": ""25"", ""load_entry"": ""25"", ""load_exit"": ""25"", ""main_scheme_name"": ""25"", ""metrics_avg_maturity"": ""25"", ""metrics_macaulay"": ""25"", ""metrics_mod_duration"": ""25"", ""metrics_ytm"": ""25"", ""min_addl_amt"": ""25"", ""min_addl_amt_multiple"": ""25"", ""min_amt"": ""25"", ""min_amt_multiple"": ""25"", ""monthly_aaum_date"": ""25"", ""monthly_aaum_value"": ""25"", ""mutual_fund_name"": ""25"", ""riskometer"": ""25"", ""riskometer_benchmark"": ""25"", ""scheme_launch_date"": ""25""}"
Nippon Life India Asset Management Limited,Nippon India Liquid Fund,Nippon India Mutual Fund,NIFTY Liquid Index A-I,20260131,"30,460.96 .",20031209,,,,,Not Applicable Investor exit upon subscription,as % of redemption switchout amount (including systematic transactions) Up to Day 1 0.0070% Day 2 0.0065% Day 3 0.0060% Day 4 0.0055% Day 5 0.0050% Day 6 0.0045% Day 7 Onwards 0.0000% ,,,,,,0.16,,,,,0.15,0.15,,,,,,,,,,6.09,Vikash Agarwal,Sep-24,19,,,,,,,,,,,,,,"{""amc_name"": ""26"", ""benchmark_index"": ""26"", ""count"": 109, ""fund_manager_managing_fund_since"": ""26"", ""fund_manager_name"": ""26"", ""fund_manager_qualification"": ""26"", ""fund_manager_total_exp"": ""26"", ""load_entry"": ""26"", ""load_exit"": ""26"", ""main_scheme_name"": ""26"", ""metrics_avg_maturity"": ""26"", ""metrics_macaulay"": ""26"", ""metrics_mod_duration"": ""26"", ""metrics_ytm"": ""26"", ""min_addl_amt"": ""26"", ""min_addl_amt_multiple"": ""26"", ""min_amt"": ""26"", ""min_amt_multiple"": ""26"", ""monthly_aaum_date"": ""26"", ""monthly_aaum_value"": ""26"", ""mutual_fund_name"": ""26"", ""riskometer"": ""26"", ""riskometer_benchmark"": ""26"", ""scheme_launch_date"": ""26""}"
Nippon Life India Asset Management Limited,Nippon India Money Market Fund,Nippon India Mutual Fund,NIFTY Money Market Index A-I,20260131,"23,136.69 .",20050616,,,,,Not Applicable,Nil ,,,,,,0.42,,,,,0.42,0.4,,,,,,,,,,6.48,Vikash Agarwal,Sep-24,19,,,,,,,,,,,,,,"{""amc_name"": ""27"", ""benchmark_index"": ""27"", ""count"": 109, ""fund_manager_managing_fund_since"": ""27"", ""fund_manager_name"": ""27"", ""fund_manager_qualification"": ""27"", ""fund_manager_total_exp"": ""27"", ""load_entry"": ""27"", ""load_exit"": ""27"", ""main_scheme_name"": ""27"", ""metrics_avg_maturity"": ""27"", ""metrics_macaulay"": ""27"", ""metrics_mod_duration"": ""27"", ""metrics_ytm"": ""27"", ""min_addl_amt"": ""27"", ""min_addl_amt_multiple"": ""27"", ""min_amt"": ""27"", ""min_amt_multiple"": ""27"", ""monthly_aaum_date"": ""27"", ""monthly_aaum_value"": ""27"", ""mutual_fund_name"": ""27"", ""riskometer"": ""27"", ""riskometer_benchmark"": ""27"", ""scheme_launch_date"": ""27""}"
Nippon Life India Asset Management Limited,Nippon India Ultra Short Duration Fund,Nippon India Mutual Fund,CRISIL Ultra Short Duration Debt A-I Index,20260131,"12,892.53 .",20011207,,,,,Not Applicable,Nil Not applicable for Segregated Portfolio ,,,,,,0.67,,,,,0.53,0.49,,,,,,,,,,7.06,Vivek Sharma,Oct-13,19,,,,,,,,,,,,,,"{""amc_name"": ""28"", ""benchmark_index"": ""28"", ""count"": 109, ""fund_manager_managing_fund_since"": ""28"", ""fund_manager_name"": ""28"", ""fund_manager_qualification"": ""28"", ""fund_manager_total_exp"": ""28"", ""load_entry"": ""28"", ""load_exit"": ""28"", ""main_scheme_name"": ""28"", ""metrics_avg_maturity"": ""28"", ""metrics_macaulay"": ""28"", ""metrics_mod_duration"": ""28"", ""metrics_ytm"": ""28"", ""min_addl_amt"": ""28"", ""min_addl_amt_multiple"": ""28"", ""min_amt"": ""28"", ""min_amt_multiple"": ""28"", ""monthly_aaum_date"": ""28"", ""monthly_aaum_value"": ""28"", ""mutual_fund_name"": ""28"", ""riskometer"": ""28"", ""riskometer_benchmark"": ""28"", ""scheme_launch_date"": ""28""}"
Nippon Life India Asset Management Limited,Nippon India Low Duration Fund,Nippon India Mutual Fund,CRISIL Low Duration Debt A-I Index,20260131,"11,870.40 .",20070320,,,,,Not Applicable,Nil ,,,,,,1.3,,,,,1.05,0.99,,,,,,,,,,7.01,Vivek Sharma,Feb-20,19,,,,,,,,,,,,,,"{""amc_name"": ""29"", ""benchmark_index"": ""29"", ""count"": 109, ""fund_manager_managing_fund_since"": ""29"", ""fund_manager_name"": ""29"", ""fund_manager_qualification"": ""29"", ""fund_manager_total_exp"": ""29"", ""load_entry"": ""29"", ""load_exit"": ""29"", ""main_scheme_name"": ""29"", ""metrics_avg_maturity"": ""29"", ""metrics_macaulay"": ""29"", ""metrics_mod_duration"": ""29"", ""metrics_ytm"": ""29"", ""min_addl_amt"": ""29"", ""min_addl_amt_multiple"": ""29"", ""min_amt"": ""29"", ""min_amt_multiple"": ""29"", ""monthly_aaum_date"": ""29"", ""monthly_aaum_value"": ""29"", ""mutual_fund_name"": ""29"", ""riskometer"": ""29"", ""riskometer_benchmark"": ""29"", ""scheme_launch_date"": ""29""}"
Nippon Life India Asset Management Limited,Nippon India Corporate Bond Fund,Nippon India Mutual Fund,NIFTY Corporate Bond Index A-II,20260131,"10,758.76 .",20000914,,,,,Not Applicable,Nil ,,,,,,4.76,,,,,3.71,3.54,,,,,,,,,,7.12,Vivek Sharma,Feb-20,19,,,,,,,,,,,,,,"{""amc_name"": ""30"", ""benchmark_index"": ""30"", ""count"": 109, ""fund_manager_managing_fund_since"": ""30"", ""fund_manager_name"": ""30"", ""fund_manager_qualification"": ""30"", ""fund_manager_total_exp"": ""30"", ""load_entry"": ""30"", ""load_exit"": ""30"", ""main_scheme_name"": ""30"", ""metrics_avg_maturity"": ""30"", ""metrics_macaulay"": ""30"", ""metrics_mod_duration"": ""30"", ""metrics_ytm"": ""30"", ""min_addl_amt"": ""30"", ""min_addl_amt_multiple"": ""30"", ""min_amt"": ""30"", ""min_amt_multiple"": ""30"", ""monthly_aaum_date"": ""30"", ""monthly_aaum_value"": ""30"", ""mutual_fund_name"": ""30"", ""riskometer"": ""30"", ""riskometer_benchmark"": ""30"", ""scheme_launch_date"": ""30""}"
Nippon Life India Asset Management Limited,Nippon India Banking and PSU Fund,Nippon India Mutual Fund,CRISIL Banking and PSU Debt A-II Index,20260131,"5,485.66 .",20150515,,,,,Not Applicable,Nil ,,,,,,4.69,,,,,3.74,3.55,,,,,,,,,,7,Pranay Sinha,Mar-21,19,,Vivek Sharma,Jun-20,19 Years,,,,,,,,,,"{""amc_name"": ""31"", ""benchmark_index"": ""31"", ""count"": 109, ""fund_manager_managing_fund_since"": ""31"", ""fund_manager_name"": ""31"", ""fund_manager_qualification"": ""31"", ""fund_manager_total_exp"": ""31"", ""load_entry"": ""31"", ""load_exit"": ""31"", ""main_scheme_name"": ""31"", ""metrics_avg_maturity"": ""31"", ""metrics_macaulay"": ""31"", ""metrics_mod_duration"": ""31"", ""metrics_ytm"": ""31"", ""min_addl_amt"": ""31"", ""min_addl_amt_multiple"": ""31"", ""min_amt"": ""31"", ""min_amt_multiple"": ""31"", ""monthly_aaum_date"": ""31"", ""monthly_aaum_value"": ""31"", ""mutual_fund_name"": ""31"", ""riskometer"": ""31"", ""riskometer_benchmark"": ""31"", ""scheme_launch_date"": ""31""}"
Nippon Life India Asset Management Limited,Nippon India Floater Fund,Nippon India Mutual Fund,NIFTY Short Duration Debt Index A-II,20260131,"8,319.08 .",20040827,,,,,Not Applicable,Nil ,,,,,,3.26,,,,,2.73,2.61,,,,,,,,,,7.17,Vikash Agarwal,Sep-24,19,,,,,,,,,,,,,,"{""amc_name"": ""32"", ""benchmark_index"": ""32"", ""count"": 109, ""fund_manager_managing_fund_since"": ""32"", ""fund_manager_name"": ""32"", ""fund_manager_qualification"": ""32"", ""fund_manager_total_exp"": ""32"", ""load_entry"": ""32"", ""load_exit"": ""32"", ""main_scheme_name"": ""32"", ""metrics_avg_maturity"": ""32"", ""metrics_macaulay"": ""32"", ""metrics_mod_duration"": ""32"", ""metrics_ytm"": ""32"", ""min_addl_amt"": ""32"", ""min_addl_amt_multiple"": ""32"", ""min_amt"": ""32"", ""min_amt_multiple"": ""32"", ""monthly_aaum_date"": ""32"", ""monthly_aaum_value"": ""32"", ""mutual_fund_name"": ""32"", ""riskometer"": ""32"", ""riskometer_benchmark"": ""32"", ""scheme_launch_date"": ""32""}"
Nippon Life India Asset Management Limited,Nippon India Short Duration Fund,Nippon India Mutual Fund,CRISIL Short Duration Debt A-II Index,20260131,"9,800.00 .",20021218,,,,,Not Applicable,Nil ,,,,,,3.24,,,,,2.8,2.67,,,,,,,,,,7.17,Sushil Budhia,Mar-21,24,,Vivek Sharma,Feb-20,19 Years,,,,,,,,,,"{""amc_name"": ""33"", ""benchmark_index"": ""33"", ""count"": 109, ""fund_manager_managing_fund_since"": ""33"", ""fund_manager_name"": ""33"", ""fund_manager_qualification"": ""33"", ""fund_manager_total_exp"": ""33"", ""load_entry"": ""33"", ""load_exit"": ""33"", ""main_scheme_name"": ""33"", ""metrics_avg_maturity"": ""33"", ""metrics_macaulay"": ""33"", ""metrics_mod_duration"": ""33"", ""metrics_ytm"": ""33"", ""min_addl_amt"": ""33"", ""min_addl_amt_multiple"": ""33"", ""min_amt"": ""33"", ""min_amt_multiple"": ""33"", ""monthly_aaum_date"": ""33"", ""monthly_aaum_value"": ""33"", ""mutual_fund_name"": ""33"", ""riskometer"": ""33"", ""riskometer_benchmark"": ""33"", ""scheme_launch_date"": ""33""}"
Nippon Life India Asset Management Limited,Nippon India Nivesh Lakshya Long Duration Fund,Nippon India Mutual Fund,CRISIL Long Duration Debt A-III Index,20260131,"9,303.04 .",20180706,,,,,Not Applicable,Nil ,,,,,,21.72,,,,,11.01,10.63,,,,,,,,,,7.29,Pranay Sinha,Mar-21,19,,,,,,,,,,,,,,"{""amc_name"": ""34"", ""benchmark_index"": ""34"", ""count"": 109, ""fund_manager_managing_fund_since"": ""34"", ""fund_manager_name"": ""34"", ""fund_manager_qualification"": ""34"", ""fund_manager_total_exp"": ""34"", ""load_entry"": ""34"", ""load_exit"": ""34"", ""main_scheme_name"": ""34"", ""metrics_avg_maturity"": ""34"", ""metrics_macaulay"": ""34"", ""metrics_mod_duration"": ""34"", ""metrics_ytm"": ""34"", ""min_addl_amt"": ""34"", ""min_addl_amt_multiple"": ""34"", ""min_amt"": ""34"", ""min_amt_multiple"": ""34"", ""monthly_aaum_date"": ""34"", ""monthly_aaum_value"": ""34"", ""mutual_fund_name"": ""34"", ""riskometer"": ""34"", ""riskometer_benchmark"": ""34"", ""scheme_launch_date"": ""34""}"
Nippon Life India Asset Management Limited,Nippon India Credit Risk Fund ,Nippon India Mutual Fund,CRISIL Credit Risk Debt B-II Index,20260131,"1,015.35 . ",20050608,,,,,Not Applicable,"10% of the units allotted shall be redeemed without any exit load, on or before completion of 12 months from the date of allotment of units. Any redemption in excess of such limit in the first 12 months from the date of allotment shall be subject to the following exit load. Redemption of units would be done on First in First out Basis (FIFO) 1% if redeemed or switched out on or before completion of 12 months from the date of allotment of units. Nil, if redeemed or switched out after completion o",,,,,,2.45,,,,,2.15,2.07,,,,,,,,,,8.73,Sushil Budhia,Feb-20,24,,,,,,,,,,,,,,"{""amc_name"": ""35"", ""benchmark_index"": ""35"", ""count"": 109, ""fund_manager_managing_fund_since"": ""35"", ""fund_manager_name"": ""35"", ""fund_manager_qualification"": ""35"", ""fund_manager_total_exp"": ""35"", ""load_entry"": ""35"", ""load_exit"": ""35"", ""main_scheme_name"": ""35"", ""metrics_avg_maturity"": ""35"", ""metrics_macaulay"": ""35"", ""metrics_mod_duration"": ""35"", ""metrics_ytm"": ""35"", ""min_addl_amt"": ""35"", ""min_addl_amt_multiple"": ""35"", ""min_amt"": ""35"", ""min_amt_multiple"": ""35"", ""monthly_aaum_date"": ""35"", ""monthly_aaum_value"": ""35"", ""mutual_fund_name"": ""35"", ""riskometer"": ""35"", ""riskometer_benchmark"": ""35"", ""scheme_launch_date"": ""35""}"
Nippon Life India Asset Management Limited,Nippon India Medium Duration Fund ,Nippon India Mutual Fund,CRISIL Medium Duration Debt A-III Index,20260131,136.29 . ,20140626,,,,,Not Applicable,"1%, if redeemed or switched out on or before completion of 12 months from the date of allotment of units. Nil thereafter. Not applicable for Segregated Portfolio Segregated Portfolio 1 Vodafone Idea Limited has completed 3 years from the date of closure on January 27, 2022, pursuant to receipt of entire due amount and duly paid to investors in proportion to their holding. Segregated Portfolio 2 Yes Bank Limited has been segregated from the scheme s portfolio due to rating downgrade by ICRA to D ",,,,,,4.69,,,,,3.74,3.58,,,,,,,,,,7.1,Sushil Budhia,Feb-20,24,,,,,,,,,,,,,,"{""amc_name"": ""36"", ""benchmark_index"": ""36"", ""count"": 109, ""fund_manager_managing_fund_since"": ""36"", ""fund_manager_name"": ""36"", ""fund_manager_qualification"": ""36"", ""fund_manager_total_exp"": ""36"", ""load_entry"": ""36"", ""load_exit"": ""36"", ""main_scheme_name"": ""36"", ""metrics_avg_maturity"": ""36"", ""metrics_macaulay"": ""36"", ""metrics_mod_duration"": ""36"", ""metrics_ytm"": ""36"", ""min_addl_amt"": ""36"", ""min_addl_amt_multiple"": ""36"", ""min_amt"": ""36"", ""min_amt_multiple"": ""36"", ""monthly_aaum_date"": ""36"", ""monthly_aaum_value"": ""36"", ""mutual_fund_name"": ""36"", ""riskometer"": ""36"", ""riskometer_benchmark"": ""36"", ""scheme_launch_date"": ""36""}"
Nippon Life India Asset Management Limited,Nippon India Medium to Long Duration Fund,Nippon India Mutual Fund,NIFTY Medium to Long Duration Debt Index A-III,20260131,408.68 .,19980101,,,,,Not Applicable,"0.25%, if redeemed or switched out on or before completion of 15 days from the date of allotment of units. Nil, thereafter. ",,,,,,14.15,,,,,6.88,6.6,,,,,,,,,,7.1,Vivek Sharma,Feb-20,19,,,,,,,,,,,,,,"{""amc_name"": ""37"", ""benchmark_index"": ""37"", ""count"": 109, ""fund_manager_managing_fund_since"": ""37"", ""fund_manager_name"": ""37"", ""fund_manager_qualification"": ""37"", ""fund_manager_total_exp"": ""37"", ""load_entry"": ""37"", ""load_exit"": ""37"", ""main_scheme_name"": ""37"", ""metrics_avg_maturity"": ""37"", ""metrics_macaulay"": ""37"", ""metrics_mod_duration"": ""37"", ""metrics_ytm"": ""37"", ""min_addl_amt"": ""37"", ""min_addl_amt_multiple"": ""37"", ""min_amt"": ""37"", ""min_amt_multiple"": ""37"", ""monthly_aaum_date"": ""37"", ""monthly_aaum_value"": ""37"", ""mutual_fund_name"": ""37"", ""riskometer"": ""37"", ""riskometer_benchmark"": ""37"", ""scheme_launch_date"": ""37""}"
Nippon Life India Asset Management Limited,Nippon India Dynamic Bond Fund,Nippon India Mutual Fund,NIFTY Composite Debt Index A-III,20260131,"4,388.33 .",20041115,,,,,Not Applicable,Nil ,,,,,,4.53,,,,,3.88,3.75,,,,,,,,,,6.96,Pranay Sinha,Mar-21,19,,Vivek Sharma,Jun-20,19 Years,,,,,,,,,,"{""amc_name"": ""38"", ""benchmark_index"": ""38"", ""count"": 109, ""fund_manager_managing_fund_since"": ""38"", ""fund_manager_name"": ""38"", ""fund_manager_qualification"": ""38"", ""fund_manager_total_exp"": ""38"", ""load_entry"": ""38"", ""load_exit"": ""38"", ""main_scheme_name"": ""38"", ""metrics_avg_maturity"": ""38"", ""metrics_macaulay"": ""38"", ""metrics_mod_duration"": ""38"", ""metrics_ytm"": ""38"", ""min_addl_amt"": ""38"", ""min_addl_amt_multiple"": ""38"", ""min_amt"": ""38"", ""min_amt_multiple"": ""38"", ""monthly_aaum_date"": ""38"", ""monthly_aaum_value"": ""38"", ""mutual_fund_name"": ""38"", ""riskometer"": ""38"", ""riskometer_benchmark"": ""38"", ""scheme_launch_date"": ""38""}"
Nippon Life India Asset Management Limited,Nippon India Gilt Fund,Nippon India Mutual Fund,NIFTY All Duration G-Sec Index,20260131,"1,846.21 .",20080822,,,,,Not Applicable,Nil ,,,,,,21.68,,,,,9.71,9.37,,,,,,,,,,7.32,Pranay Sinha,Mar-21,19,,,,,,,,,,,,,,"{""amc_name"": ""39"", ""benchmark_index"": ""39"", ""count"": 109, ""fund_manager_managing_fund_since"": ""39"", ""fund_manager_name"": ""39"", ""fund_manager_qualification"": ""39"", ""fund_manager_total_exp"": ""39"", ""load_entry"": ""39"", ""load_exit"": ""39"", ""main_scheme_name"": ""39"", ""metrics_avg_maturity"": ""39"", ""metrics_macaulay"": ""39"", ""metrics_mod_duration"": ""39"", ""metrics_ytm"": ""39"", ""min_addl_amt"": ""39"", ""min_addl_amt_multiple"": ""39"", ""min_amt"": ""39"", ""min_amt_multiple"": ""39"", ""monthly_aaum_date"": ""39"", ""monthly_aaum_value"": ""39"", ""mutual_fund_name"": ""39"", ""riskometer"": ""39"", ""riskometer_benchmark"": ""39"", ""scheme_launch_date"": ""39""}"
Nippon Life India Asset Management Limited,Nippon India Balanced Advantage Fund,Nippon India Mutual Fund,CRISIL Hybrid 50+50 - Moderate Index,20260131,"9,700.14 .",20041115,,,,,Not Applicable,"10% of the units allotted shall be redeemed without any exit load, on or before completion of 12 months from the date of allotment of units. Any redemption in excess of such limit in the rst 12 months from the date of allotment shall be subject to the following exit load. Redemption of units would be done on First in First out Basis (FIFO) 1% if redeemed or switched out on or before completion of 12 months from the date of allotment of units. Nil, thereafter. Average Maturity, Modi ed Duration Y",,,,,,5.43,0.97,,,,3.71,,,,,0.95,,6.79,,,,7.3,Ashutosh Bhargava,May-18,20,,Than Years Sushil Budhia,Mar-21,24 Years,,,,,,,,,,"{""amc_name"": ""40"", ""benchmark_index"": ""40"", ""count"": 109, ""fund_manager_managing_fund_since"": ""40"", ""fund_manager_name"": ""40"", ""fund_manager_qualification"": ""40"", ""fund_manager_total_exp"": ""40"", ""load_entry"": ""40"", ""load_exit"": ""40"", ""main_scheme_name"": ""40"", ""metrics_avg_maturity"": ""40"", ""metrics_beta"": ""40"", ""metrics_macaulay"": ""40"", ""metrics_portfolio_turnovertimes"": ""40"", ""metrics_sharpe"": ""40"", ""metrics_std_dev"": ""40"", ""metrics_ytm"": ""40"", ""min_addl_amt"": ""40"", ""min_addl_amt_multiple"": ""40"", ""min_amt"": ""40"", ""min_amt_multiple"": ""40"", ""monthly_aaum_date"": ""40"", ""monthly_aaum_value"": ""40"", ""mutual_fund_name"": ""40"", ""riskometer"": ""40"", ""riskometer_benchmark"": ""40"", ""scheme_launch_date"": ""40""}"
Nippon Life India Asset Management Limited,Nippon India Aggressive Hybrid Fund ,Nippon India Mutual Fund,CRISIL Hybrid 35+65 - Aggressive Index,20260131,"4,100.20 .",20050608,,,,,Not Applicable,"10% of the units allotted shall be redeemed without any exit load, on or before completion of 12 months from the date of allotment of units. Any redemption in excess of such limit in the first 12 months from the date of allotment shall be subject to the following exit load, Redemption of units would be done on First in First out Basis (FIFO) 1% if redeemed or switched out on or before completion of 12 months from the date of allotment of units. Nil, thereafter. Not applicable for Segregated Port",,,,,,5.83,0.99,,,,4.07,3.89,,,,1.02,,8.81,,,,7.71,Sushil Budhia,Feb-20,24,,Meenakshi Dawar,Sep-21,16 Years,,,,,,,,,,"{""amc_name"": ""41"", ""benchmark_index"": ""41"", ""count"": 109, ""fund_manager_managing_fund_since"": ""41"", ""fund_manager_name"": ""41"", ""fund_manager_qualification"": ""41"", ""fund_manager_total_exp"": ""41"", ""load_entry"": ""41"", ""load_exit"": ""41"", ""main_scheme_name"": ""41"", ""metrics_avg_maturity"": ""41"", ""metrics_beta"": ""41"", ""metrics_macaulay"": ""41"", ""metrics_mod_duration"": ""41"", ""metrics_portfolio_turnovertimes"": ""41"", ""metrics_sharpe"": ""41"", ""metrics_std_dev"": ""41"", ""metrics_ytm"": ""41"", ""min_addl_amt"": ""41"", ""min_addl_amt_multiple"": ""41"", ""min_amt"": ""41"", ""min_amt_multiple"": ""41"", ""monthly_aaum_date"": ""41"", ""monthly_aaum_value"": ""41"", ""mutual_fund_name"": ""41"", ""riskometer"": ""41"", ""riskometer_benchmark"": ""41"", ""scheme_launch_date"": ""41""}"
Nippon Life India Asset Management Limited,Nippon India Equity Savings Fund ,Nippon India Mutual Fund,Nifty Equity Savings Index,20260131,940.24 .,20150530,,,,,Not Applicable,"10% of the units allotted shall be redeemed without any exit load, on or before completion of 15 days from the date of allotment of units. Any redemption in excess of such limit within 15 days from the date of allotment shall be subject to the following exit load, Redemption of units would be done on First in First out Basis (FIFO) 1% if redeemed or switched out on or before completion of 15 days from the date of allotment of units. Nil, thereafter. Not applicable for Segregated Portfolio w.e.f ",,,,,,3.74,0.69,,,,3.06,2.94,,,,0.82,,3.51,,,,6.71,Sushil Budhia,Feb-20,24,,Ashutosh Bhargava,Apr-24,20 Years,,Herin Visaria,Mar-25,16 Years,,,,,,"{""amc_name"": ""42"", ""benchmark_index"": ""42"", ""count"": 109, ""fund_manager_managing_fund_since"": ""42"", ""fund_manager_name"": ""42"", ""fund_manager_qualification"": ""42"", ""fund_manager_total_exp"": ""42"", ""load_entry"": ""42"", ""load_exit"": ""42"", ""main_scheme_name"": ""42"", ""metrics_avg_maturity"": ""42"", ""metrics_beta"": ""42"", ""metrics_macaulay"": ""42"", ""metrics_mod_duration"": ""42"", ""metrics_portfolio_turnovertimes"": ""42"", ""metrics_sharpe"": ""42"", ""metrics_std_dev"": ""42"", ""metrics_ytm"": ""42"", ""min_addl_amt"": ""42"", ""min_addl_amt_multiple"": ""42"", ""min_amt"": ""42"", ""min_amt_multiple"": ""42"", ""monthly_aaum_date"": ""42"", ""monthly_aaum_value"": ""42"", ""mutual_fund_name"": ""42"", ""riskometer"": ""42"", ""riskometer_benchmark"": ""42"", ""scheme_launch_date"": ""42""}"
Nippon Life India Asset Management Limited,Nippon India Arbitrage Fund,Nippon India Mutual Fund,Nifty 50 Arbitrage Index,20260131,"16,410.04 .",20101014,,,,,Not Applicable,"0.25% if redeemed or switched out on or before completion of 1 month from the date of allotment of units. Nil, thereafter till December 28, 2025. 0.25% if redeemed or switched out on or before completion of 15 days from the date of allotment of units. Nil, thereafter w.e.f December 29, 2025.",,,,,,,0.49,,,,,,,,,2.75,,0.37,,,,,Vikash Agarwal,Sep-24,19,,Rohit Hashmukh Shah,Apr-24,14 Years,Co-Fund Manager,Nemish Sheth,Mar-25,16 Years,,,,,,"{""amc_name"": ""43"", ""benchmark_index"": ""43"", ""count"": 109, ""fund_manager_managing_fund_since"": ""43"", ""fund_manager_name"": ""43"", ""fund_manager_qualification"": ""43"", ""fund_manager_total_exp"": ""43"", ""load_entry"": ""43"", ""load_exit"": ""43"", ""main_scheme_name"": ""43"", ""metrics_beta"": ""43"", ""metrics_portfolio_turnovertimes"": ""43"", ""metrics_sharpe"": ""43"", ""metrics_std_dev"": ""43"", ""min_addl_amt"": ""43"", ""min_addl_amt_multiple"": ""43"", ""min_amt"": ""43"", ""min_amt_multiple"": ""43"", ""monthly_aaum_date"": ""43"", ""monthly_aaum_value"": ""43"", ""mutual_fund_name"": ""43"", ""riskometer"": ""43"", ""riskometer_benchmark"": ""43"", ""scheme_launch_date"": ""43""}"
Nippon Life India Asset Management Limited,Nippon India Conservative Hybrid Fund ,Nippon India Mutual Fund,Crisil Hybrid 85+15 - Conservative Index,20260131,927.89 . 0.00 .,20031229,,,,,Not Applicable,"10% of the units allotted shall be redeemed without any exit load, on or before completion of 12 months from the date of allotment of units. Any redemption in excess of such limit in the first 12 months from the date of allotment shall be subject to the following exit load. Redemption of units would be done on First in First out Basis (FIFO) 1% if redeemed or switched out on or before completion of 12 months from the date of allotment of units. Nil, if redeemed or switched out after completion o",,,,,,2.36,,,,,2.08,1.99,,,,,,,,,,8.84,Sushil Budhia,Feb-20,24,,Dhrumil Shah,Sep-21,19 Years,Co-Fund Manager,,,,,,,,,"{""amc_name"": ""44"", ""benchmark_index"": ""44"", ""count"": 109, ""fund_manager_managing_fund_since"": ""44"", ""fund_manager_name"": ""44"", ""fund_manager_qualification"": ""44"", ""fund_manager_total_exp"": ""44"", ""load_entry"": ""44"", ""load_exit"": ""44"", ""main_scheme_name"": ""44"", ""metrics_avg_maturity"": ""44"", ""metrics_macaulay"": ""44"", ""metrics_mod_duration"": ""44"", ""metrics_ytm"": ""44"", ""min_addl_amt"": ""44"", ""min_addl_amt_multiple"": ""44"", ""min_amt"": ""44"", ""min_amt_multiple"": ""44"", ""monthly_aaum_date"": ""44"", ""monthly_aaum_value"": ""44"", ""mutual_fund_name"": ""44"", ""riskometer"": ""44"", ""riskometer_benchmark"": ""44"", ""scheme_launch_date"": ""44""}"
Nippon Life India Asset Management Limited,Nippon India Multi Asset Allocation Fund,Nippon India Mutual Fund,"50% of BSE 500 TRI, 20% of MSCI World Index TRI, 15% of Crisil Short Term Bond Index, 10% of Domestic prices of Gold 5% of Domestic prices of Silver",20260131,"10,143.07 .",20200828,,,,,Not Applicable,"10% of the units allotted shall be redeemed without any exit load, on or before completion of 12 months from the date of allotment of units. Any redemption in excess of such limit in the rst 12 months from the date of allotment shall be subject to the following exit load. Redemption of units would be done on First in First out Basis (FIFO) 1% if redeemed or switched out on or before completion of 12 months from the date of allotment of units. Nil, if redeemed or switched out after completion of ",,,,,,3.42,0.95,,,,2.74,,,,,1.86,,7.34,,,,6.63,Ashutosh Bhargava,Aug-20,20,,Vikram Dhawan,Aug-20,31 Years,,Sushil Budhia,Mar-21,24 Years,,Kinjal Desai,Aug-20,13 Years,,"{""amc_name"": ""45"", ""benchmark_index"": ""45"", ""count"": 109, ""fund_manager_managing_fund_since"": ""45"", ""fund_manager_name"": ""45"", ""fund_manager_qualification"": ""45"", ""fund_manager_total_exp"": ""45"", ""load_entry"": ""45"", ""load_exit"": ""45"", ""main_scheme_name"": ""45"", ""metrics_avg_maturity"": ""45"", ""metrics_beta"": ""45"", ""metrics_macaulay"": ""45"", ""metrics_portfolio_turnovertimes"": ""45"", ""metrics_sharpe"": ""45"", ""metrics_std_dev"": ""45"", ""metrics_ytm"": ""45"", ""min_addl_amt"": ""45"", ""min_addl_amt_multiple"": ""45"", ""min_amt"": ""45"", ""min_amt_multiple"": ""45"", ""monthly_aaum_date"": ""45"", ""monthly_aaum_value"": ""45"", ""mutual_fund_name"": ""45"", ""riskometer"": ""45"", ""riskometer_benchmark"": ""45"", ""scheme_launch_date"": ""45""}"
Nippon Life India Asset Management Limited,Nippon India Index Fund - Nifty 50 Plan,Nippon India Mutual Fund,Nifty 50 TRI,20260131,"3,055.20",20100928,,,,,Not Applicable,NIL,,,,,,,0.97,,,,,,18,,,0.69,,11.25,,,,,Himanshu Mange,Dec-23,6,,,,,,,,,,,,,,"{""amc_name"": ""46"", ""benchmark_index"": ""46"", ""count"": 109, ""fund_manager_managing_fund_since"": ""46"", ""fund_manager_name"": ""46"", ""fund_manager_qualification"": ""46"", ""fund_manager_total_exp"": ""46"", ""load_entry"": ""46"", ""load_exit"": ""46"", ""main_scheme_name"": ""46"", ""metrics_beta"": ""46"", ""metrics_port_turnover_ratio"": ""46"", ""metrics_sharpe"": ""46"", ""metrics_std_dev"": ""46"", ""min_addl_amt"": ""46"", ""min_addl_amt_multiple"": ""46"", ""min_amt"": ""46"", ""min_amt_multiple"": ""46"", ""monthly_aaum_date"": ""46"", ""monthly_aaum_value"": ""46"", ""mutual_fund_name"": ""46"", ""riskometer"": ""46"", ""riskometer_benchmark"": ""46"", ""scheme_launch_date"": ""46""}"
Nippon Life India Asset Management Limited,Nippon India Index Fund - BSE Sensex Plan,Nippon India Mutual Fund,BSE Sensex TRI,20260131,988.32,20100928,,,,,Not Applicable,NIL,,,,,,,0.97,,,,,,15,,,0.63,,10.85,,,,,Himanshu Mange,Dec-23,6,,,,,,,,,,,,,,"{""amc_name"": ""47"", ""benchmark_index"": ""47"", ""count"": 109, ""fund_manager_managing_fund_since"": ""47"", ""fund_manager_name"": ""47"", ""fund_manager_qualification"": ""47"", ""fund_manager_total_exp"": ""47"", ""load_entry"": ""47"", ""load_exit"": ""47"", ""main_scheme_name"": ""47"", ""metrics_beta"": ""47"", ""metrics_port_turnover_ratio"": ""47"", ""metrics_sharpe"": ""47"", ""metrics_std_dev"": ""47"", ""min_addl_amt"": ""47"", ""min_addl_amt_multiple"": ""47"", ""min_amt"": ""47"", ""min_amt_multiple"": ""47"", ""monthly_aaum_date"": ""47"", ""monthly_aaum_value"": ""47"", ""mutual_fund_name"": ""47"", ""riskometer"": ""47"", ""riskometer_benchmark"": ""47"", ""scheme_launch_date"": ""47""}"
Nippon Life India Asset Management Limited,Nippon India Nifty Smallcap 250 Index Fund,Nippon India Mutual Fund,Nifty Smallcap 250 TRI,20260131,"2,633.47",20201016,,,,,Not Applicable,Nil,,,,,,,0.97,,,,,,28,,,0.74,,19.44,,,,,Himanshu Mange,Dec-23,6,,,,,,,,,,,,,,"{""amc_name"": ""48"", ""benchmark_index"": ""48"", ""count"": 109, ""fund_manager_managing_fund_since"": ""48"", ""fund_manager_name"": ""48"", ""fund_manager_qualification"": ""48"", ""fund_manager_total_exp"": ""48"", ""load_entry"": ""48"", ""load_exit"": ""48"", ""main_scheme_name"": ""48"", ""metrics_beta"": ""48"", ""metrics_port_turnover_ratio"": ""48"", ""metrics_sharpe"": ""48"", ""metrics_std_dev"": ""48"", ""min_addl_amt"": ""48"", ""min_addl_amt_multiple"": ""48"", ""min_amt"": ""48"", ""min_amt_multiple"": ""48"", ""monthly_aaum_date"": ""48"", ""monthly_aaum_value"": ""48"", ""mutual_fund_name"": ""48"", ""riskometer"": ""48"", ""riskometer_benchmark"": ""48"", ""scheme_launch_date"": ""48""}"
Nippon Life India Asset Management Limited,Nippon India Nifty Midcap 150 Index Fund,Nippon India Mutual Fund,Nifty Midcap 150 TRI,20260131,"2,120.66",20210219,,,,,Not Applicable,Nil,,,,,,,0.97,,,,,,28,,,1.04,,15.65,,,,,Himanshu Mange,Dec-23,6,,,,,,,,,,,,,,"{""amc_name"": ""49"", ""benchmark_index"": ""49"", ""count"": 109, ""fund_manager_managing_fund_since"": ""49"", ""fund_manager_name"": ""49"", ""fund_manager_qualification"": ""49"", ""fund_manager_total_exp"": ""49"", ""load_entry"": ""49"", ""load_exit"": ""49"", ""main_scheme_name"": ""49"", ""metrics_beta"": ""49"", ""metrics_port_turnover_ratio"": ""49"", ""metrics_sharpe"": ""49"", ""metrics_std_dev"": ""49"", ""min_addl_amt"": ""49"", ""min_addl_amt_multiple"": ""49"", ""min_amt"": ""49"", ""min_amt_multiple"": ""49"", ""monthly_aaum_date"": ""49"", ""monthly_aaum_value"": ""49"", ""mutual_fund_name"": ""49"", ""riskometer"": ""49"", ""riskometer_benchmark"": ""49"", ""scheme_launch_date"": ""49""}"
Nippon Life India Asset Management Limited,Nippon India Nifty 50 Value 20 Index Fund,Nippon India Mutual Fund,Nifty 50 Value 20 TRI,20260131,"1,040.47",20210219,,,,,Not Applicable,Nil,,,,,,,0.97,,,,,,47,,,0.72,,12.11,,,,,Jitendra Tolani,Feb-25,19,,,,,,,,,,,,,,"{""amc_name"": ""50"", ""benchmark_index"": ""50"", ""count"": 109, ""fund_manager_managing_fund_since"": ""50"", ""fund_manager_name"": ""50"", ""fund_manager_qualification"": ""50"", ""fund_manager_total_exp"": ""50"", ""load_entry"": ""50"", ""load_exit"": ""50"", ""main_scheme_name"": ""50"", ""metrics_beta"": ""50"", ""metrics_port_turnover_ratio"": ""50"", ""metrics_sharpe"": ""50"", ""metrics_std_dev"": ""50"", ""min_addl_amt"": ""50"", ""min_addl_amt_multiple"": ""50"", ""min_amt"": ""50"", ""min_amt_multiple"": ""50"", ""monthly_aaum_date"": ""50"", ""monthly_aaum_value"": ""50"", ""mutual_fund_name"": ""50"", ""riskometer"": ""50"", ""riskometer_benchmark"": ""50"", ""scheme_launch_date"": ""50""}"
Nippon Life India Asset Management Limited,Nippon India Nifty Alpha Low Volatility 30 Index Fund,Nippon India Mutual Fund,Nifty Alpha Low Volatility 30 TRI,20260131,"1,399.28",20220819,,,,,Not Applicable,Nil,,,,,,,0.97,,,,,,95,,,0.74,,14.47,,,,,Jitendra Tolani,Feb-25,19,,,,,,,,,,,,,,"{""amc_name"": ""51"", ""benchmark_index"": ""51"", ""count"": 109, ""fund_manager_managing_fund_since"": ""51"", ""fund_manager_name"": ""51"", ""fund_manager_qualification"": ""51"", ""fund_manager_total_exp"": ""51"", ""load_entry"": ""51"", ""load_exit"": ""51"", ""main_scheme_name"": ""51"", ""metrics_beta"": ""51"", ""metrics_port_turnover_ratio"": ""51"", ""metrics_sharpe"": ""51"", ""metrics_std_dev"": ""51"", ""min_addl_amt"": ""51"", ""min_addl_amt_multiple"": ""51"", ""min_amt"": ""51"", ""min_amt_multiple"": ""51"", ""monthly_aaum_date"": ""51"", ""monthly_aaum_value"": ""51"", ""mutual_fund_name"": ""51"", ""riskometer"": ""51"", ""riskometer_benchmark"": ""51"", ""scheme_launch_date"": ""51""}"
Nippon Life India Asset Management Limited,Nippon India Nifty Bank Index Fund,Nippon India Mutual Fund,Nifty Bank TRI,20260131,182.25,20240222,,,,,Not Applicable,Nil,,,,,,,,,,,,,26,,,,,,,,,,Jitendra Tolani,Feb-25,19,,,,,,,,,,,,,,"{""amc_name"": ""52"", ""benchmark_index"": ""52"", ""count"": 109, ""fund_manager_managing_fund_since"": ""52"", ""fund_manager_name"": ""52"", ""fund_manager_qualification"": ""52"", ""fund_manager_total_exp"": ""52"", ""load_entry"": ""52"", ""load_exit"": ""52"", ""main_scheme_name"": ""52"", ""metrics_port_turnover_ratio"": ""52"", ""min_addl_amt"": ""52"", ""min_addl_amt_multiple"": ""52"", ""min_amt"": ""52"", ""min_amt_multiple"": ""52"", ""monthly_aaum_date"": ""52"", ""monthly_aaum_value"": ""52"", ""mutual_fund_name"": ""52"", ""riskometer"": ""52"", ""riskometer_benchmark"": ""52"", ""scheme_launch_date"": ""52""}"
Nippon Life India Asset Management Limited,Nippon India Nifty IT Index Fund,Nippon India Mutual Fund,NIFTY IT TRI,20260131,205.53,20240222,,,,,Not Applicable,Nil,,,,,,,,,,,,,17,,,,,,,,,,Jitendra Tolani,Feb-25,19,,,,,,,,,,,,,,"{""amc_name"": ""53"", ""benchmark_index"": ""53"", ""count"": 109, ""fund_manager_managing_fund_since"": ""53"", ""fund_manager_name"": ""53"", ""fund_manager_qualification"": ""53"", ""fund_manager_total_exp"": ""53"", ""load_entry"": ""53"", ""load_exit"": ""53"", ""main_scheme_name"": ""53"", ""metrics_port_turnover_ratio"": ""53"", ""min_addl_amt"": ""53"", ""min_addl_amt_multiple"": ""53"", ""min_amt"": ""53"", ""min_amt_multiple"": ""53"", ""monthly_aaum_date"": ""53"", ""monthly_aaum_value"": ""53"", ""mutual_fund_name"": ""53"", ""riskometer"": ""53"", ""riskometer_benchmark"": ""53"", ""scheme_launch_date"": ""53""}"
Nippon Life India Asset Management Limited,Nippon India Nifty 500 Equal Weight Index Fund,Nippon India Mutual Fund,Nifty 500 Equal Weight TRI,20260131,445.86,20240910,,,,,Not Applicable,Nil,,,,,,,,,,,,,60,,,,,,,,,,Jitendra Tolani,Feb-25,19,,,,,,,,,,,,,,"{""amc_name"": ""54"", ""benchmark_index"": ""54"", ""count"": 109, ""fund_manager_managing_fund_since"": ""54"", ""fund_manager_name"": ""54"", ""fund_manager_qualification"": ""54"", ""fund_manager_total_exp"": ""54"", ""load_entry"": ""54"", ""load_exit"": ""54"", ""main_scheme_name"": ""54"", ""metrics_port_turnover_ratio"": ""54"", ""min_addl_amt"": ""54"", ""min_addl_amt_multiple"": ""54"", ""min_amt"": ""54"", ""min_amt_multiple"": ""54"", ""monthly_aaum_date"": ""54"", ""monthly_aaum_value"": ""54"", ""mutual_fund_name"": ""54"", ""riskometer"": ""54"", ""riskometer_benchmark"": ""54"", ""scheme_launch_date"": ""54""}"
Nippon Life India Asset Management Limited,Nippon India Nifty 500 Momentum 50 Index Fund,Nippon India Mutual Fund,Nifty 500 Momentum 50 TRI,20260131,"1,083.85",20240930,,,,,Not Applicable,Nil,,,,,,,,,,,,,174,,,,,,,,,,Jitendra Tolani,Feb-25,19,,,,,,,,,,,,,,"{""amc_name"": ""55"", ""benchmark_index"": ""55"", ""count"": 109, ""fund_manager_managing_fund_since"": ""55"", ""fund_manager_name"": ""55"", ""fund_manager_qualification"": ""55"", ""fund_manager_total_exp"": ""55"", ""load_entry"": ""55"", ""load_exit"": ""55"", ""main_scheme_name"": ""55"", ""metrics_port_turnover_ratio"": ""55"", ""min_addl_amt"": ""55"", ""min_addl_amt_multiple"": ""55"", ""min_amt"": ""55"", ""min_amt_multiple"": ""55"", ""monthly_aaum_date"": ""55"", ""monthly_aaum_value"": ""55"", ""mutual_fund_name"": ""55"", ""riskometer"": ""55"", ""riskometer_benchmark"": ""55"", ""scheme_launch_date"": ""55""}"
Nippon Life India Asset Management Limited,Nippon India Nifty Auto Index Fund,Nippon India Mutual Fund,Nifty Auto TRI,20260131,40.01,20241204,,,,,Not Applicable,Nil,,,,,,,,,,,,,95,,,,,,,,,,Jitendra Tolani,Feb-25,19,,,,,,,,,,,,,,"{""amc_name"": ""56"", ""benchmark_index"": ""56"", ""count"": 109, ""fund_manager_managing_fund_since"": ""56"", ""fund_manager_name"": ""56"", ""fund_manager_qualification"": ""56"", ""fund_manager_total_exp"": ""56"", ""load_entry"": ""56"", ""load_exit"": ""56"", ""main_scheme_name"": ""56"", ""metrics_port_turnover_ratio"": ""56"", ""min_addl_amt"": ""56"", ""min_addl_amt_multiple"": ""56"", ""min_amt"": ""56"", ""min_amt_multiple"": ""56"", ""monthly_aaum_date"": ""56"", ""monthly_aaum_value"": ""56"", ""mutual_fund_name"": ""56"", ""riskometer"": ""56"", ""riskometer_benchmark"": ""56"", ""scheme_launch_date"": ""56""}"
Nippon Life India Asset Management Limited,Nippon India Nifty Realty Index Fund,Nippon India Mutual Fund,Nifty Realty TRI,20260131,32.37,20241204,,,,,Not Applicable,Nil,,,,,,,,,,,,,73,,,,,,,,,,Jitendra Tolani,Feb-25,19,,,,,,,,,,,,,,"{""amc_name"": ""57"", ""benchmark_index"": ""57"", ""count"": 109, ""fund_manager_managing_fund_since"": ""57"", ""fund_manager_name"": ""57"", ""fund_manager_qualification"": ""57"", ""fund_manager_total_exp"": ""57"", ""load_entry"": ""57"", ""load_exit"": ""57"", ""main_scheme_name"": ""57"", ""metrics_port_turnover_ratio"": ""57"", ""min_addl_amt"": ""57"", ""min_addl_amt_multiple"": ""57"", ""min_amt"": ""57"", ""min_amt_multiple"": ""57"", ""monthly_aaum_date"": ""57"", ""monthly_aaum_value"": ""57"", ""mutual_fund_name"": ""57"", ""riskometer"": ""57"", ""riskometer_benchmark"": ""57"", ""scheme_launch_date"": ""57""}"
Nippon Life India Asset Management Limited,Nippon India Nifty 500 Low Volatility 50 Index Fund,Nippon India Mutual Fund,Nifty500 Low Volatility 50 TRI,20260131,17.31,20250507,,,,,Not Applicable,Nil,,,,,,,,,,,,,,,,,,,,,,,Jitendra Tolani,May-25,19,,,,,,,,,,,,,,"{""amc_name"": ""58"", ""benchmark_index"": ""58"", ""count"": 109, ""fund_manager_managing_fund_since"": ""58"", ""fund_manager_name"": ""58"", ""fund_manager_qualification"": ""58"", ""fund_manager_total_exp"": ""58"", ""load_entry"": ""58"", ""load_exit"": ""58"", ""main_scheme_name"": ""58"", ""min_addl_amt"": ""58"", ""min_addl_amt_multiple"": ""58"", ""min_amt"": ""58"", ""min_amt_multiple"": ""58"", ""monthly_aaum_date"": ""58"", ""monthly_aaum_value"": ""58"", ""mutual_fund_name"": ""58"", ""riskometer"": ""58"", ""riskometer_benchmark"": ""58"", ""scheme_launch_date"": ""58""}"
Nippon Life India Asset Management Limited,Nippon India Nifty 500 Quality 50 Index Fund,Nippon India Mutual Fund,Nifty500 Quality 50 TRI,20260131,41.4,20250507,,,,,Not Applicable,Nil,,,,,,,,,,,,,,,,,,,,,,,Jitendra Tolani,May-25,19,,,,,,,,,,,,,,"{""amc_name"": ""59"", ""benchmark_index"": ""59"", ""count"": 109, ""fund_manager_managing_fund_since"": ""59"", ""fund_manager_name"": ""59"", ""fund_manager_qualification"": ""59"", ""fund_manager_total_exp"": ""59"", ""load_entry"": ""59"", ""load_exit"": ""59"", ""main_scheme_name"": ""59"", ""min_addl_amt"": ""59"", ""min_addl_amt_multiple"": ""59"", ""min_amt"": ""59"", ""min_amt_multiple"": ""59"", ""monthly_aaum_date"": ""59"", ""monthly_aaum_value"": ""59"", ""mutual_fund_name"": ""59"", ""riskometer"": ""59"", ""riskometer_benchmark"": ""59"", ""scheme_launch_date"": ""59""}"
Nippon Life India Asset Management Limited,Nippon India BSE Sensex Next 30 Index Fund,Nippon India Mutual Fund,BSE Sensex Next 30 TRI,20260131,37.64,20250610,,,,,Not Applicable,Nil,,,,,,,,,,,,,,,,,,,,,,,Himanshu Mange,Jun-25,6,,,,,,,,,,,,,,"{""amc_name"": ""60"", ""benchmark_index"": ""60"", ""count"": 109, ""fund_manager_managing_fund_since"": ""60"", ""fund_manager_name"": ""60"", ""fund_manager_qualification"": ""60"", ""fund_manager_total_exp"": ""60"", ""load_entry"": ""60"", ""load_exit"": ""60"", ""main_scheme_name"": ""60"", ""min_addl_amt"": ""60"", ""min_addl_amt_multiple"": ""60"", ""min_amt"": ""60"", ""min_amt_multiple"": ""60"", ""monthly_aaum_date"": ""60"", ""monthly_aaum_value"": ""60"", ""mutual_fund_name"": ""60"", ""riskometer"": ""60"", ""riskometer_benchmark"": ""60"", ""scheme_launch_date"": ""60""}"
Nippon Life India Asset Management Limited,Nippon India Nifty India Manufacturing Index Fund,Nippon India Mutual Fund,Nifty India Manufacturing TRI,20260131,37.55,20250826,,,,,Not Applicable,Nil,,,,,,,,,,,,,,,,,,,,,,,Himanshu Mange,Aug-25,6,,,,,,,,,,,,,,"{""amc_name"": ""61"", ""benchmark_index"": ""61"", ""count"": 109, ""fund_manager_managing_fund_since"": ""61"", ""fund_manager_name"": ""61"", ""fund_manager_qualification"": ""61"", ""fund_manager_total_exp"": ""61"", ""load_entry"": ""61"", ""load_exit"": ""61"", ""main_scheme_name"": ""61"", ""min_addl_amt"": ""61"", ""min_addl_amt_multiple"": ""61"", ""min_amt"": ""61"", ""min_amt_multiple"": ""61"", ""monthly_aaum_date"": ""61"", ""monthly_aaum_value"": ""61"", ""mutual_fund_name"": ""61"", ""riskometer"": ""61"", ""riskometer_benchmark"": ""61"", ""scheme_launch_date"": ""61""}"
Nippon Life India Asset Management Limited,Nippon India Nifty AAA CPSE Bond Plus SDL - Apr 2027 Maturity 6040 Index Fund,Nippon India Mutual Fund,Nifty AAA CPSE Bond Plus SDL Apr 2027 60 40 Index,20260131,"3,160.37 .",20220329,,,,,Not Applicable,Nil ,,,,,,0.98,,,,,0.95,0.91,,,,,,,,,,6.45,Vivek Sharma,Mar-22,19,,,,,,,,,,,,,,"{""amc_name"": ""62"", ""benchmark_index"": ""62"", ""count"": 109, ""fund_manager_managing_fund_since"": ""62"", ""fund_manager_name"": ""62"", ""fund_manager_qualification"": ""62"", ""fund_manager_total_exp"": ""62"", ""load_entry"": ""62"", ""load_exit"": ""62"", ""main_scheme_name"": ""62"", ""metrics_avg_maturity"": ""62"", ""metrics_macaulay"": ""62"", ""metrics_mod_duration"": ""62"", ""metrics_ytm"": ""62"", ""min_addl_amt"": ""62"", ""min_addl_amt_multiple"": ""62"", ""min_amt"": ""62"", ""min_amt_multiple"": ""62"", ""monthly_aaum_date"": ""62"", ""monthly_aaum_value"": ""62"", ""mutual_fund_name"": ""62"", ""riskometer"": ""62"", ""riskometer_benchmark"": ""62"", ""scheme_launch_date"": ""62""}"
Nippon Life India Asset Management Limited,Nippon India Nifty AAA PSU Bond Plus SDL - Sep 2026 Maturity 5050 Index Fund,Nippon India Mutual Fund,Nifty AAA PSU Bond Plus SDL Sep 2026 50 50 Index,20260131,380.72 .,20221027,,,,,Not Applicable,Nil ,,,,,,0.48,,,,,0.47,0.45,,,,,,,,,,6.1,Vivek Sharma,Oct-22,19,,,,,,,,,,,,,,"{""amc_name"": ""63"", ""benchmark_index"": ""63"", ""count"": 109, ""fund_manager_managing_fund_since"": ""63"", ""fund_manager_name"": ""63"", ""fund_manager_qualification"": ""63"", ""fund_manager_total_exp"": ""63"", ""load_entry"": ""63"", ""load_exit"": ""63"", ""main_scheme_name"": ""63"", ""metrics_avg_maturity"": ""63"", ""metrics_macaulay"": ""63"", ""metrics_mod_duration"": ""63"", ""metrics_ytm"": ""63"", ""min_addl_amt"": ""63"", ""min_addl_amt_multiple"": ""63"", ""min_amt"": ""63"", ""min_amt_multiple"": ""63"", ""monthly_aaum_date"": ""63"", ""monthly_aaum_value"": ""63"", ""mutual_fund_name"": ""63"", ""riskometer"": ""63"", ""riskometer_benchmark"": ""63"", ""scheme_launch_date"": ""63""}"
Nippon Life India Asset Management Limited,Nippon India Nifty SDL Plus G-Sec - Jun 2028 Maturity 7030 Index Fund,Nippon India Mutual Fund,Nifty SDL Plus G-Sec Jun 2028 70 30 Index,20260131,335.88 .,20221124,,,,,Not Applicable,Nil ,,,,,,2.15,,,,,1.98,1.92,,,,,,,,,,6.24,Vivek Sharma,Nov-22,19,,,,,,,,,,,,,,"{""amc_name"": ""64"", ""benchmark_index"": ""64"", ""count"": 109, ""fund_manager_managing_fund_since"": ""64"", ""fund_manager_name"": ""64"", ""fund_manager_qualification"": ""64"", ""fund_manager_total_exp"": ""64"", ""load_entry"": ""64"", ""load_exit"": ""64"", ""main_scheme_name"": ""64"", ""metrics_avg_maturity"": ""64"", ""metrics_macaulay"": ""64"", ""metrics_mod_duration"": ""64"", ""metrics_ytm"": ""64"", ""min_addl_amt"": ""64"", ""min_addl_amt_multiple"": ""64"", ""min_amt"": ""64"", ""min_amt_multiple"": ""64"", ""monthly_aaum_date"": ""64"", ""monthly_aaum_value"": ""64"", ""mutual_fund_name"": ""64"", ""riskometer"": ""64"", ""riskometer_benchmark"": ""64"", ""scheme_launch_date"": ""64""}"
Nippon Life India Asset Management Limited,Nippon India Nifty G-Sec Sep 2027 Maturity Index Fund,Nippon India Mutual Fund,Nifty G-Sec Sep 2027 Index,20260131,397.36 .,20221206,,,,,Not Applicable,Nil ,,,,,,1.47,,,,,1.41,1.37,,,,,,,,,,5.75,Vivek Sharma,Dec-22,19,,,,,,,,,,,,,,"{""amc_name"": ""65"", ""benchmark_index"": ""65"", ""count"": 109, ""fund_manager_managing_fund_since"": ""65"", ""fund_manager_name"": ""65"", ""fund_manager_qualification"": ""65"", ""fund_manager_total_exp"": ""65"", ""load_entry"": ""65"", ""load_exit"": ""65"", ""main_scheme_name"": ""65"", ""metrics_avg_maturity"": ""65"", ""metrics_macaulay"": ""65"", ""metrics_mod_duration"": ""65"", ""metrics_ytm"": ""65"", ""min_addl_amt"": ""65"", ""min_addl_amt_multiple"": ""65"", ""min_amt"": ""65"", ""min_amt_multiple"": ""65"", ""monthly_aaum_date"": ""65"", ""monthly_aaum_value"": ""65"", ""mutual_fund_name"": ""65"", ""riskometer"": ""65"", ""riskometer_benchmark"": ""65"", ""scheme_launch_date"": ""65""}"
Nippon Life India Asset Management Limited,Nippon India Nifty G-Sec Jun 2036 Maturity Index Fund,Nippon India Mutual Fund,Nifty G-Sec Jun 2036 Index,20260131,855.48 .,20221219,,,,,Not Applicable,Nil ,,,,,,10.24,,,,,7.35,7.11,,,,,,,,,,6.87,Vivek Sharma,Dec-22,19,,,,,,,,,,,,,,"{""amc_name"": ""66"", ""benchmark_index"": ""66"", ""count"": 109, ""fund_manager_managing_fund_since"": ""66"", ""fund_manager_name"": ""66"", ""fund_manager_qualification"": ""66"", ""fund_manager_total_exp"": ""66"", ""load_entry"": ""66"", ""load_exit"": ""66"", ""main_scheme_name"": ""66"", ""metrics_avg_maturity"": ""66"", ""metrics_macaulay"": ""66"", ""metrics_mod_duration"": ""66"", ""metrics_ytm"": ""66"", ""min_addl_amt"": ""66"", ""min_addl_amt_multiple"": ""66"", ""min_amt"": ""66"", ""min_amt_multiple"": ""66"", ""monthly_aaum_date"": ""66"", ""monthly_aaum_value"": ""66"", ""mutual_fund_name"": ""66"", ""riskometer"": ""66"", ""riskometer_benchmark"": ""66"", ""scheme_launch_date"": ""66""}"
Nippon Life India Asset Management Limited,Nippon India Nifty SDL Plus G-Sec - Jun 2029 Maturity 7030 Index Fund,Nippon India Mutual Fund,Nifty SDL Plus G-Sec Jun 2029 70 30 Index,20260131,315.62 .,20230220,,,,,Not Applicable,Nil ,,,,,,3.16,,,,,2.81,2.72,,,,,,,,,,6.53,Vivek Sharma,Feb-23,19,,,,,,,,,,,,,,"{""amc_name"": ""67"", ""benchmark_index"": ""67"", ""count"": 109, ""fund_manager_managing_fund_since"": ""67"", ""fund_manager_name"": ""67"", ""fund_manager_qualification"": ""67"", ""fund_manager_total_exp"": ""67"", ""load_entry"": ""67"", ""load_exit"": ""67"", ""main_scheme_name"": ""67"", ""metrics_avg_maturity"": ""67"", ""metrics_macaulay"": ""67"", ""metrics_mod_duration"": ""67"", ""metrics_ytm"": ""67"", ""min_addl_amt"": ""67"", ""min_addl_amt_multiple"": ""67"", ""min_amt"": ""67"", ""min_amt_multiple"": ""67"", ""monthly_aaum_date"": ""67"", ""monthly_aaum_value"": ""67"", ""mutual_fund_name"": ""67"", ""riskometer"": ""67"", ""riskometer_benchmark"": ""67"", ""scheme_launch_date"": ""67""}"
Nippon Life India Asset Management Limited,Nippon India Nifty G-Sec Oct 2028 Maturity Index Fund,Nippon India Mutual Fund,Nifty G-Sec Oct 2028 Index,20260131,134.66 .,20230306,,,,,Not Applicable,Nil ,,,,,,2.55,,,,,2.34,2.27,,,,,,,,,,5.87,Vivek Sharma,Mar-23,19,,,,,,,,,,,,,,"{""amc_name"": ""68"", ""benchmark_index"": ""68"", ""count"": 109, ""fund_manager_managing_fund_since"": ""68"", ""fund_manager_name"": ""68"", ""fund_manager_qualification"": ""68"", ""fund_manager_total_exp"": ""68"", ""load_entry"": ""68"", ""load_exit"": ""68"", ""main_scheme_name"": ""68"", ""metrics_avg_maturity"": ""68"", ""metrics_macaulay"": ""68"", ""metrics_mod_duration"": ""68"", ""metrics_ytm"": ""68"", ""min_addl_amt"": ""68"", ""min_addl_amt_multiple"": ""68"", ""min_amt"": ""68"", ""min_amt_multiple"": ""68"", ""monthly_aaum_date"": ""68"", ""monthly_aaum_value"": ""68"", ""mutual_fund_name"": ""68"", ""riskometer"": ""68"", ""riskometer_benchmark"": ""68"", ""scheme_launch_date"": ""68""}"
Nippon Life India Asset Management Limited,Nippon India CRISIL-IBX AAA Financial Services - Dec 2026 Index Fund,Nippon India Mutual Fund,CRISIL-IBX AAA Financial Services Index Dec 2026,20260131,96.87 .,20241025,,,,,Not Applicable,Nil ,,,,,,0.77,,,,,0.77,0.72,,,,,,,,,,6.91,Vivek Sharma,Oct-24,19,,,,,,,,,,,,,,"{""amc_name"": ""69"", ""benchmark_index"": ""69"", ""count"": 109, ""fund_manager_managing_fund_since"": ""69"", ""fund_manager_name"": ""69"", ""fund_manager_qualification"": ""69"", ""fund_manager_total_exp"": ""69"", ""load_entry"": ""69"", ""load_exit"": ""69"", ""main_scheme_name"": ""69"", ""metrics_avg_maturity"": ""69"", ""metrics_macaulay"": ""69"", ""metrics_mod_duration"": ""69"", ""metrics_ytm"": ""69"", ""min_addl_amt"": ""69"", ""min_addl_amt_multiple"": ""69"", ""min_amt"": ""69"", ""min_amt_multiple"": ""69"", ""monthly_aaum_date"": ""69"", ""monthly_aaum_value"": ""69"", ""mutual_fund_name"": ""69"", ""riskometer"": ""69"", ""riskometer_benchmark"": ""69"", ""scheme_launch_date"": ""69""}"
Nippon Life India Asset Management Limited,Nippon India CRISIL-IBX AAA Financial Services - Jan 2028 Index Fund,Nippon India Mutual Fund,CRISIL-IBX AAA Financial Services Index Jan 2028,20260131,76.65 .,20241025,,,,,Not Applicable,Nil ,,,,,,1.87,,,,,1.74,1.63,,,,,,,,,,7.06,Vivek Sharma,Oct-24,19,,,,,,,,,,,,,,"{""amc_name"": ""70"", ""benchmark_index"": ""70"", ""count"": 109, ""fund_manager_managing_fund_since"": ""70"", ""fund_manager_name"": ""70"", ""fund_manager_qualification"": ""70"", ""fund_manager_total_exp"": ""70"", ""load_entry"": ""70"", ""load_exit"": ""70"", ""main_scheme_name"": ""70"", ""metrics_avg_maturity"": ""70"", ""metrics_macaulay"": ""70"", ""metrics_mod_duration"": ""70"", ""metrics_ytm"": ""70"", ""min_addl_amt"": ""70"", ""min_addl_amt_multiple"": ""70"", ""min_amt"": ""70"", ""min_amt_multiple"": ""70"", ""monthly_aaum_date"": ""70"", ""monthly_aaum_value"": ""70"", ""mutual_fund_name"": ""70"", ""riskometer"": ""70"", ""riskometer_benchmark"": ""70"", ""scheme_launch_date"": ""70""}"
Nippon Life India Asset Management Limited,Nippon India ETF Nifty 50 BeES,Nippon India Mutual Fund,Nifty 50 TRI,20260131,"55,997.14",20011228,,,,,Not Applicable,Nil,,,,,,,0.97,,,,,,19,,,0.74,,11.27,0.02,,,,Himanshu Mange,Dec-23,6,,,,,,,,,,,,,,"{""amc_name"": ""71"", ""benchmark_index"": ""71"", ""count"": 109, ""fund_manager_managing_fund_since"": ""71"", ""fund_manager_name"": ""71"", ""fund_manager_qualification"": ""71"", ""fund_manager_total_exp"": ""71"", ""load_entry"": ""71"", ""load_exit"": ""71"", ""main_scheme_name"": ""71"", ""metrics_beta"": ""71"", ""metrics_port_turnover_ratio"": ""71"", ""metrics_sharpe"": ""71"", ""metrics_std_dev"": ""71"", ""metrics_tracking_error"": ""71"", ""min_addl_amt"": ""71"", ""min_addl_amt_multiple"": ""71"", ""min_amt"": ""71"", ""min_amt_multiple"": ""71"", ""monthly_aaum_date"": ""71"", ""monthly_aaum_value"": ""71"", ""mutual_fund_name"": ""71"", ""riskometer"": ""71"", ""riskometer_benchmark"": ""71"", ""scheme_launch_date"": ""71""}"
Nippon Life India Asset Management Limited,Nippon India ETF BSE Sensex,Nippon India Mutual Fund,BSE Sensex TRI,20260131,"23,291.19",20140924,,,,,Not Applicable,Not Applicable,,,,,,,0.97,,,,,,16,,,0.68,,10.86,0.02,,,,Himanshu Mange,Dec-23,6,,,,,,,,,,,,,,"{""amc_name"": ""72"", ""benchmark_index"": ""72"", ""count"": 109, ""fund_manager_managing_fund_since"": ""72"", ""fund_manager_name"": ""72"", ""fund_manager_qualification"": ""72"", ""fund_manager_total_exp"": ""72"", ""load_entry"": ""72"", ""load_exit"": ""72"", ""main_scheme_name"": ""72"", ""metrics_beta"": ""72"", ""metrics_port_turnover_ratio"": ""72"", ""metrics_sharpe"": ""72"", ""metrics_std_dev"": ""72"", ""metrics_tracking_error"": ""72"", ""min_addl_amt"": ""72"", ""min_addl_amt_multiple"": ""72"", ""min_amt"": ""72"", ""min_amt_multiple"": ""72"", ""monthly_aaum_date"": ""72"", ""monthly_aaum_value"": ""72"", ""mutual_fund_name"": ""72"", ""riskometer"": ""72"", ""riskometer_benchmark"": ""72"", ""scheme_launch_date"": ""72""}"
Nippon Life India Asset Management Limited,Nippon India ETF Nifty 50 Value 20,Nippon India Mutual Fund,Nifty 50 Value 20 TRI,20260131,158.49,20150618,,,,,Not Applicable,Not Applicable,,,,,,,0.97,,,,,,53,,,0.76,,12.11,0.06,,,,Jitendra Tolani,Feb-25,19,,,,,,,,,,,,,,"{""amc_name"": ""73"", ""benchmark_index"": ""73"", ""count"": 109, ""fund_manager_managing_fund_since"": ""73"", ""fund_manager_name"": ""73"", ""fund_manager_qualification"": ""73"", ""fund_manager_total_exp"": ""73"", ""load_entry"": ""73"", ""load_exit"": ""73"", ""main_scheme_name"": ""73"", ""metrics_beta"": ""73"", ""metrics_port_turnover_ratio"": ""73"", ""metrics_sharpe"": ""73"", ""metrics_std_dev"": ""73"", ""metrics_tracking_error"": ""73"", ""min_addl_amt"": ""73"", ""min_addl_amt_multiple"": ""73"", ""min_amt"": ""73"", ""min_amt_multiple"": ""73"", ""monthly_aaum_date"": ""73"", ""monthly_aaum_value"": ""73"", ""mutual_fund_name"": ""73"", ""riskometer"": ""73"", ""riskometer_benchmark"": ""73"", ""scheme_launch_date"": ""73""}"
Nippon Life India Asset Management Limited,Nippon India ETF Nifty Next 50 Junior BeES,Nippon India Mutual Fund,Nifty Next 50 TRI,20260131,"6,944.11",20030221,,,,,Not Applicable,Nil,,,,,,,0.97,,,,,,28,,,0.74,,17.64,0.05,,,,Himanshu Mange,Dec-23,6,,,,,,,,,,,,,,"{""amc_name"": ""74"", ""benchmark_index"": ""74"", ""count"": 109, ""fund_manager_managing_fund_since"": ""74"", ""fund_manager_name"": ""74"", ""fund_manager_qualification"": ""74"", ""fund_manager_total_exp"": ""74"", ""load_entry"": ""74"", ""load_exit"": ""74"", ""main_scheme_name"": ""74"", ""metrics_beta"": ""74"", ""metrics_port_turnover_ratio"": ""74"", ""metrics_sharpe"": ""74"", ""metrics_std_dev"": ""74"", ""metrics_tracking_error"": ""74"", ""min_addl_amt"": ""74"", ""min_addl_amt_multiple"": ""74"", ""min_amt"": ""74"", ""min_amt_multiple"": ""74"", ""monthly_aaum_date"": ""74"", ""monthly_aaum_value"": ""74"", ""mutual_fund_name"": ""74"", ""riskometer"": ""74"", ""riskometer_benchmark"": ""74"", ""scheme_launch_date"": ""74""}"
Nippon Life India Asset Management Limited,Nippon India ETF Nifty 100,Nippon India Mutual Fund,Nifty 100 TRI,20260131,324.35,20130322,,,,,Not Applicable,Not Applicable,,,,,,,0.97,,,,,,21,,,0.69,,12.13,0.03,,,,Himanshu Mange,Dec-23,6,,,,,,,,,,,,,,"{""amc_name"": ""75"", ""benchmark_index"": ""75"", ""count"": 109, ""fund_manager_managing_fund_since"": ""75"", ""fund_manager_name"": ""75"", ""fund_manager_qualification"": ""75"", ""fund_manager_total_exp"": ""75"", ""load_entry"": ""75"", ""load_exit"": ""75"", ""main_scheme_name"": ""75"", ""metrics_beta"": ""75"", ""metrics_port_turnover_ratio"": ""75"", ""metrics_sharpe"": ""75"", ""metrics_std_dev"": ""75"", ""metrics_tracking_error"": ""75"", ""min_addl_amt"": ""75"", ""min_addl_amt_multiple"": ""75"", ""min_amt"": ""75"", ""min_amt_multiple"": ""75"", ""monthly_aaum_date"": ""75"", ""monthly_aaum_value"": ""75"", ""mutual_fund_name"": ""75"", ""riskometer"": ""75"", ""riskometer_benchmark"": ""75"", ""scheme_launch_date"": ""75""}"
Nippon Life India Asset Management Limited,Nippon India ETF Nifty India Consumption,Nippon India Mutual Fund,Nifty India Consumption TRI,20260131,202.12,20140403,,,,,Not Applicable,Not Applicable,,,,,,,0.97,,,,,,44,,,0.88,,13.93,0.03,,,,Jitendra Tolani,Feb-25,19,,,,,,,,,,,,,,"{""amc_name"": ""76"", ""benchmark_index"": ""76"", ""count"": 109, ""fund_manager_managing_fund_since"": ""76"", ""fund_manager_name"": ""76"", ""fund_manager_qualification"": ""76"", ""fund_manager_total_exp"": ""76"", ""load_entry"": ""76"", ""load_exit"": ""76"", ""main_scheme_name"": ""76"", ""metrics_beta"": ""76"", ""metrics_port_turnover_ratio"": ""76"", ""metrics_sharpe"": ""76"", ""metrics_std_dev"": ""76"", ""metrics_tracking_error"": ""76"", ""min_addl_amt"": ""76"", ""min_addl_amt_multiple"": ""76"", ""min_amt"": ""76"", ""min_amt_multiple"": ""76"", ""monthly_aaum_date"": ""76"", ""monthly_aaum_value"": ""76"", ""mutual_fund_name"": ""76"", ""riskometer"": ""76"", ""riskometer_benchmark"": ""76"", ""scheme_launch_date"": ""76""}"
Nippon Life India Asset Management Limited,Nippon India ETF Nifty Dividend Opportunities 50,Nippon India Mutual Fund,Nifty Dividend Opportunities 50 TRI,20260131,74.47,20140415,,,,,Not Applicable,Not Applicable,,,,,,,0.97,,,,,,59,,,1.01,,14.23,0.05,,,,Jitendra Tolani,Feb-25,19,,,,,,,,,,,,,,"{""amc_name"": ""77"", ""benchmark_index"": ""77"", ""count"": 109, ""fund_manager_managing_fund_since"": ""77"", ""fund_manager_name"": ""77"", ""fund_manager_qualification"": ""77"", ""fund_manager_total_exp"": ""77"", ""load_entry"": ""77"", ""load_exit"": ""77"", ""main_scheme_name"": ""77"", ""metrics_beta"": ""77"", ""metrics_port_turnover_ratio"": ""77"", ""metrics_sharpe"": ""77"", ""metrics_std_dev"": ""77"", ""metrics_tracking_error"": ""77"", ""min_addl_amt"": ""77"", ""min_addl_amt_multiple"": ""77"", ""min_amt"": ""77"", ""min_amt_multiple"": ""77"", ""monthly_aaum_date"": ""77"", ""monthly_aaum_value"": ""77"", ""mutual_fund_name"": ""77"", ""riskometer"": ""77"", ""riskometer_benchmark"": ""77"", ""scheme_launch_date"": ""77""}"
Nippon Life India Asset Management Limited,Nippon India ETF Nifty Infrastructure BeES,Nippon India Mutual Fund,Nifty Infrastructure TRI,20260131,164.22,20100929,,,,,Not Applicable,Nil,,,,,,,0.97,,,,,,26,,,1,,15.44,0.05,,,,Jitendra Tolani,Feb-25,19,,,,,,,,,,,,,,"{""amc_name"": ""78"", ""benchmark_index"": ""78"", ""count"": 109, ""fund_manager_managing_fund_since"": ""78"", ""fund_manager_name"": ""78"", ""fund_manager_qualification"": ""78"", ""fund_manager_total_exp"": ""78"", ""load_entry"": ""78"", ""load_exit"": ""78"", ""main_scheme_name"": ""78"", ""metrics_beta"": ""78"", ""metrics_port_turnover_ratio"": ""78"", ""metrics_sharpe"": ""78"", ""metrics_std_dev"": ""78"", ""metrics_tracking_error"": ""78"", ""min_addl_amt"": ""78"", ""min_addl_amt_multiple"": ""78"", ""min_amt"": ""78"", ""min_amt_multiple"": ""78"", ""monthly_aaum_date"": ""78"", ""monthly_aaum_value"": ""78"", ""mutual_fund_name"": ""78"", ""riskometer"": ""78"", ""riskometer_benchmark"": ""78"", ""scheme_launch_date"": ""78""}"
Nippon Life India Asset Management Limited,Nippon India ETF Nifty Bank BeES,Nippon India Mutual Fund,Nifty Bank TRI,20260131,"7,964.89",20040527,,,,,Not Applicable,Nil,,,,,,,0.97,,,,,,31,,,0.53,,12.71,0.03,,,,Himanshu Mange,Dec-23,6,,,,,,,,,,,,,,"{""amc_name"": ""79"", ""benchmark_index"": ""79"", ""count"": 109, ""fund_manager_managing_fund_since"": ""79"", ""fund_manager_name"": ""79"", ""fund_manager_qualification"": ""79"", ""fund_manager_total_exp"": ""79"", ""load_entry"": ""79"", ""load_exit"": ""79"", ""main_scheme_name"": ""79"", ""metrics_beta"": ""79"", ""metrics_port_turnover_ratio"": ""79"", ""metrics_sharpe"": ""79"", ""metrics_std_dev"": ""79"", ""metrics_tracking_error"": ""79"", ""min_addl_amt"": ""79"", ""min_addl_amt_multiple"": ""79"", ""min_amt"": ""79"", ""min_amt_multiple"": ""79"", ""monthly_aaum_date"": ""79"", ""monthly_aaum_value"": ""79"", ""mutual_fund_name"": ""79"", ""riskometer"": ""79"", ""riskometer_benchmark"": ""79"", ""scheme_launch_date"": ""79""}"
Nippon Life India Asset Management Limited,Nippon India ETF Nifty PSU Bank BeES,Nippon India Mutual Fund,Nifty PSU Bank TRI,20260131,"3,836.92",20071025,,,,,Not Applicable,Nil,,,,,,,0.97,,,,,,33,,,0.83,,24.33,0.09,,,,Jitendra Tolani,Feb-25,19,,,,,,,,,,,,,,"{""amc_name"": ""80"", ""benchmark_index"": ""80"", ""count"": 109, ""fund_manager_managing_fund_since"": ""80"", ""fund_manager_name"": ""80"", ""fund_manager_qualification"": ""80"", ""fund_manager_total_exp"": ""80"", ""load_entry"": ""80"", ""load_exit"": ""80"", ""main_scheme_name"": ""80"", ""metrics_beta"": ""80"", ""metrics_port_turnover_ratio"": ""80"", ""metrics_sharpe"": ""80"", ""metrics_std_dev"": ""80"", ""metrics_tracking_error"": ""80"", ""min_addl_amt"": ""80"", ""min_addl_amt_multiple"": ""80"", ""min_amt"": ""80"", ""min_amt_multiple"": ""80"", ""monthly_aaum_date"": ""80"", ""monthly_aaum_value"": ""80"", ""mutual_fund_name"": ""80"", ""riskometer"": ""80"", ""riskometer_benchmark"": ""80"", ""scheme_launch_date"": ""80""}"
Nippon Life India Asset Management Limited,Nippon India ETF Nifty 50 Shariah BeES,Nippon India Mutual Fund,Nifty50 Shariah TRI,20260131,52.53,20090318,,,,,Not Applicable,Nil,,,,,,,0.97,,,,,,80,,,0.18,,14.85,0.09,,,,Jitendra Tolani,Feb-25,19,,,,,,,,,,,,,,"{""amc_name"": ""81"", ""benchmark_index"": ""81"", ""count"": 109, ""fund_manager_managing_fund_since"": ""81"", ""fund_manager_name"": ""81"", ""fund_manager_qualification"": ""81"", ""fund_manager_total_exp"": ""81"", ""load_entry"": ""81"", ""load_exit"": ""81"", ""main_scheme_name"": ""81"", ""metrics_beta"": ""81"", ""metrics_port_turnover_ratio"": ""81"", ""metrics_sharpe"": ""81"", ""metrics_std_dev"": ""81"", ""metrics_tracking_error"": ""81"", ""min_addl_amt"": ""81"", ""min_addl_amt_multiple"": ""81"", ""min_amt"": ""81"", ""min_amt_multiple"": ""81"", ""monthly_aaum_date"": ""81"", ""monthly_aaum_value"": ""81"", ""mutual_fund_name"": ""81"", ""riskometer"": ""81"", ""riskometer_benchmark"": ""81"", ""scheme_launch_date"": ""81""}"
Nippon Life India Asset Management Limited,Nippon India ETF Nifty Midcap 150,Nippon India Mutual Fund,Nifty Midcap 150 TRI,20260131,"2,809.21",20190131,,,,,Not Applicable,Not Applicable,,,,,,,0.97,,,,,,48,,,1.09,,15.66,0.12,,,,Himanshu Mange,Dec-23,6,,,,,,,,,,,,,,"{""amc_name"": ""82"", ""benchmark_index"": ""82"", ""count"": 109, ""fund_manager_managing_fund_since"": ""82"", ""fund_manager_name"": ""82"", ""fund_manager_qualification"": ""82"", ""fund_manager_total_exp"": ""82"", ""load_entry"": ""82"", ""load_exit"": ""82"", ""main_scheme_name"": ""82"", ""metrics_beta"": ""82"", ""metrics_port_turnover_ratio"": ""82"", ""metrics_sharpe"": ""82"", ""metrics_std_dev"": ""82"", ""metrics_tracking_error"": ""82"", ""min_addl_amt"": ""82"", ""min_addl_amt_multiple"": ""82"", ""min_amt"": ""82"", ""min_amt_multiple"": ""82"", ""monthly_aaum_date"": ""82"", ""monthly_aaum_value"": ""82"", ""mutual_fund_name"": ""82"", ""riskometer"": ""82"", ""riskometer_benchmark"": ""82"", ""scheme_launch_date"": ""82""}"
Nippon Life India Asset Management Limited,Nippon India ETF Hang Seng BeES,Nippon India Mutual Fund,Hang Seng TRI,20260131,"1,028.67",20100309,,,,,Not Applicable,Nil 1For foreign securities 2For debt securities,,,,,,,0.96,,,,,,12,,,0.51,,21.3,0.13,,,,Kinjal Desai,May-18,13,,Vikash Agarwal,Apr-25,19 Years,,,,,,,,,,"{""amc_name"": ""83"", ""benchmark_index"": ""83"", ""count"": 109, ""fund_manager_managing_fund_since"": ""83"", ""fund_manager_name"": ""83"", ""fund_manager_qualification"": ""83"", ""fund_manager_total_exp"": ""83"", ""load_entry"": ""83"", ""load_exit"": ""83"", ""main_scheme_name"": ""83"", ""metrics_beta"": ""83"", ""metrics_port_turnover_ratio"": ""83"", ""metrics_sharpe"": ""83"", ""metrics_std_dev"": ""83"", ""metrics_tracking_error"": ""83"", ""min_addl_amt"": ""83"", ""min_addl_amt_multiple"": ""83"", ""min_amt"": ""83"", ""min_amt_multiple"": ""83"", ""monthly_aaum_date"": ""83"", ""monthly_aaum_value"": ""83"", ""mutual_fund_name"": ""83"", ""riskometer"": ""83"", ""riskometer_benchmark"": ""83"", ""scheme_launch_date"": ""83""}"
Nippon Life India Asset Management Limited,Nippon India ETF BSE Sensex Next 50,Nippon India Mutual Fund,BSE Sensex Next 50 TRI,20260131,109.72,20190730,,,,,Not Applicable,Not Applicable,,,,,,,0.97,,,,,,23,,,1.02,,15.36,0.05,,,,Himanshu Mange,Dec-23,6,,,,,,,,,,,,,,"{""amc_name"": ""84"", ""benchmark_index"": ""84"", ""count"": 109, ""fund_manager_managing_fund_since"": ""84"", ""fund_manager_name"": ""84"", ""fund_manager_qualification"": ""84"", ""fund_manager_total_exp"": ""84"", ""load_entry"": ""84"", ""load_exit"": ""84"", ""main_scheme_name"": ""84"", ""metrics_beta"": ""84"", ""metrics_port_turnover_ratio"": ""84"", ""metrics_sharpe"": ""84"", ""metrics_std_dev"": ""84"", ""metrics_tracking_error"": ""84"", ""min_addl_amt"": ""84"", ""min_addl_amt_multiple"": ""84"", ""min_amt"": ""84"", ""min_amt_multiple"": ""84"", ""monthly_aaum_date"": ""84"", ""monthly_aaum_value"": ""84"", ""mutual_fund_name"": ""84"", ""riskometer"": ""84"", ""riskometer_benchmark"": ""84"", ""scheme_launch_date"": ""84""}"
Nippon Life India Asset Management Limited,Nippon India ETF Nifty IT,Nippon India Mutual Fund,NIFTY IT TRI,20260131,"3,116.26",20200626,,,,,Not Applicable,Not Applicable,,,,,,,0.97,,,,,,44,,,0.38,,19.1,0.05,,,,Jitendra Tolani,Feb-25,19,,,,,,,,,,,,,,"{""amc_name"": ""85"", ""benchmark_index"": ""85"", ""count"": 109, ""fund_manager_managing_fund_since"": ""85"", ""fund_manager_name"": ""85"", ""fund_manager_qualification"": ""85"", ""fund_manager_total_exp"": ""85"", ""load_entry"": ""85"", ""load_exit"": ""85"", ""main_scheme_name"": ""85"", ""metrics_beta"": ""85"", ""metrics_port_turnover_ratio"": ""85"", ""metrics_sharpe"": ""85"", ""metrics_std_dev"": ""85"", ""metrics_tracking_error"": ""85"", ""min_addl_amt"": ""85"", ""min_addl_amt_multiple"": ""85"", ""min_amt"": ""85"", ""min_amt_multiple"": ""85"", ""monthly_aaum_date"": ""85"", ""monthly_aaum_value"": ""85"", ""mutual_fund_name"": ""85"", ""riskometer"": ""85"", ""riskometer_benchmark"": ""85"", ""scheme_launch_date"": ""85""}"
Nippon Life India Asset Management Limited,Nippon India Nifty Pharma ETF,Nippon India Mutual Fund,Nifty Pharma TRI,20260131,"1,003.18",20210702,,,,,Not Applicable,Not Applicable,,,,,,,0.97,,,,,,35,,,0.96,,16.59,0.02,,,,Jitendra Tolani,Feb-25,19,,,,,,,,,,,,,,"{""amc_name"": ""86"", ""benchmark_index"": ""86"", ""count"": 109, ""fund_manager_managing_fund_since"": ""86"", ""fund_manager_name"": ""86"", ""fund_manager_qualification"": ""86"", ""fund_manager_total_exp"": ""86"", ""load_entry"": ""86"", ""load_exit"": ""86"", ""main_scheme_name"": ""86"", ""metrics_beta"": ""86"", ""metrics_port_turnover_ratio"": ""86"", ""metrics_sharpe"": ""86"", ""metrics_std_dev"": ""86"", ""metrics_tracking_error"": ""86"", ""min_addl_amt"": ""86"", ""min_addl_amt_multiple"": ""86"", ""min_amt"": ""86"", ""min_amt_multiple"": ""86"", ""monthly_aaum_date"": ""86"", ""monthly_aaum_value"": ""86"", ""mutual_fund_name"": ""86"", ""riskometer"": ""86"", ""riskometer_benchmark"": ""86"", ""scheme_launch_date"": ""86""}"
Nippon Life India Asset Management Limited,Nippon India Nifty Auto ETF,Nippon India Mutual Fund,Nifty Auto TRI,20260131,402.74,20220120,,,,,Not Applicable,Not Applicable,,,,,,,0.97,,,,,,95,,,1.37,,17.07,0.06,,,,Jitendra Tolani,Feb-25,19,,,,,,,,,,,,,,"{""amc_name"": ""87"", ""benchmark_index"": ""87"", ""count"": 109, ""fund_manager_managing_fund_since"": ""87"", ""fund_manager_name"": ""87"", ""fund_manager_qualification"": ""87"", ""fund_manager_total_exp"": ""87"", ""load_entry"": ""87"", ""load_exit"": ""87"", ""main_scheme_name"": ""87"", ""metrics_beta"": ""87"", ""metrics_port_turnover_ratio"": ""87"", ""metrics_sharpe"": ""87"", ""metrics_std_dev"": ""87"", ""metrics_tracking_error"": ""87"", ""min_addl_amt"": ""87"", ""min_addl_amt_multiple"": ""87"", ""min_amt"": ""87"", ""min_amt_multiple"": ""87"", ""monthly_aaum_date"": ""87"", ""monthly_aaum_value"": ""87"", ""mutual_fund_name"": ""87"", ""riskometer"": ""87"", ""riskometer_benchmark"": ""87"", ""scheme_launch_date"": ""87""}"
Nippon Life India Asset Management Limited,CPSE ETF,Nippon India Mutual Fund,Nifty CPSE TRI,20260131,"28,625.57",20140328,,,,,Not Applicable,Nil,,,,,,,0.97,,,,,,11,,,1.25,,20.94,0.06,,,,Jitendra Tolani,Feb-25,19,,,,,,,,,,,,,,"{""amc_name"": ""88"", ""benchmark_index"": ""88"", ""count"": 109, ""fund_manager_managing_fund_since"": ""88"", ""fund_manager_name"": ""88"", ""fund_manager_qualification"": ""88"", ""fund_manager_total_exp"": ""88"", ""load_entry"": ""88"", ""load_exit"": ""88"", ""main_scheme_name"": ""88"", ""metrics_beta"": ""88"", ""metrics_port_turnover_ratio"": ""88"", ""metrics_sharpe"": ""88"", ""metrics_std_dev"": ""88"", ""metrics_tracking_error"": ""88"", ""min_addl_amt"": ""88"", ""min_addl_amt_multiple"": ""88"", ""min_amt"": ""88"", ""min_amt_multiple"": ""88"", ""monthly_aaum_date"": ""88"", ""monthly_aaum_value"": ""88"", ""mutual_fund_name"": ""88"", ""riskometer"": ""88"", ""riskometer_benchmark"": ""88"", ""scheme_launch_date"": ""88""}"
Nippon Life India Asset Management Limited,Nippon India BSE Sensex Next 30 ETF,Nippon India Mutual Fund,BSE Sensex Next 30 TRI,20260131,4.53,20250610,,,,,Not Applicable,Not Applicable,,,,,,,,,,,,,,,,,,,0.13,,,,Himanshu Mange,Jun-25,6,,,,,,,,,,,,,,"{""amc_name"": ""89"", ""benchmark_index"": ""89"", ""count"": 109, ""fund_manager_managing_fund_since"": ""89"", ""fund_manager_name"": ""89"", ""fund_manager_qualification"": ""89"", ""fund_manager_total_exp"": ""89"", ""load_entry"": ""89"", ""load_exit"": ""89"", ""main_scheme_name"": ""89"", ""metrics_tracking_error"": ""89"", ""min_addl_amt"": ""89"", ""min_addl_amt_multiple"": ""89"", ""min_amt"": ""89"", ""min_amt_multiple"": ""89"", ""monthly_aaum_date"": ""89"", ""monthly_aaum_value"": ""89"", ""mutual_fund_name"": ""89"", ""riskometer"": ""89"", ""riskometer_benchmark"": ""89"", ""scheme_launch_date"": ""89""}"
Nippon Life India Asset Management Limited,Nippon India Nifty India Manufacturing ETF,Nippon India Mutual Fund,Nifty India Manufacturing TRI,20260131,7.25,20250826,,,,,Not Applicable,Not Applicable,,,,,,,,,,,,,,,,,,,0.04,,,,Jitendra Tolani,Aug-25,19,,,,,,,,,,,,,,"{""amc_name"": ""90"", ""benchmark_index"": ""90"", ""count"": 109, ""fund_manager_managing_fund_since"": ""90"", ""fund_manager_name"": ""90"", ""fund_manager_qualification"": ""90"", ""fund_manager_total_exp"": ""90"", ""load_entry"": ""90"", ""load_exit"": ""90"", ""main_scheme_name"": ""90"", ""metrics_tracking_error"": ""90"", ""min_addl_amt"": ""90"", ""min_addl_amt_multiple"": ""90"", ""min_amt"": ""90"", ""min_amt_multiple"": ""90"", ""monthly_aaum_date"": ""90"", ""monthly_aaum_value"": ""90"", ""mutual_fund_name"": ""90"", ""riskometer"": ""90"", ""riskometer_benchmark"": ""90"", ""scheme_launch_date"": ""90""}"
Nippon Life India Asset Management Limited,Nippon India ETF Nifty 1D Rate Liquid BeES,Nippon India Mutual Fund,Nifty 1D Rate Index,20260131,"11,403.71",20030708,,,,,Not Applicable,Nil,,,,,,0,,,,,0,0,,,,,,,,,,,,,,,,,,,,,,,,,,,"{""amc_name"": ""91"", ""benchmark_index"": ""91"", ""count"": 109, ""load_entry"": ""91"", ""load_exit"": ""91"", ""main_scheme_name"": ""91"", ""metrics_avg_maturity"": ""91"", ""metrics_macaulay"": ""91"", ""metrics_mod_duration"": ""91"", ""min_addl_amt"": ""91"", ""min_addl_amt_multiple"": ""91"", ""min_amt"": ""91"", ""min_amt_multiple"": ""91"", ""monthly_aaum_date"": ""91"", ""monthly_aaum_value"": ""91"", ""mutual_fund_name"": ""91"", ""riskometer"": ""91"", ""riskometer_benchmark"": ""91"", ""scheme_launch_date"": ""91""}"
Nippon Life India Asset Management Limited,Nippon India Nifty 1D Rate Liquid ETF - Growth,Nippon India Mutual Fund,Nifty 1D Rate Index,20260131,118.47,20250723,,,,,Not Applicable,Not Applicable Creation Unit Size 2500 Units,,,,,,0,,,,,0,0,,,,,,,,,,,Vikash Agarwal,Jul-25,19,,Vivek Sharma,Jul-25,19 Years,,,,,,,,,,"{""amc_name"": ""92"", ""benchmark_index"": ""92"", ""count"": 109, ""fund_manager_managing_fund_since"": ""92"", ""fund_manager_name"": ""92"", ""fund_manager_qualification"": ""92"", ""fund_manager_total_exp"": ""92"", ""load_entry"": ""92"", ""load_exit"": ""92"", ""main_scheme_name"": ""92"", ""metrics_avg_maturity"": ""92"", ""metrics_macaulay"": ""92"", ""metrics_mod_duration"": ""92"", ""min_addl_amt"": ""92"", ""min_addl_amt_multiple"": ""92"", ""min_amt"": ""92"", ""min_amt_multiple"": ""92"", ""monthly_aaum_date"": ""92"", ""monthly_aaum_value"": ""92"", ""mutual_fund_name"": ""92"", ""riskometer"": ""92"", ""riskometer_benchmark"": ""92"", ""scheme_launch_date"": ""92""}"
Nippon Life India Asset Management Limited,Nippon India ETF Nifty 8-13 yr G-Sec Long Term Gilt,Nippon India Mutual Fund,Nifty 8-13 yr G-Sec Index,20260131,"2,690.51",20160705,,,,,Not Applicable,Not Applicable,,,,,,9.28,,,,,7,6.78,,,,,,,,,,6.72,Pranay Sinha,Mar-21,19,,,,,,,,,,,,,,"{""amc_name"": ""93"", ""benchmark_index"": ""93"", ""count"": 109, ""fund_manager_managing_fund_since"": ""93"", ""fund_manager_name"": ""93"", ""fund_manager_qualification"": ""93"", ""fund_manager_total_exp"": ""93"", ""load_entry"": ""93"", ""load_exit"": ""93"", ""main_scheme_name"": ""93"", ""metrics_avg_maturity"": ""93"", ""metrics_macaulay"": ""93"", ""metrics_mod_duration"": ""93"", ""metrics_ytm"": ""93"", ""min_addl_amt"": ""93"", ""min_addl_amt_multiple"": ""93"", ""min_amt"": ""93"", ""min_amt_multiple"": ""93"", ""monthly_aaum_date"": ""93"", ""monthly_aaum_value"": ""93"", ""mutual_fund_name"": ""93"", ""riskometer"": ""93"", ""riskometer_benchmark"": ""93"", ""scheme_launch_date"": ""93""}"
Nippon Life India Asset Management Limited,Nippon India ETF Nifty SDL Apr 2026 Top 20 Equal Weight,Nippon India Mutual Fund,Nifty SDL Apr 2026 Top 20 Equal Weight Index,20260131,"5,041.74",20210325,,,,,Not Applicable,Not Applicable,,,,,,0.12,,,,,0.12,,,,,,,,,,,5.43,Vivek Sharma,Mar-21,19,,,,,,,,,,,,,,"{""amc_name"": ""94"", ""benchmark_index"": ""94"", ""count"": 109, ""fund_manager_managing_fund_since"": ""94"", ""fund_manager_name"": ""94"", ""fund_manager_qualification"": ""94"", ""fund_manager_total_exp"": ""94"", ""load_entry"": ""94"", ""load_exit"": ""94"", ""main_scheme_name"": ""94"", ""metrics_avg_maturity"": ""94"", ""metrics_macaulay"": ""94"", ""metrics_ytm"": ""94"", ""min_addl_amt"": ""94"", ""min_addl_amt_multiple"": ""94"", ""min_amt"": ""94"", ""min_amt_multiple"": ""94"", ""monthly_aaum_date"": ""94"", ""monthly_aaum_value"": ""94"", ""mutual_fund_name"": ""94"", ""riskometer"": ""94"", ""riskometer_benchmark"": ""94"", ""scheme_launch_date"": ""94""}"
Nippon Life India Asset Management Limited,Nippon India ETF Nifty 5 yr Benchmark G-Sec,Nippon India Mutual Fund,G- Sec Index.,20260131,257.29,20210405,,,,,Not Applicable,Not Applicable,,,,,,4.51,,,,,3.9,,,,,,,,,,,6.41,Pranay Sinha,Apr-21,19,,,,,,,,,,,,,,"{""amc_name"": ""95"", ""benchmark_index"": ""95"", ""count"": 109, ""fund_manager_managing_fund_since"": ""95"", ""fund_manager_name"": ""95"", ""fund_manager_qualification"": ""95"", ""fund_manager_total_exp"": ""95"", ""load_entry"": ""95"", ""load_exit"": ""95"", ""main_scheme_name"": ""95"", ""metrics_avg_maturity"": ""95"", ""metrics_macaulay"": ""95"", ""metrics_ytm"": ""95"", ""min_addl_amt"": ""95"", ""min_addl_amt_multiple"": ""95"", ""min_amt"": ""95"", ""min_amt_multiple"": ""95"", ""monthly_aaum_date"": ""95"", ""monthly_aaum_value"": ""95"", ""mutual_fund_name"": ""95"", ""riskometer"": ""95"", ""riskometer_benchmark"": ""95"", ""scheme_launch_date"": ""95""}"
Nippon Life India Asset Management Limited,Nippon India Silver ETF,Nippon India Mutual Fund,Domestic Price of Silver (based on LBMA Silver daily spot fixing price),20260131,"24,291.72",20220202,,,,,Not Applicable,Not Applicable,,,,,,,0.95,,,,,,63,,,1.18,,31.37,0.58,,,,Vikram Dhawan,Feb-22,31,,,,,,,,,,,,,,"{""amc_name"": ""96"", ""benchmark_index"": ""96"", ""count"": 109, ""fund_manager_managing_fund_since"": ""96"", ""fund_manager_name"": ""96"", ""fund_manager_qualification"": ""96"", ""fund_manager_total_exp"": ""96"", ""load_entry"": ""96"", ""load_exit"": ""96"", ""main_scheme_name"": ""96"", ""metrics_beta"": ""96"", ""metrics_port_turnover_ratio"": ""96"", ""metrics_sharpe"": ""96"", ""metrics_std_dev"": ""96"", ""metrics_tracking_error"": ""96"", ""min_addl_amt"": ""96"", ""min_addl_amt_multiple"": ""96"", ""min_amt"": ""96"", ""min_amt_multiple"": ""96"", ""monthly_aaum_date"": ""96"", ""monthly_aaum_value"": ""96"", ""mutual_fund_name"": ""96"", ""riskometer"": ""96"", ""riskometer_benchmark"": ""96"", ""scheme_launch_date"": ""96""}"
Nippon Life India Asset Management Limited,Nippon India ETF Gold BeES,Nippon India Mutual Fund,Domestic Price of Gold,20260131,"37,802.00",20070308,,,,,Not Applicable,Nil,,,,,,,0.96,,,,,,87,,,1.81,,12.94,0.24,,,,Vikram Dhawan,Feb-22,31,,,,,,,,,,,,,,"{""amc_name"": ""97"", ""benchmark_index"": ""97"", ""count"": 109, ""fund_manager_managing_fund_since"": ""97"", ""fund_manager_name"": ""97"", ""fund_manager_qualification"": ""97"", ""fund_manager_total_exp"": ""97"", ""load_entry"": ""97"", ""load_exit"": ""97"", ""main_scheme_name"": ""97"", ""metrics_beta"": ""97"", ""metrics_port_turnover_ratio"": ""97"", ""metrics_sharpe"": ""97"", ""metrics_std_dev"": ""97"", ""metrics_tracking_error"": ""97"", ""min_addl_amt"": ""97"", ""min_addl_amt_multiple"": ""97"", ""min_amt"": ""97"", ""min_amt_multiple"": ""97"", ""monthly_aaum_date"": ""97"", ""monthly_aaum_value"": ""97"", ""mutual_fund_name"": ""97"", ""riskometer"": ""97"", ""riskometer_benchmark"": ""97"", ""scheme_launch_date"": ""97""}"
Nippon Life India Asset Management Limited,Nippon India Gold Savings Fund,Nippon India Mutual Fund,Domestic Price of Gold,20260131,"5,173.27",20110307,,,,,Not Applicable,"1% If redeemed or switched out on or before completion of 15 days from the date of allotment of units. Nil, thereafter",,,,,,,,,,,,,,,,,,,,,,,Himanshu Mange,Dec-23,6,,,,,,,,,,,,,,"{""amc_name"": ""98"", ""benchmark_index"": ""98"", ""count"": 109, ""fund_manager_managing_fund_since"": ""98"", ""fund_manager_name"": ""98"", ""fund_manager_qualification"": ""98"", ""fund_manager_total_exp"": ""98"", ""load_entry"": ""98"", ""load_exit"": ""98"", ""main_scheme_name"": ""98"", ""min_addl_amt"": ""98"", ""min_addl_amt_multiple"": ""98"", ""min_amt"": ""98"", ""min_amt_multiple"": ""98"", ""monthly_aaum_date"": ""98"", ""monthly_aaum_value"": ""98"", ""mutual_fund_name"": ""98"", ""riskometer"": ""98"", ""riskometer_benchmark"": ""98"", ""scheme_launch_date"": ""98""}"
Nippon Life India Asset Management Limited,Nippon India Nifty Next 50 Junior BeES FoF,Nippon India Mutual Fund,Nifty Next 50 TRI,20260131,640.75,20190308,,,,,Not Applicable,Nil,,,,,,,,,,,,,,,,,,,,,,,Himanshu Mange,Dec-23,6,,,,,,,,,,,,,,"{""amc_name"": ""99"", ""benchmark_index"": ""99"", ""count"": 109, ""fund_manager_managing_fund_since"": ""99"", ""fund_manager_name"": ""99"", ""fund_manager_qualification"": ""99"", ""fund_manager_total_exp"": ""99"", ""load_entry"": ""99"", ""load_exit"": ""99"", ""main_scheme_name"": ""99"", ""min_addl_amt"": ""99"", ""min_addl_amt_multiple"": ""99"", ""min_amt"": ""99"", ""min_amt_multiple"": ""99"", ""monthly_aaum_date"": ""99"", ""monthly_aaum_value"": ""99"", ""mutual_fund_name"": ""99"", ""riskometer"": ""99"", ""riskometer_benchmark"": ""99"", ""scheme_launch_date"": ""99""}"
Nippon Life India Asset Management Limited,Nippon India Diversified Equity Flexicap Passive FoF,Nippon India Mutual Fund,Nifty 500 TRI,20260131,234.81,20210101,,,,,Not Applicable,Nil,,,,,,,0.97,,,,,,4,,,0.74,,12.97,,,,,Ashutosh Bhargava,Jan-23,20,,,,,,,,,,,,,,"{""amc_name"": ""100"", ""benchmark_index"": ""100"", ""count"": 109, ""fund_manager_managing_fund_since"": ""100"", ""fund_manager_name"": ""100"", ""fund_manager_qualification"": ""100"", ""fund_manager_total_exp"": ""100"", ""load_entry"": ""100"", ""load_exit"": ""100"", ""main_scheme_name"": ""100"", ""metrics_beta"": ""100"", ""metrics_port_turnover_ratio"": ""100"", ""metrics_sharpe"": ""100"", ""metrics_std_dev"": ""100"", ""min_addl_amt"": ""100"", ""min_addl_amt_multiple"": ""100"", ""min_amt"": ""100"", ""min_amt_multiple"": ""100"", ""monthly_aaum_date"": ""100"", ""monthly_aaum_value"": ""100"", ""mutual_fund_name"": ""100"", ""riskometer"": ""100"", ""riskometer_benchmark"": ""100"", ""scheme_launch_date"": ""100""}"
Nippon Life India Asset Management Limited,Nippon India Multi - Asset Omni FoF,Nippon India Mutual Fund,"45% of Nifty 500, 45% of Crisil Short Term Bond Index 7% of Domestic prices of Gold and 3% of Domestic prices of Silver",20260131,"1,788.29",20210208,,,,,Not Applicable,"10% of the units allotted shall be redeemed without any exit load, on or before completion of 12 months from the date of allotment of units. Any redemption in excess of such limit in the first 12 months from the date of allotment shall be subject to the following exit load. Redemption of units would be done on First in First out Basis (FIFO) 1% if redeemed or switched out on or before completion of 12 months from the date of allotment of units. Nil, thereafter.",,,,,,,0.1,,,,,,8,,,1.76,,7.45,,,,,Sushil Budhia,Mar-21,24,,Ashutosh Bhargava,Feb-21,20 Years,,,,,,,,,,"{""amc_name"": ""101"", ""benchmark_index"": ""101"", ""count"": 109, ""fund_manager_managing_fund_since"": ""101"", ""fund_manager_name"": ""101"", ""fund_manager_qualification"": ""101"", ""fund_manager_total_exp"": ""101"", ""load_entry"": ""101"", ""load_exit"": ""101"", ""main_scheme_name"": ""101"", ""metrics_beta"": ""101"", ""metrics_port_turnover_ratio"": ""101"", ""metrics_sharpe"": ""101"", ""metrics_std_dev"": ""101"", ""min_addl_amt"": ""101"", ""min_addl_amt_multiple"": ""101"", ""min_amt"": ""101"", ""min_amt_multiple"": ""101"", ""monthly_aaum_date"": ""101"", ""monthly_aaum_value"": ""101"", ""mutual_fund_name"": ""101"", ""riskometer"": ""101"", ""riskometer_benchmark"": ""101"", ""scheme_launch_date"": ""101""}"
Nippon Life India Asset Management Limited,Nippon India Income Plus Arbitrage Active Fund of Fund,Nippon India Mutual Fund,60% CRISIL Short Term Bond Index + 40% Nifty 50 Arbitrage Index,20260131,811.02 .,20250617,,,,,Not Applicable,Nil,,,,,,,,,,,,,,,,,,,,,,,Sushil Budhia,Jun-25,24,,Vikash Agarwal,Jul-25,19 Years,Co-Fund Manager,,,,,,,,,"{""amc_name"": ""102"", ""benchmark_index"": ""102"", ""count"": 109, ""fund_manager_managing_fund_since"": ""102"", ""fund_manager_name"": ""102"", ""fund_manager_qualification"": ""102"", ""fund_manager_total_exp"": ""102"", ""load_entry"": ""102"", ""load_exit"": ""102"", ""main_scheme_name"": ""102"", ""min_addl_amt"": ""102"", ""min_addl_amt_multiple"": ""102"", ""min_amt"": ""102"", ""min_amt_multiple"": ""102"", ""monthly_aaum_date"": ""102"", ""monthly_aaum_value"": ""102"", ""mutual_fund_name"": ""102"", ""riskometer"": ""102"", ""riskometer_benchmark"": ""102"", ""scheme_launch_date"": ""102""}"
Nippon Life India Asset Management Limited,Nippon India Silver ETF Fund of Fund (FOF),Nippon India Mutual Fund,Domestic Price of Silver (based on LBMA Silver daily spot fixing price),20260131,"3,099.62",20220202,,,,,Not Applicable,1% - If redeemed or switched out on or before completion of 15 days from the date of allotment of units. Nil - If redeemed or switched out after completion of 15 days from the date of allotment of units.,,,,,,,,,,,,,,,,,,,,,,,Jitendra Tolani,Feb-25,19,,,,,,,,,,,,,,"{""amc_name"": ""103"", ""benchmark_index"": ""103"", ""count"": 109, ""fund_manager_managing_fund_since"": ""103"", ""fund_manager_name"": ""103"", ""fund_manager_qualification"": ""103"", ""fund_manager_total_exp"": ""103"", ""load_entry"": ""103"", ""load_exit"": ""103"", ""main_scheme_name"": ""103"", ""min_addl_amt"": ""103"", ""min_addl_amt_multiple"": ""103"", ""min_amt"": ""103"", ""min_amt_multiple"": ""103"", ""monthly_aaum_date"": ""103"", ""monthly_aaum_value"": ""103"", ""mutual_fund_name"": ""103"", ""riskometer"": ""103"", ""riskometer_benchmark"": ""103"", ""scheme_launch_date"": ""103""}"
Nippon Life India Asset Management Limited,Nippon India Retirement Fund - Income Generation Scheme,Nippon India Mutual Fund,CRISIL Hybrid 85+15 - Conservative Index,20260131,148.99 .,20150211,,,,,Not Applicable,Nil ,,,,,,16.93,,,,,9.44,9.12,,,,,,,,,,7.07,Ashutosh Bhargava,Apr-24,20,,Than Years Pranay Sinha,Mar-21,19 Years,,,,,,,,,,"{""amc_name"": ""104"", ""benchmark_index"": ""104"", ""count"": 109, ""fund_manager_managing_fund_since"": ""104"", ""fund_manager_name"": ""104"", ""fund_manager_qualification"": ""104"", ""fund_manager_total_exp"": ""104"", ""load_entry"": ""104"", ""load_exit"": ""104"", ""main_scheme_name"": ""104"", ""metrics_avg_maturity"": ""104"", ""metrics_macaulay"": ""104"", ""metrics_mod_duration"": ""104"", ""metrics_ytm"": ""104"", ""min_addl_amt"": ""104"", ""min_addl_amt_multiple"": ""104"", ""min_amt"": ""104"", ""min_amt_multiple"": ""104"", ""monthly_aaum_date"": ""104"", ""monthly_aaum_value"": ""104"", ""mutual_fund_name"": ""104"", ""riskometer"": ""104"", ""riskometer_benchmark"": ""104"", ""scheme_launch_date"": ""104""}"
Nippon Life India Asset Management Limited,Nippon India Retirement Fund - Wealth Creation Scheme,Nippon India Mutual Fund,BSE 500 TRI,20260131,"3,189.86 .",20150211,,,,,Not Applicable,Nil,,,,,,,0.95,,,,,,,,,0.84,,12.89,,,,,Ashutosh Bhargava,Apr-24,20,,Than Years Pranay Sinha,Mar-21,19 Years,,,,,,,,,,"{""amc_name"": ""105"", ""benchmark_index"": ""105"", ""count"": 109, ""fund_manager_managing_fund_since"": ""105"", ""fund_manager_name"": ""105"", ""fund_manager_qualification"": ""105"", ""fund_manager_total_exp"": ""105"", ""load_entry"": ""105"", ""load_exit"": ""105"", ""main_scheme_name"": ""105"", ""metrics_beta"": ""105"", ""metrics_portfolio_turnovertimes"": ""105"", ""metrics_sharpe"": ""105"", ""metrics_std_dev"": ""105"", ""min_addl_amt"": ""105"", ""min_addl_amt_multiple"": ""105"", ""min_amt"": ""105"", ""min_amt_multiple"": ""105"", ""monthly_aaum_date"": ""105"", ""monthly_aaum_value"": ""105"", ""mutual_fund_name"": ""105"", ""riskometer"": ""105"", ""riskometer_benchmark"": ""105"", ""scheme_launch_date"": ""105""}"
Nippon Life India Asset Management Limited,Nippon India Flexi Cap Fund Nippon India ELSS Tax Saver Fund Nippon India Banking & Financial Nippon Indi,Nippon India Mutual Fund,,20260131,,,,,,,,,,,,,,,,,,,,,,,,,,,,,,,,,,,,,,,,,,,,,,,"{""amc_name"": ""143"", ""benchmark_index"": ""143"", ""count"": 109, ""main_scheme_name"": ""143"", ""min_addl_amt"": ""143"", ""min_addl_amt_multiple"": ""143"", ""min_amt"": ""143"", ""min_amt_multiple"": ""143"", ""monthly_aaum_date"": ""143"", ""mutual_fund_name"": ""143"", ""riskometer"": ""143"", ""riskometer_benchmark"": ""143""}"
Nippon Life India Asset Management Limited,Nippon India Low Duration Fund Nippon India Corporate Bond Fund Nippon India Banking and PSU Fund Nippon,Nippon India Mutual Fund,CRISIL Low Duration Debt A-I Inde ,20260131,,,,,,,,,,,,,,,,,,,,,,,,,,,,,,,,,,,,,,,,,,,,,,,"{""amc_name"": ""145"", ""benchmark_index"": ""145"", ""count"": 109, ""main_scheme_name"": ""145"", ""min_addl_amt"": ""145"", ""min_addl_amt_multiple"": ""145"", ""min_amt"": ""145"", ""min_amt_multiple"": ""145"", ""monthly_aaum_date"": ""145"", ""mutual_fund_name"": ""145"", ""riskometer"": ""145"", ""riskometer_benchmark"": ""145""}"
Nippon Life India Asset Management Limited,Nippon India Medium toLong Nippon Indla Dynamic Bond Fund Nippon Indla Gilt Fund Nippon Indle,Nippon India Mutual Fund,NIFTY Medium to Long Duration Debt Ind ,20260131,,,,,,,,,,,,,,,,,,,,,,,,,,,,,,,,,,,,,,,,,,,,,,,"{""amc_name"": ""146"", ""benchmark_index"": ""146"", ""count"": 109, ""main_scheme_name"": ""146"", ""min_addl_amt"": ""146"", ""min_addl_amt_multiple"": ""146"", ""min_amt"": ""146"", ""min_amt_multiple"": ""146"", ""monthly_aaum_date"": ""146"", ""mutual_fund_name"": ""146"", ""riskometer"": ""146"", ""riskometer_benchmark"": ""146""}"
Nippon Life India Asset Management Limited,Nippon India Multi Asset Allocation Nippon India Index Fund - Nifty 50 Nippon India Index Fund - BSE Nippon Indi,Nippon India Mutual Fund,50% of BSE 500 TRI,20260131,,,,,,,,,,,,,,,,,,,,,,,,,,,,,,,,,,,,,,,,,,,,,,,"{""amc_name"": ""147"", ""benchmark_index"": ""147"", ""count"": 109, ""main_scheme_name"": ""147"", ""min_addl_amt"": ""147"", ""min_addl_amt_multiple"": ""147"", ""min_amt"": ""147"", ""min_amt_multiple"": ""147"", ""monthly_aaum_date"": ""147"", ""mutual_fund_name"": ""147"", ""riskometer"": ""147"", ""riskometer_benchmark"": ""147""}"
Nippon Life India Asset Management Limited,Nippon India Nifty India Nippon India Nifty AAA CPSE Bond Nippon India Nifty AAA PSU Bond Plus Nippon India,Nippon India Mutual Fund,Nifty India Manufacturing TRI ,20260131,,,,,,,,,,,,,,,,,,,,,,,,,,,,,,,,,,,,,,,,,,,,,,,"{""amc_name"": ""149"", ""benchmark_index"": ""149"", ""count"": 109, ""main_scheme_name"": ""149"", ""min_addl_amt"": ""149"", ""min_addl_amt_multiple"": ""149"", ""min_amt"": ""149"", ""min_amt_multiple"": ""149"", ""monthly_aaum_date"": ""149"", ""mutual_fund_name"": ""149"", ""riskometer"": ""149"", ""riskometer_benchmark"": ""149""}"
Nippon Life India Asset Management Limited,Nippon India CRISIL-IBX AAA NipponindlaCRISIL-IBXAAA NipponindlaETFNifty50BeES Nipponin,Nippon India Mutual Fund,CRISIL-IBX AAA Financial Services Index ,20260131,,,,,,,,,,,,,,,,,,,,,,,,,,,,,,,,,,,,,,,,,,,,,,,"{""amc_name"": ""150"", ""benchmark_index"": ""150"", ""count"": 109, ""main_scheme_name"": ""150"", ""min_addl_amt"": ""150"", ""min_addl_amt_multiple"": ""150"", ""min_amt"": ""150"", ""min_amt_multiple"": ""150"", ""monthly_aaum_date"": ""150"", ""mutual_fund_name"": ""150"", ""riskometer"": ""150"", ""riskometer_benchmark"": ""150""}"
Nippon Life India Asset Management Limited,Nippon India ETF Nifty Dividend Nippon India ETF Nifty Infrastructure Nippon India ETF Nifty Bank BeES Nippon Indi,Nippon India Mutual Fund,Nifty Dividend Opportunities 50 TR ,20260131,,,,,,,,,,,,,,,,,,,,,,,,,,,,,,,,,,,,,,,,,,,,,,,"{""amc_name"": ""151"", ""benchmark_index"": ""151"", ""count"": 109, ""main_scheme_name"": ""151"", ""min_addl_amt"": ""151"", ""min_addl_amt_multiple"": ""151"", ""min_amt"": ""151"", ""min_amt_multiple"": ""151"", ""monthly_aaum_date"": ""151"", ""mutual_fund_name"": ""151"", ""riskometer"": ""151"", ""riskometer_benchmark"": ""151""}"
Nippon Life India Asset Management Limited,Nippon India ETF Nifty 8-13 yr G-Sec Nippon India ETF Nifty SDL Apr 2026 Nippon India ETF Nifty 5 yr Nippon,Nippon India Mutual Fund,Nifty 8-13 yr G-Sec Index ,20260131,,,,,,,,,,,,,,,,,,,,,,,,,,,,,,,,,,,,,,,,,,,,,,,"{""amc_name"": ""153"", ""benchmark_index"": ""153"", ""count"": 109, ""main_scheme_name"": ""153"", ""min_addl_amt"": ""153"", ""min_addl_amt_multiple"": ""153"", ""min_amt"": ""153"", ""min_amt_multiple"": ""153"", ""monthly_aaum_date"": ""153"", ""mutual_fund_name"": ""153"", ""riskometer"": ""153"", ""riskometer_benchmark"": ""153""}"
