amc_name,main_scheme_name,mutual_fund_name,benchmark_index,monthly_aaum_date,monthly_aaum_value,scheme_launch_date,min_addl_amt,min_addl_amt_multiple,min_amt,min_amt_multiple,entry,exit,alpha,arithmetic_mean_ratio,average_div_yield,average_pb,average_pe,avg_maturity,beta,correlation_ratio,downside_deviation,information_ratio,macaulay,mod_duration,port_turnover_ratio,r_squared_ratio,roe_ratio,sharpe,sortino_ratio,std_dev,tracking_error,treynor_ratio,upside_deviation,ytm,name_1,managing_fund_since_1,total_exp_1,qualification_1,name_2,managing_fund_since_2,total_exp_2,qualification_2,name_3,managing_fund_since_3,total_exp_3,qualification_3,name_4,managing_fund_since_4,total_exp_4,qualification_4,field_location
Kotak Mahindra Asset Management Company Limited,KOTAK LARGE CAP FUND,Kotak Mahindra Mutual Fund,"Nifty 100 TRI (Tier 1), Nifty 50 TRI (Tier 2)",20260131,"10,932.94 crs",19981229,100,any,100,any,Nil. (applicable for all plans),For redemption switch out of upto 10% of the initial investment amount (limit) purchased or switched in within 1 year from the date of allotment Nil. If units redeemed or switched out are in excess of the limit within 1 year from the date of allotment 1% If units are redeemed or switched out on or after 1 year from the date of allotment NIL.,,,,3.69,24.96,,0.95,,,,,,27.18,,,0.82,,11.63,,,,,Rohit Tandon,,,,,,,,,,,,,,,,"{""amc_name"": ""7"", ""benchmark_index"": ""7"", ""count"": 104, ""fund_manager_managing_fund_since"": ""7"", ""fund_manager_name"": ""7"", ""fund_manager_qualification"": ""7"", ""fund_manager_total_exp"": ""7"", ""load_entry"": ""7"", ""load_exit"": ""7"", ""main_scheme_name"": ""7"", ""metrics_average_pb"": ""7"", ""metrics_average_pe"": ""7"", ""metrics_beta"": ""7"", ""metrics_port_turnover_ratio"": ""7"", ""metrics_sharpe"": ""7"", ""metrics_std_dev"": ""7"", ""min_addl_amt"": ""7"", ""min_addl_amt_multiple"": ""7"", ""min_amt"": ""7"", ""min_amt_multiple"": ""7"", ""monthly_aaum_date"": ""7"", ""monthly_aaum_value"": ""7"", ""mutual_fund_name"": ""7"", ""riskometer"": ""7"", ""riskometer_benchmark"": ""7"", ""scheme_launch_date"": ""7""}"
Kotak Mahindra Asset Management Company Limited,KOTAK FLEXICAP FUND,Kotak Mahindra Mutual Fund,Nifty 500 TRI (Tier 1) Nifty 200 TRI (Tier 2),20260131,"56,200.79 crs",20090911,100,any,100,any,Nil. (applicable for all plans),For redemption switch out of upto 10% of the initial investment amount (limit) purchased or switched in within 1 year from the date of allotment Nil. If units redeemed or switched out are in excess of the limit within 1 year from the date of allotment 1% If units are redeemed or switched out on or after 1 year from the date of allotment NIL.,,,,3.69,26.74,,0.91,,,,,,7.81,,,0.93,,12.22,,,,,Harsha Upadhyaya,,,,,,,,,,,,,,,,"{""amc_name"": ""8"", ""benchmark_index"": ""8"", ""count"": 104, ""fund_manager_managing_fund_since"": ""8"", ""fund_manager_name"": ""8"", ""fund_manager_qualification"": ""8"", ""fund_manager_total_exp"": ""8"", ""load_entry"": ""8"", ""load_exit"": ""8"", ""main_scheme_name"": ""8"", ""metrics_average_pb"": ""8"", ""metrics_average_pe"": ""8"", ""metrics_beta"": ""8"", ""metrics_port_turnover_ratio"": ""8"", ""metrics_sharpe"": ""8"", ""metrics_std_dev"": ""8"", ""min_addl_amt"": ""8"", ""min_addl_amt_multiple"": ""8"", ""min_amt"": ""8"", ""min_amt_multiple"": ""8"", ""monthly_aaum_date"": ""8"", ""monthly_aaum_value"": ""8"", ""mutual_fund_name"": ""8"", ""riskometer"": ""8"", ""riskometer_benchmark"": ""8"", ""scheme_launch_date"": ""8""}"
Kotak Mahindra Asset Management Company Limited,KOTAK MULTICAP FUND,Kotak Mahindra Mutual Fund,Nifty 500 Multicap 50 25 25 TRI,20260131,"22,864.13 crs",20210929,100,any,100,any,Nil. (applicable for all plans),For redemption switch out of upto 10% of the initial investment amount (limit) purchased or switched in within 1 year from the date of allotment Nil. If units redeemed or switched out are in excess of the limit within 1 year from the date of allotment 1% If units are redeemed or switched out on or after 1 year from the date of allotment NIL.,,,,2.48,18.68,,1.06,,,,,,42.82,,,1.05,,15.35,,,,,Devender Singhal,,,,Abhishek Bisen,,,,,,,,,,,,"{""amc_name"": ""9"", ""benchmark_index"": ""9"", ""count"": 104, ""fund_manager_managing_fund_since"": ""9"", ""fund_manager_name"": ""9"", ""fund_manager_qualification"": ""9"", ""fund_manager_total_exp"": ""9"", ""load_entry"": ""9"", ""load_exit"": ""9"", ""main_scheme_name"": ""9"", ""metrics_average_pb"": ""9"", ""metrics_average_pe"": ""9"", ""metrics_beta"": ""9"", ""metrics_port_turnover_ratio"": ""9"", ""metrics_sharpe"": ""9"", ""metrics_std_dev"": ""9"", ""min_addl_amt"": ""9"", ""min_addl_amt_multiple"": ""9"", ""min_amt"": ""9"", ""min_amt_multiple"": ""9"", ""monthly_aaum_date"": ""9"", ""monthly_aaum_value"": ""9"", ""mutual_fund_name"": ""9"", ""riskometer"": ""9"", ""riskometer_benchmark"": ""9"", ""scheme_launch_date"": ""9""}"
Kotak Mahindra Asset Management Company Limited,KOTAK LARGE & MIDCAP FUND,Kotak Mahindra Mutual Fund,"NIFTY Large Midcap 250 TRI (Tier 1), Nifty 200 Index TRI (Tier 2)",20260131,"29,921.89 crs",20040909,100,any,100,any,Nil. (applicable for all plans),For redemption switch out of upto 10% of the initial investment amount (limit) purchased or switched in within 1 year from the date of allotment Nil. If units redeemed or switched out are in excess of the limit within 1 year from the date of allotment 1% If units are redeemed or switched out on or after 1 year from the date of allotment NIL.,,,,3.67,27.81,,0.89,,,,,,17.94,,,1.06,,12.57,,,,,Harsha Upadhyaya,,,,,,,,,,,,,,,,"{""amc_name"": ""10"", ""benchmark_index"": ""10"", ""count"": 104, ""fund_manager_managing_fund_since"": ""10"", ""fund_manager_name"": ""10"", ""fund_manager_qualification"": ""10"", ""fund_manager_total_exp"": ""10"", ""load_entry"": ""10"", ""load_exit"": ""10"", ""main_scheme_name"": ""10"", ""metrics_average_pb"": ""10"", ""metrics_average_pe"": ""10"", ""metrics_beta"": ""10"", ""metrics_port_turnover_ratio"": ""10"", ""metrics_sharpe"": ""10"", ""metrics_std_dev"": ""10"", ""min_addl_amt"": ""10"", ""min_addl_amt_multiple"": ""10"", ""min_amt"": ""10"", ""min_amt_multiple"": ""10"", ""monthly_aaum_date"": ""10"", ""monthly_aaum_value"": ""10"", ""mutual_fund_name"": ""10"", ""riskometer"": ""10"", ""riskometer_benchmark"": ""10"", ""scheme_launch_date"": ""10""}"
Kotak Mahindra Asset Management Company Limited,KOTAK MIDCAP FUND,Kotak Mahindra Mutual Fund,"NIFTY Midcap 150 TRI (Tier 1), Nifty Midcap 100 TRI (Tier 2)",20260131,"59,498.36 crs",20070330,100,any,100,any,Nil. (applicable for all plans),For redemption switch out of upto 10% of the initial investment amount (limit) purchased or switched in within 1 year from the date of allotment Nil. If units redeemed or switched out are in excess of the limit within 1 year from the date of allotment 1% If units are redeemed or switched out on or after 1 year from the date of allotment NIL.,,,,4.72,33.45,,0.89,,,,,,23.50,,,0.97,,15.16,,,,,Atul Bhole,,,,,,,,,,,,,,,,"{""amc_name"": ""11"", ""benchmark_index"": ""11"", ""count"": 104, ""fund_manager_managing_fund_since"": ""11"", ""fund_manager_name"": ""11"", ""fund_manager_qualification"": ""11"", ""fund_manager_total_exp"": ""11"", ""load_entry"": ""11"", ""load_exit"": ""11"", ""main_scheme_name"": ""11"", ""metrics_average_pb"": ""11"", ""metrics_average_pe"": ""11"", ""metrics_beta"": ""11"", ""metrics_port_turnover_ratio"": ""11"", ""metrics_sharpe"": ""11"", ""metrics_std_dev"": ""11"", ""min_addl_amt"": ""11"", ""min_addl_amt_multiple"": ""11"", ""min_amt"": ""11"", ""min_amt_multiple"": ""11"", ""monthly_aaum_date"": ""11"", ""monthly_aaum_value"": ""11"", ""mutual_fund_name"": ""11"", ""riskometer"": ""11"", ""riskometer_benchmark"": ""11"", ""scheme_launch_date"": ""11""}"
Kotak Mahindra Asset Management Company Limited,KOTAK SMALL CAP FUND,Kotak Mahindra Mutual Fund,"NIFTY Smallcap 250 TRI (Tier 1), NIFTY Smallcap 100 TRI (Tier 2)",20260131,"16,629.78 crs",20050224,100,any,100,any,Nil. (applicable for all plans),For redemption switch out of upto 10% of the initial investment amount (limit) purchased or switched in within 1 year from the date of allotment Nil. If units redeemed or switched out are in excess of the limit within 1 year from the date of allotment 1% If units are redeemed or switched out on or after 1 year from the date of allotment NIL.,,,,4.26,36.38,,0.81,,,,,,24.07,,,0.52,,17.11,,,,,Harish Bihani,,,,,,,,,,,,,,,,"{""amc_name"": ""12"", ""benchmark_index"": ""12"", ""count"": 104, ""fund_manager_managing_fund_since"": ""12"", ""fund_manager_name"": ""12"", ""fund_manager_qualification"": ""12"", ""fund_manager_total_exp"": ""12"", ""load_entry"": ""12"", ""load_exit"": ""12"", ""main_scheme_name"": ""12"", ""metrics_average_pb"": ""12"", ""metrics_average_pe"": ""12"", ""metrics_beta"": ""12"", ""metrics_port_turnover_ratio"": ""12"", ""metrics_sharpe"": ""12"", ""metrics_std_dev"": ""12"", ""min_addl_amt"": ""12"", ""min_addl_amt_multiple"": ""12"", ""min_amt"": ""12"", ""min_amt_multiple"": ""12"", ""monthly_aaum_date"": ""12"", ""monthly_aaum_value"": ""12"", ""mutual_fund_name"": ""12"", ""riskometer"": ""12"", ""riskometer_benchmark"": ""12"", ""scheme_launch_date"": ""12""}"
Kotak Mahindra Asset Management Company Limited,KOTAK CONTRA FUND,Kotak Mahindra Mutual Fund,"Nifty 500 TRI (Tier 1), Nifty 100 TRI (Tier 2)",20260131,"5,093.27 crs",20050727,100,any,100,any,Nil. (applicable for all plans),For redemption switch out within 90 days from the date of allotment 1% If units are redeemed or switched out on or after 90 days from the date of allotment - Nil.,,,,3.50,26.29,,1.00,,,,,,32.47,,,1.07,,13.19,,,,,Shibani Sircar Kurian,,,,,,,,,,,,,,,,"{""amc_name"": ""13"", ""benchmark_index"": ""13"", ""count"": 104, ""fund_manager_managing_fund_since"": ""13"", ""fund_manager_name"": ""13"", ""fund_manager_qualification"": ""13"", ""fund_manager_total_exp"": ""13"", ""load_entry"": ""13"", ""load_exit"": ""13"", ""main_scheme_name"": ""13"", ""metrics_average_pb"": ""13"", ""metrics_average_pe"": ""13"", ""metrics_beta"": ""13"", ""metrics_port_turnover_ratio"": ""13"", ""metrics_sharpe"": ""13"", ""metrics_std_dev"": ""13"", ""min_addl_amt"": ""13"", ""min_addl_amt_multiple"": ""13"", ""min_amt"": ""13"", ""min_amt_multiple"": ""13"", ""monthly_aaum_date"": ""13"", ""monthly_aaum_value"": ""13"", ""mutual_fund_name"": ""13"", ""riskometer"": ""13"", ""riskometer_benchmark"": ""13"", ""scheme_launch_date"": ""13""}"
Kotak Mahindra Asset Management Company Limited,KOTAK FOCUSED FUND,Kotak Mahindra Mutual Fund,"Nifty 500 TRI (Tier 1), Nifty 200 TRI (Tier 2)",20260131,"3,941.72 crs",20190716,100,any,100,any,Nil. (applicable for all plans),For redemption switch out of upto 10% of the initial investment amount (limit) purchased or switched in within 1 year from the date of allotment Nil. If units redeemed or switched out are in excess of the limit within 1 year from the date of allotment 1% If units are redeemed or switched out on or after 1 year from the date of allotment NIL.,,,,4.25,28.72,,0.88,,,,,,16.24,,,0.99,,11.71,,,,,Shibani Sircar Kurian,,,,,,,,,,,,,,,,"{""amc_name"": ""14"", ""benchmark_index"": ""14"", ""count"": 104, ""fund_manager_managing_fund_since"": ""14"", ""fund_manager_name"": ""14"", ""fund_manager_qualification"": ""14"", ""fund_manager_total_exp"": ""14"", ""load_entry"": ""14"", ""load_exit"": ""14"", ""main_scheme_name"": ""14"", ""metrics_average_pb"": ""14"", ""metrics_average_pe"": ""14"", ""metrics_beta"": ""14"", ""metrics_port_turnover_ratio"": ""14"", ""metrics_sharpe"": ""14"", ""metrics_std_dev"": ""14"", ""min_addl_amt"": ""14"", ""min_addl_amt_multiple"": ""14"", ""min_amt"": ""14"", ""min_amt_multiple"": ""14"", ""monthly_aaum_date"": ""14"", ""monthly_aaum_value"": ""14"", ""mutual_fund_name"": ""14"", ""riskometer"": ""14"", ""riskometer_benchmark"": ""14"", ""scheme_launch_date"": ""14""}"
Kotak Mahindra Asset Management Company Limited,KOTAK ELSS TAX SAVER FUND,Kotak Mahindra Mutual Fund,Nifty 500 TRI,20260131,"6,357.68 crs",20051123,500,500,500,500,Nil. (applicable for all plans),Nil. (applicable for all plans),,,,3.52,24.08,,0.92,,,,,,23.93,,,0.79,,12.49,,,,,Harsha Upadhyaya,,,,,,,,,,,,,,,,"{""amc_name"": ""15"", ""benchmark_index"": ""15"", ""count"": 104, ""fund_manager_managing_fund_since"": ""15"", ""fund_manager_name"": ""15"", ""fund_manager_qualification"": ""15"", ""fund_manager_total_exp"": ""15"", ""load_entry"": ""15"", ""load_exit"": ""15"", ""main_scheme_name"": ""15"", ""metrics_average_pb"": ""15"", ""metrics_average_pe"": ""15"", ""metrics_beta"": ""15"", ""metrics_port_turnover_ratio"": ""15"", ""metrics_sharpe"": ""15"", ""metrics_std_dev"": ""15"", ""min_addl_amt"": ""15"", ""min_addl_amt_multiple"": ""15"", ""min_amt"": ""15"", ""min_amt_multiple"": ""15"", ""monthly_aaum_date"": ""15"", ""monthly_aaum_value"": ""15"", ""mutual_fund_name"": ""15"", ""riskometer"": ""15"", ""riskometer_benchmark"": ""15"", ""scheme_launch_date"": ""15""}"
Kotak Mahindra Asset Management Company Limited,KOTAK INFRASTRUCTURE & ECONOMIC REFORM FUND,Kotak Mahindra Mutual Fund,Nifty Infrastructure TRI (Tier 1),20260131,"2,275.11 crs",20080225,100,any,100,any,Nil. (applicable for all plans),For redemption switch out within 90 days from the date of allotment 0.5% If units are redeemed or switched out on or after 90 days from the date of allotment - Nil.,,,,3.87,25.18,,0.93,,,,,,32.00,,,0.78,,18.24,,,,,Nalin Rasik Bhatt,,,,,,,,,,,,,,,,"{""amc_name"": ""16"", ""benchmark_index"": ""16"", ""count"": 104, ""fund_manager_managing_fund_since"": ""16"", ""fund_manager_name"": ""16"", ""fund_manager_qualification"": ""16"", ""fund_manager_total_exp"": ""16"", ""load_entry"": ""16"", ""load_exit"": ""16"", ""main_scheme_name"": ""16"", ""metrics_average_pb"": ""16"", ""metrics_average_pe"": ""16"", ""metrics_beta"": ""16"", ""metrics_port_turnover_ratio"": ""16"", ""metrics_sharpe"": ""16"", ""metrics_std_dev"": ""16"", ""min_addl_amt"": ""16"", ""min_addl_amt_multiple"": ""16"", ""min_amt"": ""16"", ""min_amt_multiple"": ""16"", ""monthly_aaum_date"": ""16"", ""monthly_aaum_value"": ""16"", ""mutual_fund_name"": ""16"", ""riskometer"": ""16"", ""riskometer_benchmark"": ""16"", ""scheme_launch_date"": ""16""}"
Kotak Mahindra Asset Management Company Limited,KOTAK PIONEER FUND,Kotak Mahindra Mutual Fund,85% Nifty 500 TRI+ 15% MSCI ACWI Information Technology Index TRI,20260131,"3,279.02 crs",20191031,100,any,100,any,Nil. (applicable for all plans),For redemption switch out within 90 days from the date of allotment 0.5% If units are redeemed or switched out on or after 90 days from the date of allotment - Nil,,,,6.39,47.90,,1.02,,,,,,11.53,,,1.18,,12.91,,,,,Harish Bihani,,,,,,,,,,,,,,,,"{""amc_name"": ""17"", ""benchmark_index"": ""17"", ""count"": 104, ""fund_manager_managing_fund_since"": ""17"", ""fund_manager_name"": ""17"", ""fund_manager_qualification"": ""17"", ""fund_manager_total_exp"": ""17"", ""load_entry"": ""17"", ""load_exit"": ""17"", ""main_scheme_name"": ""17"", ""metrics_average_pb"": ""17"", ""metrics_average_pe"": ""17"", ""metrics_beta"": ""17"", ""metrics_port_turnover_ratio"": ""17"", ""metrics_sharpe"": ""17"", ""metrics_std_dev"": ""17"", ""min_addl_amt"": ""17"", ""min_addl_amt_multiple"": ""17"", ""min_amt"": ""17"", ""min_amt_multiple"": ""17"", ""monthly_aaum_date"": ""17"", ""monthly_aaum_value"": ""17"", ""mutual_fund_name"": ""17"", ""riskometer"": ""17"", ""riskometer_benchmark"": ""17"", ""scheme_launch_date"": ""17""}"
Kotak Mahindra Asset Management Company Limited,KOTAK ESG EXCLUSIONARY STRATEGY FUND,Kotak Mahindra Mutual Fund,Nifty 100 ESG Index TRI,20260131,832.25 crs,20201211,100,any,100,any,Nil. (applicable for all plans),For redemption switch out within 90 days from the date of allotment 0.5% If units are redeemed or switched out on or after 90 days from the date of allotment - Nil Redemption of units would be done on First in First out Basis (FIFO).,,,,3.75,25.52,,0.90,,,,,,21.65,,,0.73,,11.45,,,,,Mandar Pawar,,,,,,,,,,,,,,,,"{""amc_name"": ""18"", ""benchmark_index"": ""18"", ""count"": 104, ""fund_manager_managing_fund_since"": ""18"", ""fund_manager_name"": ""18"", ""fund_manager_qualification"": ""18"", ""fund_manager_total_exp"": ""18"", ""load_entry"": ""18"", ""load_exit"": ""18"", ""main_scheme_name"": ""18"", ""metrics_average_pb"": ""18"", ""metrics_average_pe"": ""18"", ""metrics_beta"": ""18"", ""metrics_port_turnover_ratio"": ""18"", ""metrics_sharpe"": ""18"", ""metrics_std_dev"": ""18"", ""min_addl_amt"": ""18"", ""min_addl_amt_multiple"": ""18"", ""min_amt"": ""18"", ""min_amt_multiple"": ""18"", ""monthly_aaum_date"": ""18"", ""monthly_aaum_value"": ""18"", ""mutual_fund_name"": ""18"", ""riskometer"": ""18"", ""riskometer_benchmark"": ""18"", ""scheme_launch_date"": ""18""}"
Kotak Mahindra Asset Management Company Limited,KOTAK MANUFACTURE IN INDIA FUND,Kotak Mahindra Mutual Fund,Nifty India Manufacturing TRI,20260131,"2,445.56 crs",20220222,100,any,100,any,Nil. (applicable for all plans),For redemption switch out within 90 days from the date of allotment 0.5% If units are redeemed or switched out on or after 90 days from the date of allotment - Nil,,,,3.97,32.26,,0.96,,,,,,34.70,,,0.94,,15.10,,,,,Harsha Upadhyaya,,,,Abhishek Bisen,,,,,,,,,,,,"{""amc_name"": ""19"", ""benchmark_index"": ""19"", ""count"": 104, ""fund_manager_managing_fund_since"": ""19"", ""fund_manager_name"": ""19"", ""fund_manager_qualification"": ""19"", ""fund_manager_total_exp"": ""19"", ""load_entry"": ""19"", ""load_exit"": ""19"", ""main_scheme_name"": ""19"", ""metrics_average_pb"": ""19"", ""metrics_average_pe"": ""19"", ""metrics_beta"": ""19"", ""metrics_port_turnover_ratio"": ""19"", ""metrics_sharpe"": ""19"", ""metrics_std_dev"": ""19"", ""min_addl_amt"": ""19"", ""min_addl_amt_multiple"": ""19"", ""min_amt"": ""19"", ""min_amt_multiple"": ""19"", ""monthly_aaum_date"": ""19"", ""monthly_aaum_value"": ""19"", ""mutual_fund_name"": ""19"", ""riskometer"": ""19"", ""riskometer_benchmark"": ""19"", ""scheme_launch_date"": ""19""}"
Kotak Mahindra Asset Management Company Limited,KOTAK BUSINESS CYCLE FUND,Kotak Mahindra Mutual Fund,Nifty 500 TRI,20260131,"3,033.92 crs",20220928,100,any,100,any,Nil. (applicable for all plans),For redemption switch out within 90 days from the date of allotment 0.5% If units are redeemed or switched out on or after 90 days from the date of allotment - Nil,,,,4.31,31.65,,0.93,,,,,,22.41,,,0.89,,12.97,,,,,Harish Bihani,,,,Abhishek Bisen,,,,,,,,,,,,"{""amc_name"": ""20"", ""benchmark_index"": ""20"", ""count"": 104, ""fund_manager_managing_fund_since"": ""20"", ""fund_manager_name"": ""20"", ""fund_manager_qualification"": ""20"", ""fund_manager_total_exp"": ""20"", ""load_entry"": ""20"", ""load_exit"": ""20"", ""main_scheme_name"": ""20"", ""metrics_average_pb"": ""20"", ""metrics_average_pe"": ""20"", ""metrics_beta"": ""20"", ""metrics_port_turnover_ratio"": ""20"", ""metrics_sharpe"": ""20"", ""metrics_std_dev"": ""20"", ""min_addl_amt"": ""20"", ""min_addl_amt_multiple"": ""20"", ""min_amt"": ""20"", ""min_amt_multiple"": ""20"", ""monthly_aaum_date"": ""20"", ""monthly_aaum_value"": ""20"", ""mutual_fund_name"": ""20"", ""riskometer"": ""20"", ""riskometer_benchmark"": ""20"", ""scheme_launch_date"": ""20""}"
Kotak Mahindra Asset Management Company Limited,KOTAK BANKING & FINANCIAL SERVICES FUND,Kotak Mahindra Mutual Fund,Nifty Financial Services Index TRI,20260131,"1,389.92 crs",20230227,100,any,100,any,Nil. (applicable for all plans),For redemption switch out within 30 days from the date of allotment 0.5% If units are redeemed or switched out on or after 30 days from the date of allotment NIL,,,,2.44,18.62,,0.98,,,,,,32.09,,,0.97,,12.13,,,,,Shibani Sircar Kurian,,,,Abhishek Bisen,,,,,,,,,,,,"{""amc_name"": ""21"", ""benchmark_index"": ""21"", ""count"": 104, ""fund_manager_managing_fund_since"": ""21"", ""fund_manager_name"": ""21"", ""fund_manager_qualification"": ""21"", ""fund_manager_total_exp"": ""21"", ""load_entry"": ""21"", ""load_exit"": ""21"", ""main_scheme_name"": ""21"", ""metrics_average_pb"": ""21"", ""metrics_average_pe"": ""21"", ""metrics_beta"": ""21"", ""metrics_port_turnover_ratio"": ""21"", ""metrics_sharpe"": ""21"", ""metrics_std_dev"": ""21"", ""min_addl_amt"": ""21"", ""min_addl_amt_multiple"": ""21"", ""min_amt"": ""21"", ""min_amt_multiple"": ""21"", ""monthly_aaum_date"": ""21"", ""monthly_aaum_value"": ""21"", ""mutual_fund_name"": ""21"", ""riskometer"": ""21"", ""riskometer_benchmark"": ""21"", ""scheme_launch_date"": ""21""}"
Kotak Mahindra Asset Management Company Limited,KOTAK QUANT FUND,Kotak Mahindra Mutual Fund,Nifty 200 TRI,20260131,549.69 crs,20230802,5000,1,5000,1,Nil. (applicable for all plans),For redemption switch out within 90 days from the date of allotment 0.5% If units are redeemed or switched out on or after 90 days from the date of allotment - Nil.,,,,4.45,29.58,,1.12,,,,,,152.27,,,0.76,,16.10,,,,,Harsha Upadhyaya,,,,Rohit Tandon,,,,Abhishek Bisen,,,,,,,,"{""amc_name"": ""22"", ""benchmark_index"": ""22"", ""count"": 104, ""fund_manager_managing_fund_since"": ""22"", ""fund_manager_name"": ""22"", ""fund_manager_qualification"": ""22"", ""fund_manager_total_exp"": ""22"", ""load_entry"": ""22"", ""load_exit"": ""22"", ""main_scheme_name"": ""22"", ""metrics_average_pb"": ""22"", ""metrics_average_pe"": ""22"", ""metrics_beta"": ""22"", ""metrics_port_turnover_ratio"": ""22"", ""metrics_sharpe"": ""22"", ""metrics_std_dev"": ""22"", ""min_addl_amt"": ""22"", ""min_addl_amt_multiple"": ""22"", ""min_amt"": ""22"", ""min_amt_multiple"": ""22"", ""monthly_aaum_date"": ""22"", ""monthly_aaum_value"": ""22"", ""mutual_fund_name"": ""22"", ""riskometer"": ""22"", ""riskometer_benchmark"": ""22"", ""scheme_launch_date"": ""22""}"
Kotak Mahindra Asset Management Company Limited,KOTAK CONSUMPTION FUND,Kotak Mahindra Mutual Fund,Nifty India Consumption Index TRI,20260131,"1,704.31 crs",20231116,100,any,100,any,Nil. (applicable for all plans),For redemption switch out within 90 days from the date of allotment 0.5% If units are redeemed or switched out on or after 90 days from the date of allotment - Nil,,,,5.62,39.96,,0.96,,,,,,28.26,,,0.52,,15.78,,,,,Devender Singhal,,,,Abhishek Bisen,,,,,,,,,,,,"{""amc_name"": ""23"", ""benchmark_index"": ""23"", ""count"": 104, ""fund_manager_managing_fund_since"": ""23"", ""fund_manager_name"": ""23"", ""fund_manager_qualification"": ""23"", ""fund_manager_total_exp"": ""23"", ""load_entry"": ""23"", ""load_exit"": ""23"", ""main_scheme_name"": ""23"", ""metrics_average_pb"": ""23"", ""metrics_average_pe"": ""23"", ""metrics_beta"": ""23"", ""metrics_port_turnover_ratio"": ""23"", ""metrics_sharpe"": ""23"", ""metrics_std_dev"": ""23"", ""min_addl_amt"": ""23"", ""min_addl_amt_multiple"": ""23"", ""min_amt"": ""23"", ""min_amt_multiple"": ""23"", ""monthly_aaum_date"": ""23"", ""monthly_aaum_value"": ""23"", ""mutual_fund_name"": ""23"", ""riskometer"": ""23"", ""riskometer_benchmark"": ""23"", ""scheme_launch_date"": ""23""}"
Kotak Mahindra Asset Management Company Limited,KOTAK HEALTHCARE FUND,Kotak Mahindra Mutual Fund,Nifty Healthcare Index TRI,20260131,460.89 crs,20231211,100,any,100,any,Nil. (applicable for all plans),For redemption switch out within 30 days from the date of allotment 0.5% If units are redeemed or switched out on or after 30 days from the date of allotment NIL,,,,5.33,37.83,,0.95,,,,,,26.59,,,0.38,,16.39,,,,,Shibani Sircar Kurian,,,,Abhishek Bisen,,,,Dhananjay Tikariha,,,,,,,,"{""amc_name"": ""24"", ""benchmark_index"": ""24"", ""count"": 104, ""fund_manager_managing_fund_since"": ""24"", ""fund_manager_name"": ""24"", ""fund_manager_qualification"": ""24"", ""fund_manager_total_exp"": ""24"", ""load_entry"": ""24"", ""load_exit"": ""24"", ""main_scheme_name"": ""24"", ""metrics_average_pb"": ""24"", ""metrics_average_pe"": ""24"", ""metrics_beta"": ""24"", ""metrics_port_turnover_ratio"": ""24"", ""metrics_sharpe"": ""24"", ""metrics_std_dev"": ""24"", ""min_addl_amt"": ""24"", ""min_addl_amt_multiple"": ""24"", ""min_amt"": ""24"", ""min_amt_multiple"": ""24"", ""monthly_aaum_date"": ""24"", ""monthly_aaum_value"": ""24"", ""mutual_fund_name"": ""24"", ""riskometer"": ""24"", ""riskometer_benchmark"": ""24"", ""scheme_launch_date"": ""24""}"
Kotak Mahindra Asset Management Company Limited,KOTAK TECHNOLOGY FUND,Kotak Mahindra Mutual Fund,BSE Teck Index TRI,20260131,659.94 crs,20240304,100,any,100,any,Nil. (applicable for all plans),For redemption switch out within 30 days from the date of allotment 0.5% If units are redeemed or switched out on or after 30 days from the date of allotment NIL,,,,6.92,31.91,,0.95,,,,,,16.91,,,0.41,,16.60,,,,,Shibani Sircar Kurian,,,,Abhishek Bisen,,,,,,,,,,,,"{""amc_name"": ""25"", ""benchmark_index"": ""25"", ""count"": 104, ""fund_manager_managing_fund_since"": ""25"", ""fund_manager_name"": ""25"", ""fund_manager_qualification"": ""25"", ""fund_manager_total_exp"": ""25"", ""load_entry"": ""25"", ""load_exit"": ""25"", ""main_scheme_name"": ""25"", ""metrics_average_pb"": ""25"", ""metrics_average_pe"": ""25"", ""metrics_beta"": ""25"", ""metrics_port_turnover_ratio"": ""25"", ""metrics_sharpe"": ""25"", ""metrics_std_dev"": ""25"", ""min_addl_amt"": ""25"", ""min_addl_amt_multiple"": ""25"", ""min_amt"": ""25"", ""min_amt_multiple"": ""25"", ""monthly_aaum_date"": ""25"", ""monthly_aaum_value"": ""25"", ""mutual_fund_name"": ""25"", ""riskometer"": ""25"", ""riskometer_benchmark"": ""25"", ""scheme_launch_date"": ""25""}"
Kotak Mahindra Asset Management Company Limited,KOTAK SPECIAL OPPORTUNITIES FUND,Kotak Mahindra Mutual Fund,Nifty 500 TRI,20260131,"1,521.36 crs",20240629,100,any,100,any,Nil. (applicable for all plans),For redemption switch out within 90 days from the date of allotment 0.5% If units are redeemed or switched out on or after 90 days from the date of allotment - Nil,,,,2.95,30.09,,1.12,,,,,,29.16,,,-0.57,,16.43,,,,,Devender Singhal,,,,Abhishek Bisen,,,,,,,,,,,,"{""amc_name"": ""26"", ""benchmark_index"": ""26"", ""count"": 104, ""fund_manager_managing_fund_since"": ""26"", ""fund_manager_name"": ""26"", ""fund_manager_qualification"": ""26"", ""fund_manager_total_exp"": ""26"", ""load_entry"": ""26"", ""load_exit"": ""26"", ""main_scheme_name"": ""26"", ""metrics_average_pb"": ""26"", ""metrics_average_pe"": ""26"", ""metrics_beta"": ""26"", ""metrics_port_turnover_ratio"": ""26"", ""metrics_sharpe"": ""26"", ""metrics_std_dev"": ""26"", ""min_addl_amt"": ""26"", ""min_addl_amt_multiple"": ""26"", ""min_amt"": ""26"", ""min_amt_multiple"": ""26"", ""monthly_aaum_date"": ""26"", ""monthly_aaum_value"": ""26"", ""mutual_fund_name"": ""26"", ""riskometer"": ""26"", ""riskometer_benchmark"": ""26"", ""scheme_launch_date"": ""26""}"
Kotak Mahindra Asset Management Company Limited,KOTAK MNC FUND,Kotak Mahindra Mutual Fund,Nifty MNC Index TRI,20260131,"2,008.54 crs",20241028,100,any,100,any,Nil. (applicable for all plans),For redemption switch out within 90 days from the date of allotment 0.5% If units are redeemed or switched out on or after 90 days from the date of allotment - Nil (With effect from 30th Dec 2024),,,,7.84,48.38,,1.05,,,,,,17.93,,,-0.05,,13.84,,,,,Harsha Upadhyaya,,,,Dhananjay Tikariha,,,,Abhishek Bisen,,,,,,,,"{""amc_name"": ""27"", ""benchmark_index"": ""27"", ""count"": 104, ""fund_manager_managing_fund_since"": ""27"", ""fund_manager_name"": ""27"", ""fund_manager_qualification"": ""27"", ""fund_manager_total_exp"": ""27"", ""load_entry"": ""27"", ""load_exit"": ""27"", ""main_scheme_name"": ""27"", ""metrics_average_pb"": ""27"", ""metrics_average_pe"": ""27"", ""metrics_beta"": ""27"", ""metrics_port_turnover_ratio"": ""27"", ""metrics_sharpe"": ""27"", ""metrics_std_dev"": ""27"", ""min_addl_amt"": ""27"", ""min_addl_amt_multiple"": ""27"", ""min_amt"": ""27"", ""min_amt_multiple"": ""27"", ""monthly_aaum_date"": ""27"", ""monthly_aaum_value"": ""27"", ""mutual_fund_name"": ""27"", ""riskometer"": ""27"", ""riskometer_benchmark"": ""27"", ""scheme_launch_date"": ""27""}"
Kotak Mahindra Asset Management Company Limited,KOTAK TRANSPORTATION & LOGISTICS FUND,Kotak Mahindra Mutual Fund,Nifty Transportation & Logistics Index TRI,20260131,561.12 crs,20241216,100,any,100,any,Nil. (applicable for all plans),For redemption switch out within 90 days from the date of allotment 0.5% If units are redeemed or switched out on or after 90 days from the date of allotment - Nil (With effect from 23rd Dec 2024),,,,5.02,34.69,,0.88,,,,,,24.42,,,0.38,,14.66,,,,,Nalin Rasik Bhatt,,,,Abhishek Bisen,,,,,,,,,,,,"{""amc_name"": ""28"", ""benchmark_index"": ""28"", ""count"": 104, ""fund_manager_managing_fund_since"": ""28"", ""fund_manager_name"": ""28"", ""fund_manager_qualification"": ""28"", ""fund_manager_total_exp"": ""28"", ""load_entry"": ""28"", ""load_exit"": ""28"", ""main_scheme_name"": ""28"", ""metrics_average_pb"": ""28"", ""metrics_average_pe"": ""28"", ""metrics_beta"": ""28"", ""metrics_port_turnover_ratio"": ""28"", ""metrics_sharpe"": ""28"", ""metrics_std_dev"": ""28"", ""min_addl_amt"": ""28"", ""min_addl_amt_multiple"": ""28"", ""min_amt"": ""28"", ""min_amt_multiple"": ""28"", ""monthly_aaum_date"": ""28"", ""monthly_aaum_value"": ""28"", ""mutual_fund_name"": ""28"", ""riskometer"": ""28"", ""riskometer_benchmark"": ""28"", ""scheme_launch_date"": ""28""}"
Kotak Mahindra Asset Management Company Limited,KOTAK ENERGY OPPORTUNITIES FUND,Kotak Mahindra Mutual Fund,Nifty Energy TRI,20260131,258.23 crs,20250425,100,any,100,any,Nil. (applicable for all plans),For redemption switch out within 90 days from the date of allotment 0.5%. If units are redeemed or switched out on or after 90 days from the date of allotment - Nil. (With effect from 30th Oct 2025),,,,2.52,18.32,,0.69,,,,,,5.43,,,-0.69,,8.78,,,,,Harsha Upadhyaya,,,,Mandar Pawar,,,,Abhishek Bisen,,,,,,,,"{""amc_name"": ""29"", ""benchmark_index"": ""29"", ""count"": 104, ""fund_manager_managing_fund_since"": ""29"", ""fund_manager_name"": ""29"", ""fund_manager_qualification"": ""29"", ""fund_manager_total_exp"": ""29"", ""load_entry"": ""29"", ""load_exit"": ""29"", ""main_scheme_name"": ""29"", ""metrics_average_pb"": ""29"", ""metrics_average_pe"": ""29"", ""metrics_beta"": ""29"", ""metrics_port_turnover_ratio"": ""29"", ""metrics_sharpe"": ""29"", ""metrics_std_dev"": ""29"", ""min_addl_amt"": ""29"", ""min_addl_amt_multiple"": ""29"", ""min_amt"": ""29"", ""min_amt_multiple"": ""29"", ""monthly_aaum_date"": ""29"", ""monthly_aaum_value"": ""29"", ""mutual_fund_name"": ""29"", ""riskometer"": ""29"", ""riskometer_benchmark"": ""29"", ""scheme_launch_date"": ""29""}"
Kotak Mahindra Asset Management Company Limited,KOTAK ACTIVE MOMENTUM FUND,Kotak Mahindra Mutual Fund,Nifty 500 TRI,20260131,"1,363.78 crs",20250820,5000,any,5000,any,Nil. (applicable for all plans),For redemption switch out within 90 days from the date of allotment 0.5%. If units are redeemed or switched out on or after 90 days from the date of allotment Nil,,,,3.83,25.06,,,,,,,,68.02,,,,,,,,,,Rohit Tandon,,,,Abhishek Bisen,,,,,,,,,,,,"{""amc_name"": ""30"", ""benchmark_index"": ""30"", ""count"": 104, ""fund_manager_managing_fund_since"": ""30"", ""fund_manager_name"": ""30"", ""fund_manager_qualification"": ""30"", ""fund_manager_total_exp"": ""30"", ""load_entry"": ""30"", ""load_exit"": ""30"", ""main_scheme_name"": ""30"", ""metrics_average_pb"": ""30"", ""metrics_average_pe"": ""30"", ""metrics_port_turnover_ratio"": ""30"", ""min_addl_amt"": ""30"", ""min_addl_amt_multiple"": ""30"", ""min_amt"": ""30"", ""min_amt_multiple"": ""30"", ""monthly_aaum_date"": ""30"", ""monthly_aaum_value"": ""30"", ""mutual_fund_name"": ""30"", ""riskometer"": ""30"", ""riskometer_benchmark"": ""30"", ""scheme_launch_date"": ""30""}"
Kotak Mahindra Asset Management Company Limited,KOTAK RURAL OPPORTUNITIES FUND,Kotak Mahindra Mutual Fund,Nifty Rural Index TRI,20260131,887.24 crs,20251127,1000,any,1000,any,Nil. (applicable for all plans),For redemption switch out within 90 days from the date of allotment 0.5%. If units are redeemed or switched out on or after 90 days from the date of allotment Nil,,,,3.99,24.74,,,,,,,,0.36,,,,,,,,,,Arjun Khanna,,,,Abhishek Bisen,,,,,,,,,,,,"{""amc_name"": ""31"", ""benchmark_index"": ""31"", ""count"": 104, ""fund_manager_managing_fund_since"": ""31"", ""fund_manager_name"": ""31"", ""fund_manager_qualification"": ""31"", ""fund_manager_total_exp"": ""31"", ""load_entry"": ""31"", ""load_exit"": ""31"", ""main_scheme_name"": ""31"", ""metrics_average_pb"": ""31"", ""metrics_average_pe"": ""31"", ""metrics_port_turnover_ratio"": ""31"", ""min_addl_amt"": ""31"", ""min_addl_amt_multiple"": ""31"", ""min_amt"": ""31"", ""min_amt_multiple"": ""31"", ""monthly_aaum_date"": ""31"", ""monthly_aaum_value"": ""31"", ""mutual_fund_name"": ""31"", ""riskometer"": ""31"", ""riskometer_benchmark"": ""31"", ""scheme_launch_date"": ""31""}"
Kotak Mahindra Asset Management Company Limited,KOTAK BALANCED ADVANTAGE FUND,Kotak Mahindra Mutual Fund,Nifty 50 Hybrid Composite Debt 50 50 Index TRI,20260131,"17,624.77 crs",20180803,100,any,100,any,Nil. (applicable for all plans),For redemption switch out of upto 8% of the initial investment amount (limit) purchased or switched in within 180 days from the date of allotment Nil. If units redeemed or switched out are in excess of the limit within 180 days from the date of allotment 1% If units are redeemed or switched out on or after 180 days from the date of allotment NIL.,,,,3.68,24.39,13.7,1.09,,,,5.59,5.37,210.28,,,0.78,,7.10,,,,6.98,Rohit Tandon,,,,Hiten Shah,,,,Abhishek Bisen,,,,,,,,"{""amc_name"": ""32"", ""benchmark_index"": ""32"", ""count"": 104, ""fund_manager_managing_fund_since"": ""32"", ""fund_manager_name"": ""32"", ""fund_manager_qualification"": ""32"", ""fund_manager_total_exp"": ""32"", ""load_entry"": ""32"", ""load_exit"": ""32"", ""main_scheme_name"": ""32"", ""metrics_average_pb"": ""32"", ""metrics_average_pe"": ""32"", ""metrics_avg_maturity"": ""32"", ""metrics_beta"": ""32"", ""metrics_macaulay"": ""32"", ""metrics_mod_duration"": ""32"", ""metrics_port_turnover_ratio"": ""32"", ""metrics_sharpe"": ""32"", ""metrics_std_dev"": ""32"", ""metrics_ytm"": ""32"", ""min_addl_amt"": ""32"", ""min_addl_amt_multiple"": ""32"", ""min_amt"": ""32"", ""min_amt_multiple"": ""32"", ""monthly_aaum_date"": ""32"", ""monthly_aaum_value"": ""32"", ""mutual_fund_name"": ""32"", ""riskometer"": ""32"", ""riskometer_benchmark"": ""32"", ""scheme_launch_date"": ""32""}"
Kotak Mahindra Asset Management Company Limited,KOTAK ARBITRAGE FUND,Kotak Mahindra Mutual Fund,Nifty 50 Arbitrage TRI,20260131,"72,581.44 crs",20050929,100,any,100,any,Nil. (applicable for all plans),For redemptions switch outs (including SIP STP) within 30 days from the date of allotment of units 0.25% For redemptions switch outs (including SIP STP) after 30 days from the date of allotment of units Nil,,,,3.23,29.23,0.36,0.48,,,,0.33,0.33,100,,,3.92,,0.39,,,,6.67,Hiten Shah,,,,,,,,,,,,,,,,"{""amc_name"": ""33"", ""benchmark_index"": ""33"", ""count"": 104, ""fund_manager_managing_fund_since"": ""33"", ""fund_manager_name"": ""33"", ""fund_manager_qualification"": ""33"", ""fund_manager_total_exp"": ""33"", ""load_entry"": ""33"", ""load_exit"": ""33"", ""main_scheme_name"": ""33"", ""metrics_average_pb"": ""33"", ""metrics_average_pe"": ""33"", ""metrics_avg_maturity"": ""33"", ""metrics_beta"": ""33"", ""metrics_macaulay"": ""33"", ""metrics_mod_duration"": ""33"", ""metrics_port_turnover_ratio"": ""33"", ""metrics_sharpe"": ""33"", ""metrics_std_dev"": ""33"", ""metrics_ytm"": ""33"", ""min_addl_amt"": ""33"", ""min_addl_amt_multiple"": ""33"", ""min_amt"": ""33"", ""min_amt_multiple"": ""33"", ""monthly_aaum_date"": ""33"", ""monthly_aaum_value"": ""33"", ""mutual_fund_name"": ""33"", ""riskometer"": ""33"", ""riskometer_benchmark"": ""33"", ""scheme_launch_date"": ""33""}"
Kotak Mahindra Asset Management Company Limited,KOTAK EQUITY SAVINGS FUND,Kotak Mahindra Mutual Fund,Nifty Equity Savings TRI,20260131,"9,640.39 crs",20141013,100,any,100,any,Nil. (applicable for all plans),For redemption switch out of upto 8% of the initial investment amount (limit) purchased or switched in within 90 days from the date of allotment Nil. If units redeemed or switched out are in excess of the limit within 90 days from the date of allotment 1% If units are redeemed or switched out after 90 days from the date of allotment NIL,,,,2.98,23.01,3.4,0.52,,,,2.14,2.05,471.33,,,0.98,,5.20,,,,6.53,Devender Singhal,,,,Abhishek Bisen,,,,Hiten Shah,,,,,,,,"{""amc_name"": ""34"", ""benchmark_index"": ""34"", ""count"": 104, ""fund_manager_managing_fund_since"": ""34"", ""fund_manager_name"": ""34"", ""fund_manager_qualification"": ""34"", ""fund_manager_total_exp"": ""34"", ""load_entry"": ""34"", ""load_exit"": ""34"", ""main_scheme_name"": ""34"", ""metrics_average_pb"": ""34"", ""metrics_average_pe"": ""34"", ""metrics_avg_maturity"": ""34"", ""metrics_beta"": ""34"", ""metrics_macaulay"": ""34"", ""metrics_mod_duration"": ""34"", ""metrics_port_turnover_ratio"": ""34"", ""metrics_sharpe"": ""34"", ""metrics_std_dev"": ""34"", ""metrics_ytm"": ""34"", ""min_addl_amt"": ""34"", ""min_addl_amt_multiple"": ""34"", ""min_amt"": ""34"", ""min_amt_multiple"": ""34"", ""monthly_aaum_date"": ""34"", ""monthly_aaum_value"": ""34"", ""mutual_fund_name"": ""34"", ""riskometer"": ""34"", ""riskometer_benchmark"": ""34"", ""scheme_launch_date"": ""34""}"
Kotak Mahindra Asset Management Company Limited,KOTAK MULTI ASSET ALLOCATION FUND,Kotak Mahindra Mutual Fund,Nifty 500 TRI (65%) + Nifty Short Duration Debt Index (25%) + Domestic Price of Gold (5%) + Domestic Price of Silver (5%),20260131,"11,500.80 crs",20230922,100,any,100,any,Nil. (applicable for all plans),For redemption switch out of upto 30% of the initial investment amount (limit) purchased or switched in within 1 year from the date of allotment Nil. If units redeemed or switched out are in excess of the limit within 1 year from the date of allotment 1% If units are redeemed or switched out on or after 1 year from the date of allotment NIL,,,,2.93,20.60,12.9,1.02,,,,5.03,4.85,76.07,,,1.65,,9.37,,,,6.77,Devender Singhal,,,,Abhishek Bisen,,,,Hiten Shah,,,,Jeetu Valechha Sonar,,,,"{""amc_name"": ""35"", ""benchmark_index"": ""35"", ""count"": 104, ""fund_manager_managing_fund_since"": ""35"", ""fund_manager_name"": ""35"", ""fund_manager_qualification"": ""35"", ""fund_manager_total_exp"": ""35"", ""load_entry"": ""35"", ""load_exit"": ""35"", ""main_scheme_name"": ""35"", ""metrics_average_pb"": ""35"", ""metrics_average_pe"": ""35"", ""metrics_avg_maturity"": ""35"", ""metrics_beta"": ""35"", ""metrics_macaulay"": ""35"", ""metrics_mod_duration"": ""35"", ""metrics_port_turnover_ratio"": ""35"", ""metrics_sharpe"": ""35"", ""metrics_std_dev"": ""35"", ""metrics_ytm"": ""35"", ""min_addl_amt"": ""35"", ""min_addl_amt_multiple"": ""35"", ""min_amt"": ""35"", ""min_amt_multiple"": ""35"", ""monthly_aaum_date"": ""35"", ""monthly_aaum_value"": ""35"", ""mutual_fund_name"": ""35"", ""riskometer"": ""35"", ""riskometer_benchmark"": ""35"", ""scheme_launch_date"": ""35""}"
Kotak Mahindra Asset Management Company Limited,KOTAK AGGRESSIVE HYBRID FUND,Kotak Mahindra Mutual Fund,Nifty 50 Hybrid Composite Debt 65 35 Index TRI,20260131,"8,413.26 crs",19991125,100,any,100,any,Nil. (applicable for all plans),For redemption switch out of upto 8% of the initial investment amount (limit) purchased or switched in within 1 year from the date of allotment Nil. If units redeemed or switched out are in excess of the limit within 1 year from the date of allotment 1% If units are redeemed or switched out on or after 1 year from the date of allotment NIL,,,,4.00,24.65,15.32,1.17,,,,6.42,6.18,47.84,,,0.88,,10.28,,,,7.02,Atul Bhole,,,,Abhishek Bisen,,,,,,,,,,,,"{""amc_name"": ""37"", ""benchmark_index"": ""37"", ""count"": 104, ""fund_manager_managing_fund_since"": ""37"", ""fund_manager_name"": ""37"", ""fund_manager_qualification"": ""37"", ""fund_manager_total_exp"": ""37"", ""load_entry"": ""37"", ""load_exit"": ""37"", ""main_scheme_name"": ""37"", ""metrics_average_pb"": ""37"", ""metrics_average_pe"": ""37"", ""metrics_avg_maturity"": ""37"", ""metrics_beta"": ""37"", ""metrics_macaulay"": ""37"", ""metrics_mod_duration"": ""37"", ""metrics_port_turnover_ratio"": ""37"", ""metrics_sharpe"": ""37"", ""metrics_std_dev"": ""37"", ""metrics_ytm"": ""37"", ""min_addl_amt"": ""37"", ""min_addl_amt_multiple"": ""37"", ""min_amt"": ""37"", ""min_amt_multiple"": ""37"", ""monthly_aaum_date"": ""37"", ""monthly_aaum_value"": ""37"", ""mutual_fund_name"": ""37"", ""riskometer"": ""37"", ""riskometer_benchmark"": ""37"", ""scheme_launch_date"": ""37""}"
Kotak Mahindra Asset Management Company Limited,KOTAK DEBT HYBRID FUND,Kotak Mahindra Mutual Fund,CRISIL Hybrid 85+15- Conservative Index TRI,20260131,"3,071.28 crs",20031202,100,any,100,any,Nil. (applicable for all plans),For redemption switch out of upto 8% of the initial investment amount (limit) purchased or switched in within 6 months from the date of allotment Nil. If units redeemed or switched out are in excess of the limit within 6 months from the date of allotment 1% If units are redeemed or switched out after 6 months from the date of allotment NIL,,,,2.89,16.61,14.7,,,,,6.14,5.91,,,,,,5.42,,,,7.26,Shibani Sircar Kurian,,,,Abhishek Bisen,,,,,,,,,,,,"{""amc_name"": ""39"", ""benchmark_index"": ""39"", ""count"": 104, ""fund_manager_managing_fund_since"": ""39"", ""fund_manager_name"": ""39"", ""fund_manager_qualification"": ""39"", ""fund_manager_total_exp"": ""39"", ""load_entry"": ""39"", ""load_exit"": ""39"", ""main_scheme_name"": ""39"", ""metrics_average_pb"": ""39"", ""metrics_average_pe"": ""39"", ""metrics_avg_maturity"": ""39"", ""metrics_macaulay"": ""39"", ""metrics_mod_duration"": ""39"", ""metrics_std_dev"": ""39"", ""metrics_ytm"": ""39"", ""min_addl_amt"": ""39"", ""min_addl_amt_multiple"": ""39"", ""min_amt"": ""39"", ""min_amt_multiple"": ""39"", ""monthly_aaum_date"": ""39"", ""monthly_aaum_value"": ""39"", ""mutual_fund_name"": ""39"", ""riskometer"": ""39"", ""riskometer_benchmark"": ""39"", ""scheme_launch_date"": ""39""}"
Kotak Mahindra Asset Management Company Limited,KOTAK OVERNIGHT FUND,Kotak Mahindra Mutual Fund,NIFTY 1D Rate index,20260131,"7,945.32 crs",20190115,1000,any,1000,any,Nil. (applicable for all plans),Nil. (applicable for all plans),,,,,,0.01,,,,,0.01,0.01,,,,,,0.10,,,,5.35,Deepak Agrawal,,,,Sunil Pandey,,,,,,,,,,,,"{""amc_name"": ""41"", ""benchmark_index"": ""41"", ""count"": 104, ""fund_manager_managing_fund_since"": ""41"", ""fund_manager_name"": ""41"", ""fund_manager_qualification"": ""41"", ""fund_manager_total_exp"": ""41"", ""load_entry"": ""41"", ""load_exit"": ""41"", ""main_scheme_name"": ""41"", ""metrics_avg_maturity"": ""41"", ""metrics_macaulay"": ""41"", ""metrics_mod_duration"": ""41"", ""metrics_std_dev"": ""41"", ""metrics_ytm"": ""41"", ""min_addl_amt"": ""41"", ""min_addl_amt_multiple"": ""41"", ""min_amt"": ""41"", ""min_amt_multiple"": ""41"", ""monthly_aaum_date"": ""41"", ""monthly_aaum_value"": ""41"", ""mutual_fund_name"": ""41"", ""riskometer"": ""41"", ""riskometer_benchmark"": ""41"", ""scheme_launch_date"": ""41""}"
Kotak Mahindra Asset Management Company Limited,KOTAK LIQUID FUND,Kotak Mahindra Mutual Fund,Nifty Liquid Index A-I,20260131,"34,712.95 crs",20031104,1000,any,1000,any,,,,,,,,0.09,,,,,0.09,0.09,,,,,,0.22,,,,6.54,Deepak Agrawal,,,,Sunil Pandey,,,,,,,,,,,,"{""amc_name"": ""42"", ""benchmark_index"": ""42"", ""count"": 104, ""fund_manager_managing_fund_since"": ""42"", ""fund_manager_name"": ""42"", ""fund_manager_qualification"": ""42"", ""fund_manager_total_exp"": ""42"", ""main_scheme_name"": ""42"", ""metrics_avg_maturity"": ""42"", ""metrics_macaulay"": ""42"", ""metrics_mod_duration"": ""42"", ""metrics_std_dev"": ""42"", ""metrics_ytm"": ""42"", ""min_addl_amt"": ""42"", ""min_addl_amt_multiple"": ""42"", ""min_amt"": ""42"", ""min_amt_multiple"": ""42"", ""monthly_aaum_date"": ""42"", ""monthly_aaum_value"": ""42"", ""mutual_fund_name"": ""42"", ""riskometer"": ""42"", ""riskometer_benchmark"": ""42"", ""scheme_launch_date"": ""42""}"
Kotak Mahindra Asset Management Company Limited,KOTAK SAVINGS FUND,Kotak Mahindra Mutual Fund,Nifty Ultra Short Duration Debt Index A-I,20260131,"15,942.34 crs",20040813,100,any,100,any,Nil. (applicable for all plans),Nil. (applicable for all plans),,,,,,0.53,,,,,0.48,0.46,,,,,,0.47,,,,7.12,Deepak Agrawal,,,,Manu Sharma,,,,,,,,,,,,"{""amc_name"": ""43"", ""benchmark_index"": ""43"", ""count"": 104, ""fund_manager_managing_fund_since"": ""43"", ""fund_manager_name"": ""43"", ""fund_manager_qualification"": ""43"", ""fund_manager_total_exp"": ""43"", ""load_entry"": ""43"", ""load_exit"": ""43"", ""main_scheme_name"": ""43"", ""metrics_avg_maturity"": ""43"", ""metrics_macaulay"": ""43"", ""metrics_mod_duration"": ""43"", ""metrics_std_dev"": ""43"", ""metrics_ytm"": ""43"", ""min_addl_amt"": ""43"", ""min_addl_amt_multiple"": ""43"", ""min_amt"": ""43"", ""min_amt_multiple"": ""43"", ""monthly_aaum_date"": ""43"", ""monthly_aaum_value"": ""43"", ""mutual_fund_name"": ""43"", ""riskometer"": ""43"", ""riskometer_benchmark"": ""43"", ""scheme_launch_date"": ""43""}"
Kotak Mahindra Asset Management Company Limited,KOTAK MONEY MARKET FUND,Kotak Mahindra Mutual Fund,CRISIL Money Market A-I Index,20260131,"33,152.80 crs",20030714,100,any,100,any,Nil. (applicable for all plans),Nil. (applicable for all plans),,,,,,0.44,,,,,0.44,0.44,,,,,,0.58,,,,6.99,Deepak Agrawal,,,,Manu Sharma,,,,,,,,,,,,"{""amc_name"": ""45"", ""benchmark_index"": ""45"", ""count"": 104, ""fund_manager_managing_fund_since"": ""45"", ""fund_manager_name"": ""45"", ""fund_manager_qualification"": ""45"", ""fund_manager_total_exp"": ""45"", ""load_entry"": ""45"", ""load_exit"": ""45"", ""main_scheme_name"": ""45"", ""metrics_avg_maturity"": ""45"", ""metrics_macaulay"": ""45"", ""metrics_mod_duration"": ""45"", ""metrics_std_dev"": ""45"", ""metrics_ytm"": ""45"", ""min_addl_amt"": ""45"", ""min_addl_amt_multiple"": ""45"", ""min_amt"": ""45"", ""min_amt_multiple"": ""45"", ""monthly_aaum_date"": ""45"", ""monthly_aaum_value"": ""45"", ""mutual_fund_name"": ""45"", ""riskometer"": ""45"", ""riskometer_benchmark"": ""45"", ""scheme_launch_date"": ""45""}"
Kotak Mahindra Asset Management Company Limited,KOTAK LOW DURATION FUND,Kotak Mahindra Mutual Fund,Nifty Low Duration Debt Index A-I,20260131,"14,796.60 crs",20080306,100,any,100,any,Nil.,"Nil. Any exit load charged (net off Service Tax, if any) shall be credited back to the Scheme",,,,,,1.35,,,,,0.93,0.87,,,,,,0.79,,,,7.42,Dharmesh Thakkar,,,,,,,,,,,,,,,,"{""amc_name"": ""46"", ""benchmark_index"": ""46"", ""count"": 104, ""fund_manager_managing_fund_since"": ""46"", ""fund_manager_name"": ""46"", ""fund_manager_qualification"": ""46"", ""fund_manager_total_exp"": ""46"", ""load_entry"": ""46"", ""load_exit"": ""46"", ""main_scheme_name"": ""46"", ""metrics_avg_maturity"": ""46"", ""metrics_macaulay"": ""46"", ""metrics_mod_duration"": ""46"", ""metrics_std_dev"": ""46"", ""metrics_ytm"": ""46"", ""min_addl_amt"": ""46"", ""min_addl_amt_multiple"": ""46"", ""min_amt"": ""46"", ""min_amt_multiple"": ""46"", ""monthly_aaum_date"": ""46"", ""monthly_aaum_value"": ""46"", ""mutual_fund_name"": ""46"", ""riskometer"": ""46"", ""riskometer_benchmark"": ""46"", ""scheme_launch_date"": ""46""}"
Kotak Mahindra Asset Management Company Limited,KOTAK CORPORATE BOND FUND,Kotak Mahindra Mutual Fund,Nifty Corporate Bond Index A-II,20260131,"17,859.82 crs",20070921,100,any,100,any,Nil. (applicable for all plans),Nil. (applicable for all plans),,,,,,4.28,,,,,3.35,3.16,,,,,,1.81,,,,7.36,Deepak Agrawal,,,,Manu Sharma,,,,,,,,,,,,"{""amc_name"": ""48"", ""benchmark_index"": ""48"", ""count"": 104, ""fund_manager_managing_fund_since"": ""48"", ""fund_manager_name"": ""48"", ""fund_manager_qualification"": ""48"", ""fund_manager_total_exp"": ""48"", ""load_entry"": ""48"", ""load_exit"": ""48"", ""main_scheme_name"": ""48"", ""metrics_avg_maturity"": ""48"", ""metrics_macaulay"": ""48"", ""metrics_mod_duration"": ""48"", ""metrics_std_dev"": ""48"", ""metrics_ytm"": ""48"", ""min_addl_amt"": ""48"", ""min_addl_amt_multiple"": ""48"", ""min_amt"": ""48"", ""min_amt_multiple"": ""48"", ""monthly_aaum_date"": ""48"", ""monthly_aaum_value"": ""48"", ""mutual_fund_name"": ""48"", ""riskometer"": ""48"", ""riskometer_benchmark"": ""48"", ""scheme_launch_date"": ""48""}"
Kotak Mahindra Asset Management Company Limited,KOTAK BOND SHORT TERM FUND,Kotak Mahindra Mutual Fund,Nifty Short Duration Debt Index A-II,20260131,"18,099.40 crs",20020502,100,any,100,any,Nil. (applicable for all plans),Nil.,,,,,,3.49,,,,,2.62,2.47,,,,,,1.65,,,,7.30,Deepak Agrawal,,,,Abhishek Bisen,,,,,,,,,,,,"{""amc_name"": ""49"", ""benchmark_index"": ""49"", ""count"": 104, ""fund_manager_managing_fund_since"": ""49"", ""fund_manager_name"": ""49"", ""fund_manager_qualification"": ""49"", ""fund_manager_total_exp"": ""49"", ""load_entry"": ""49"", ""load_exit"": ""49"", ""main_scheme_name"": ""49"", ""metrics_avg_maturity"": ""49"", ""metrics_macaulay"": ""49"", ""metrics_mod_duration"": ""49"", ""metrics_std_dev"": ""49"", ""metrics_ytm"": ""49"", ""min_addl_amt"": ""49"", ""min_addl_amt_multiple"": ""49"", ""min_amt"": ""49"", ""min_amt_multiple"": ""49"", ""monthly_aaum_date"": ""49"", ""monthly_aaum_value"": ""49"", ""mutual_fund_name"": ""49"", ""riskometer"": ""49"", ""riskometer_benchmark"": ""49"", ""scheme_launch_date"": ""49""}"
Kotak Mahindra Asset Management Company Limited,KOTAK CREDIT RISK FUND,Kotak Mahindra Mutual Fund,CRISIL Credit Risk Debt B-II Index,20260131,706.56 crs,20100511,100,any,100,any,Nil. (applicable for all plans),a) For redemption switch out of upto 6% of the initial investment amount (limit) purchased or switched in within 1 year from the date of allotment Nil. b) If units redeemed or switched out are in excess of the limit within 1 year from the date of allotment 1% c) If units are redeemed or switched out on or after 1 year from the date of allotment NIL,,,,,,2.78,,,,,2.32,2.2,,,,,,1.39,,,,8.22,Vihag Mishra,,,,,,,,,,,,,,,,"{""amc_name"": ""51"", ""benchmark_index"": ""51"", ""count"": 104, ""fund_manager_managing_fund_since"": ""51"", ""fund_manager_name"": ""51"", ""fund_manager_qualification"": ""51"", ""fund_manager_total_exp"": ""51"", ""load_entry"": ""51"", ""load_exit"": ""51"", ""main_scheme_name"": ""51"", ""metrics_avg_maturity"": ""51"", ""metrics_macaulay"": ""51"", ""metrics_mod_duration"": ""51"", ""metrics_std_dev"": ""51"", ""metrics_ytm"": ""51"", ""min_addl_amt"": ""51"", ""min_addl_amt_multiple"": ""51"", ""min_amt"": ""51"", ""min_amt_multiple"": ""51"", ""monthly_aaum_date"": ""51"", ""monthly_aaum_value"": ""51"", ""mutual_fund_name"": ""51"", ""riskometer"": ""51"", ""riskometer_benchmark"": ""51"", ""scheme_launch_date"": ""51""}"
Kotak Mahindra Asset Management Company Limited,KOTAK DYNAMIC BOND FUND,Kotak Mahindra Mutual Fund,Nifty Composite Debt Index A-III,20260131,"2,647.24 crs",20080526,100,any,100,any,Nil. (applicable for all plans),Nil.,,,,,,12.74,,,,,6.59,6.3,,,,,,3.94,,,,7.49,Deepak Agrawal,,,,Abhishek Bisen,,,,,,,,,,,,"{""amc_name"": ""53"", ""benchmark_index"": ""53"", ""count"": 104, ""fund_manager_managing_fund_since"": ""53"", ""fund_manager_name"": ""53"", ""fund_manager_qualification"": ""53"", ""fund_manager_total_exp"": ""53"", ""load_entry"": ""53"", ""load_exit"": ""53"", ""main_scheme_name"": ""53"", ""metrics_avg_maturity"": ""53"", ""metrics_macaulay"": ""53"", ""metrics_mod_duration"": ""53"", ""metrics_std_dev"": ""53"", ""metrics_ytm"": ""53"", ""min_addl_amt"": ""53"", ""min_addl_amt_multiple"": ""53"", ""min_amt"": ""53"", ""min_amt_multiple"": ""53"", ""monthly_aaum_date"": ""53"", ""monthly_aaum_value"": ""53"", ""mutual_fund_name"": ""53"", ""riskometer"": ""53"", ""riskometer_benchmark"": ""53"", ""scheme_launch_date"": ""53""}"
Kotak Mahindra Asset Management Company Limited,KOTAK FLOATING RATE FUND,Kotak Mahindra Mutual Fund,Nifty Short Duration Debt Index A-II,20260131,"3,399.86 crs",20190514,100,any,100,any,Nil. (applicable for all plans),Nil. (applicable for all plans),,,,,,3.86,,,,,1.65,1.58,,,,,,1.11,,,,7.28,Deepak Agrawal,,,,Manu Sharma,,,,,,,,,,,,"{""amc_name"": ""54"", ""benchmark_index"": ""54"", ""count"": 104, ""fund_manager_managing_fund_since"": ""54"", ""fund_manager_name"": ""54"", ""fund_manager_qualification"": ""54"", ""fund_manager_total_exp"": ""54"", ""load_entry"": ""54"", ""load_exit"": ""54"", ""main_scheme_name"": ""54"", ""metrics_avg_maturity"": ""54"", ""metrics_macaulay"": ""54"", ""metrics_mod_duration"": ""54"", ""metrics_std_dev"": ""54"", ""metrics_ytm"": ""54"", ""min_addl_amt"": ""54"", ""min_addl_amt_multiple"": ""54"", ""min_amt"": ""54"", ""min_amt_multiple"": ""54"", ""monthly_aaum_date"": ""54"", ""monthly_aaum_value"": ""54"", ""mutual_fund_name"": ""54"", ""riskometer"": ""54"", ""riskometer_benchmark"": ""54"", ""scheme_launch_date"": ""54""}"
Kotak Mahindra Asset Management Company Limited,KOTAK MEDIUM TERM FUND,Kotak Mahindra Mutual Fund,CRISIL Medium Duration Debt A-III Index,20260131,"1,991.42 crs",20140321,100,any,100,any,Nil. (applicable for all plans),Nil.,,,,,,4.36,,,,,3.24,3.08,,,,,,1.66,,,,8.24,Deepak Agrawal,,,,Vihag Mishra,,,,,,,,,,,,"{""amc_name"": ""55"", ""benchmark_index"": ""55"", ""count"": 104, ""fund_manager_managing_fund_since"": ""55"", ""fund_manager_name"": ""55"", ""fund_manager_qualification"": ""55"", ""fund_manager_total_exp"": ""55"", ""load_entry"": ""55"", ""load_exit"": ""55"", ""main_scheme_name"": ""55"", ""metrics_avg_maturity"": ""55"", ""metrics_macaulay"": ""55"", ""metrics_mod_duration"": ""55"", ""metrics_std_dev"": ""55"", ""metrics_ytm"": ""55"", ""min_addl_amt"": ""55"", ""min_addl_amt_multiple"": ""55"", ""min_amt"": ""55"", ""min_amt_multiple"": ""55"", ""monthly_aaum_date"": ""55"", ""monthly_aaum_value"": ""55"", ""mutual_fund_name"": ""55"", ""riskometer"": ""55"", ""riskometer_benchmark"": ""55"", ""scheme_launch_date"": ""55""}"
Kotak Mahindra Asset Management Company Limited,KOTAK BANKING AND PSU DEBT FUND,Kotak Mahindra Mutual Fund,CRISIL Banking & PSU Debt A-II Index,20260131,"5,548.25 crs",20261229,100,any,100,any,Nil. (applicable for all plans),Nil. (applicable for all plans),,,,,,4.3,,,,,3.32,3.11,,,,,,1.93,,,,7.22,Deepak Agrawal,,,,Dharmesh Thakar,,,,,,,,,,,,"{""amc_name"": ""57"", ""benchmark_index"": ""57"", ""count"": 104, ""fund_manager_managing_fund_since"": ""57"", ""fund_manager_name"": ""57"", ""fund_manager_qualification"": ""57"", ""fund_manager_total_exp"": ""57"", ""load_entry"": ""57"", ""load_exit"": ""57"", ""main_scheme_name"": ""57"", ""metrics_avg_maturity"": ""57"", ""metrics_macaulay"": ""57"", ""metrics_mod_duration"": ""57"", ""metrics_std_dev"": ""57"", ""metrics_ytm"": ""57"", ""min_addl_amt"": ""57"", ""min_addl_amt_multiple"": ""57"", ""min_amt"": ""57"", ""min_amt_multiple"": ""57"", ""monthly_aaum_date"": ""57"", ""monthly_aaum_value"": ""57"", ""mutual_fund_name"": ""57"", ""riskometer"": ""57"", ""riskometer_benchmark"": ""57"", ""scheme_launch_date"": ""57""}"
Kotak Mahindra Asset Management Company Limited,KOTAK GILT FUND,Kotak Mahindra Mutual Fund,Nifty AII Duration G-Sec Index,20260131,"3,095.48 crs","Regular Plan December 29,1998  PF & Trust Plan - N",100,any,100,any,(a) Regular Plan - Entry Nil. (b) PF & Trust Plan - Entry Nil. (applicable for all plans),(a) Regular Plan - Exit Nil. (b) PF&Trust Plan-Exit Nil. (applicable for all plans),,,,,,23.54,,,,,10.2,9.83,,,,,,5.70,,,,7.23,Abhishek Bisen,,,,,,,,,,,,,,,,"{""amc_name"": ""59"", ""benchmark_index"": ""59"", ""count"": 104, ""fund_manager_managing_fund_since"": ""59"", ""fund_manager_name"": ""59"", ""fund_manager_qualification"": ""59"", ""fund_manager_total_exp"": ""59"", ""load_entry"": ""59"", ""load_exit"": ""59"", ""main_scheme_name"": ""59"", ""metrics_avg_maturity"": ""59"", ""metrics_macaulay"": ""59"", ""metrics_mod_duration"": ""59"", ""metrics_std_dev"": ""59"", ""metrics_ytm"": ""59"", ""min_addl_amt"": ""59"", ""min_addl_amt_multiple"": ""59"", ""min_amt"": ""59"", ""min_amt_multiple"": ""59"", ""monthly_aaum_date"": ""59"", ""monthly_aaum_value"": ""59"", ""mutual_fund_name"": ""59"", ""riskometer"": ""59"", ""riskometer_benchmark"": ""59"", ""scheme_launch_date"": ""59""}"
Kotak Mahindra Asset Management Company Limited,KOTAK BOND FUND,Kotak Mahindra Mutual Fund,CRISIL Medium to Long Duration Debt A-III Index,20260131,"2,050.62crs",19991125,100,any,100,any,Nil. (applicable for all plans),Nil. (applicable for all plans),,,,,,10.97,,,,,6.43,6.19,,,,,,3.17,,,,7.27,Abhishek Bisen,,,,,,,,,,,,,,,,"{""amc_name"": ""60"", ""benchmark_index"": ""60"", ""count"": 104, ""fund_manager_managing_fund_since"": ""60"", ""fund_manager_name"": ""60"", ""fund_manager_qualification"": ""60"", ""fund_manager_total_exp"": ""60"", ""load_entry"": ""60"", ""load_exit"": ""60"", ""main_scheme_name"": ""60"", ""metrics_avg_maturity"": ""60"", ""metrics_macaulay"": ""60"", ""metrics_mod_duration"": ""60"", ""metrics_std_dev"": ""60"", ""metrics_ytm"": ""60"", ""min_addl_amt"": ""60"", ""min_addl_amt_multiple"": ""60"", ""min_amt"": ""60"", ""min_amt_multiple"": ""60"", ""monthly_aaum_date"": ""60"", ""monthly_aaum_value"": ""60"", ""mutual_fund_name"": ""60"", ""riskometer"": ""60"", ""riskometer_benchmark"": ""60"", ""scheme_launch_date"": ""60""}"
Kotak Mahindra Asset Management Company Limited,KOTAK LONG DURATION FUND,Kotak Mahindra Mutual Fund,CRISIL Long Duration Debt A-III Index,20260131,123.76crs,20240311,100,any,100,any,Nil. (applicable for all plans),Nil No exit load will be chargeable in case of switches made between different plans options of the scheme.,,,,,,20.38,,,,,12.13,11.7,,,,,,5.80,,,,7.45,Abhishek Bisen,,,,,,,,,,,,,,,,"{""amc_name"": ""61"", ""benchmark_index"": ""61"", ""count"": 104, ""fund_manager_managing_fund_since"": ""61"", ""fund_manager_name"": ""61"", ""fund_manager_qualification"": ""61"", ""fund_manager_total_exp"": ""61"", ""load_entry"": ""61"", ""load_exit"": ""61"", ""main_scheme_name"": ""61"", ""metrics_avg_maturity"": ""61"", ""metrics_macaulay"": ""61"", ""metrics_mod_duration"": ""61"", ""metrics_std_dev"": ""61"", ""metrics_ytm"": ""61"", ""min_addl_amt"": ""61"", ""min_addl_amt_multiple"": ""61"", ""min_amt"": ""61"", ""min_amt_multiple"": ""61"", ""monthly_aaum_date"": ""61"", ""monthly_aaum_value"": ""61"", ""mutual_fund_name"": ""61"", ""riskometer"": ""61"", ""riskometer_benchmark"": ""61"", ""scheme_launch_date"": ""61""}"
Kotak Mahindra Asset Management Company Limited,KOTAK MULTI ASSET OMNI FOF,Kotak Mahindra Mutual Fund,55% Nifty 50 TRI + 30 % Nifty Short Duration Debt Index + 7.5% Domestic Price of Gold + 7.5% Domestic Price of Silver,20260131,"2,329.38crs",20040809,100,any,100,any,Nil. (applicable for all plans),8% of the units allotted shall be redeemed without any Exit Load on or before completion of 1 Year from the date of allotment of units. Any redemption in excess of such limit within 1 Year from the date of allotment shall be subject to the following Exit Load a) If redeemed or switched out on or before completion of 1 Year from the date of allotment of units- 1.00% b) If redeemed or switched out after completion of 1 Year from the date of allotment of units-NIL,,,,,,,1.10,,,,,,,,,1.82,,7.63,,,,,Devender Singhal,,,,Abhishek Bisen,,,,,,,,,,,,"{""amc_name"": ""77"", ""benchmark_index"": ""77"", ""count"": 104, ""fund_manager_managing_fund_since"": ""77"", ""fund_manager_name"": ""77"", ""fund_manager_qualification"": ""77"", ""fund_manager_total_exp"": ""77"", ""load_entry"": ""77"", ""load_exit"": ""77"", ""main_scheme_name"": ""77"", ""metrics_beta"": ""77"", ""metrics_sharpe"": ""77"", ""metrics_std_dev"": ""77"", ""min_addl_amt"": ""77"", ""min_addl_amt_multiple"": ""77"", ""min_amt"": ""77"", ""min_amt_multiple"": ""77"", ""monthly_aaum_date"": ""77"", ""monthly_aaum_value"": ""77"", ""mutual_fund_name"": ""77"", ""riskometer"": ""77"", ""riskometer_benchmark"": ""77"", ""scheme_launch_date"": ""77""}"
Kotak Mahindra Asset Management Company Limited,KOTAK GOLD FUND,Kotak Mahindra Mutual Fund,Price of Physical Gold,20260131,"5,908.03 crs",20110325,100,any,100,any,Nil. (applicable for all plans),a) If redeemed or switched out on or before completion of 15 days from the date of allotment of units-1.00%. b) If redeemed or switched out after completion of 15 days from the date of allotment of units-NIL.,,,,,,,,,,,,,,,,,,,,,,,Jeetu Valechha Sonar,,,,Abhishek Bisen,,,,,,,,,,,,"{""amc_name"": ""78"", ""benchmark_index"": ""78"", ""count"": 104, ""fund_manager_managing_fund_since"": ""78"", ""fund_manager_name"": ""78"", ""fund_manager_qualification"": ""78"", ""fund_manager_total_exp"": ""78"", ""load_entry"": ""78"", ""load_exit"": ""78"", ""main_scheme_name"": ""78"", ""min_addl_amt"": ""78"", ""min_addl_amt_multiple"": ""78"", ""min_amt"": ""78"", ""min_amt_multiple"": ""78"", ""monthly_aaum_date"": ""78"", ""monthly_aaum_value"": ""78"", ""mutual_fund_name"": ""78"", ""riskometer"": ""78"", ""riskometer_benchmark"": ""78"", ""scheme_launch_date"": ""78""}"
Kotak Mahindra Asset Management Company Limited,KOTAK INCOME PLUS ARBITRAGE OMNI FOF,Kotak Mahindra Mutual Fund,Nifty Composite Debt Index (60%) + Nifty 50 Arbitrage Index (TRI) (40%),20260131,"7,846.43 crs",20221117,100,any,100,any,Nil. (applicable for all plans),Nil,,,,,,2.69,,,,,2.12,2.01,,,,,,,,,,7.07,Abhishek Bisen,,,,,,,,,,,,,,,,"{""amc_name"": ""79"", ""benchmark_index"": ""79"", ""count"": 104, ""fund_manager_managing_fund_since"": ""79"", ""fund_manager_name"": ""79"", ""fund_manager_qualification"": ""79"", ""fund_manager_total_exp"": ""79"", ""load_entry"": ""79"", ""load_exit"": ""79"", ""main_scheme_name"": ""79"", ""metrics_avg_maturity"": ""79"", ""metrics_macaulay"": ""79"", ""metrics_mod_duration"": ""79"", ""metrics_ytm"": ""79"", ""min_addl_amt"": ""79"", ""min_addl_amt_multiple"": ""79"", ""min_amt"": ""79"", ""min_amt_multiple"": ""79"", ""monthly_aaum_date"": ""79"", ""monthly_aaum_value"": ""79"", ""mutual_fund_name"": ""79"", ""riskometer"": ""79"", ""riskometer_benchmark"": ""79"", ""scheme_launch_date"": ""79""}"
Kotak Mahindra Asset Management Company Limited,KOTAK GOLD SILVER PASSIVE FOF,Kotak Mahindra Mutual Fund,Domestic Price of Gold and Silver.,20260131,863.08 crs,20251028,100,any,100,any,Nil. (applicable for all plans),Nil (applicable for all plans),,,,,,,,,,,,,,,,,,,,,,,Rohit Tandon,,,,Abhishek Bisen,,,,,,,,,,,,"{""amc_name"": ""80"", ""benchmark_index"": ""80"", ""count"": 104, ""fund_manager_managing_fund_since"": ""80"", ""fund_manager_name"": ""80"", ""fund_manager_qualification"": ""80"", ""fund_manager_total_exp"": ""80"", ""load_entry"": ""80"", ""load_exit"": ""80"", ""main_scheme_name"": ""80"", ""min_addl_amt"": ""80"", ""min_addl_amt_multiple"": ""80"", ""min_amt"": ""80"", ""min_amt_multiple"": ""80"", ""monthly_aaum_date"": ""80"", ""monthly_aaum_value"": ""80"", ""mutual_fund_name"": ""80"", ""riskometer"": ""80"", ""riskometer_benchmark"": ""80"", ""scheme_launch_date"": ""80""}"
Kotak Mahindra Asset Management Company Limited,KOTAK GLOBAL EMERGING MARKET OVERSEAS EQUITY OMNI FOF,Kotak Mahindra Mutual Fund,MSCI Emerging Market index TRI,20260131,372.01 crs,20070926,100,any,100,any,Nil. (applicable for all plans),10% of the units allotted shall be redeemed without any Exit Load on or before completion of 1 Year from the date of allotment of units. Any redemption in excess of such limit within 1 Year from the date of allotment shall be subject to the following Exit Load a) If redeemed or switched out on or before completion of 1 Year from the date of allotment of units-1.00%. b) If redeemed or switched out after completion of 1 Year from the date of allotment of units-NIL,,,,,,,,,,,,,,,,,,,,,,,Arjun Khanna,,,,,,,,,,,,,,,,"{""amc_name"": ""81"", ""benchmark_index"": ""81"", ""count"": 104, ""fund_manager_managing_fund_since"": ""81"", ""fund_manager_name"": ""81"", ""fund_manager_qualification"": ""81"", ""fund_manager_total_exp"": ""81"", ""load_entry"": ""81"", ""load_exit"": ""81"", ""main_scheme_name"": ""81"", ""min_addl_amt"": ""81"", ""min_addl_amt_multiple"": ""81"", ""min_amt"": ""81"", ""min_amt_multiple"": ""81"", ""monthly_aaum_date"": ""81"", ""monthly_aaum_value"": ""81"", ""mutual_fund_name"": ""81"", ""riskometer"": ""81"", ""riskometer_benchmark"": ""81"", ""scheme_launch_date"": ""81""}"
Kotak Mahindra Asset Management Company Limited,KOTAK INTERNATIONAL REIT OVERSEAS EQUITY OMNI FOF,Kotak Mahindra Mutual Fund,S&P Asia Pacific ex Japan REIT TRI,20260131,99.09 crs,20201229,100,any,100,any,Nil. (applicable for all plans),8% of the units allotted shall be redeemed without any Exit Load on or before completion of 1 Year from the date of allotment of units. Any redemption in excess of such limit within 1 Year from the date of allotment shall be subject to the following Exit Load a) If redeemed or switched out on or before completion of 1 Year from the date of allotment of units- 1.00%. b) If redeemed or switched out after completion of 1 Year from the date of allotment of units-NIL,,,,,,,,,,,,,,,,,,,,,,,Arjun Khanna,,,,,,,,,,,,,,,,"{""amc_name"": ""82"", ""benchmark_index"": ""82"", ""count"": 104, ""fund_manager_managing_fund_since"": ""82"", ""fund_manager_name"": ""82"", ""fund_manager_qualification"": ""82"", ""fund_manager_total_exp"": ""82"", ""load_entry"": ""82"", ""load_exit"": ""82"", ""main_scheme_name"": ""82"", ""min_addl_amt"": ""82"", ""min_addl_amt_multiple"": ""82"", ""min_amt"": ""82"", ""min_amt_multiple"": ""82"", ""monthly_aaum_date"": ""82"", ""monthly_aaum_value"": ""82"", ""mutual_fund_name"": ""82"", ""riskometer"": ""82"", ""riskometer_benchmark"": ""82"", ""scheme_launch_date"": ""82""}"
Kotak Mahindra Asset Management Company Limited,KOTAK US SPECIFIC EQUITY PASSIVE FOF,Kotak Mahindra Mutual Fund,NASDAQ 100 Index TRI,20260131,"3,813.50 crs",20210202,100,any,100,any,Nil. (applicable for all plans),Nil,,,,,,,,,,,,,,,,,,,,,,,,,,,,,,,,,,,,,,,"{""amc_name"": ""83"", ""benchmark_index"": ""83"", ""count"": 104, ""load_entry"": ""83"", ""load_exit"": ""83"", ""main_scheme_name"": ""83"", ""min_addl_amt"": ""83"", ""min_addl_amt_multiple"": ""83"", ""min_amt"": ""83"", ""min_amt_multiple"": ""83"", ""monthly_aaum_date"": ""83"", ""monthly_aaum_value"": ""83"", ""mutual_fund_name"": ""83"", ""riskometer"": ""83"", ""riskometer_benchmark"": ""83"", ""scheme_launch_date"": ""83""}"
Kotak Mahindra Asset Management Company Limited,KOTAK GLOBAL INNOVATION OVERSEAS EQUITY OMNI FOF,Kotak Mahindra Mutual Fund,MSCI All Country World Index (TRI),20260131,591.68 crs,20210729,100,any,100,any,Nil. (applicable for all plans),"a) For redemptions or switched out within 1 year from the date of allotment of units, irrespective of the amount of investment- 1.00% b) For redemptions or switched out after 1 year from the date of allotment of units, irrespective of the amount of investment- NIL",,,,,,,,,,,,,,,,,,,,,,,Arjun Khanna,,,,,,,,,,,,,,,,"{""amc_name"": ""84"", ""benchmark_index"": ""84"", ""count"": 104, ""fund_manager_managing_fund_since"": ""84"", ""fund_manager_name"": ""84"", ""fund_manager_qualification"": ""84"", ""fund_manager_total_exp"": ""84"", ""load_entry"": ""84"", ""load_exit"": ""84"", ""main_scheme_name"": ""84"", ""min_addl_amt"": ""84"", ""min_addl_amt_multiple"": ""84"", ""min_amt"": ""84"", ""min_amt_multiple"": ""84"", ""monthly_aaum_date"": ""84"", ""monthly_aaum_value"": ""84"", ""mutual_fund_name"": ""84"", ""riskometer"": ""84"", ""riskometer_benchmark"": ""84"", ""scheme_launch_date"": ""84""}"
Kotak Mahindra Asset Management Company Limited,KOTAK NIFTY 50 ETF,Kotak Mahindra Mutual Fund,Nifty 50 TRI,20260131,"3,159.72 crs",20100202,1,",",1,",",Nil.,Nil.,,,,,,,,,,,,,31.28,,,,,,0.03,,,,Devender Singhal,,,,Satish Dondapati,,,,,,,,,,,,"{""amc_name"": ""85"", ""benchmark_index"": ""85"", ""count"": 104, ""fund_manager_managing_fund_since"": ""85"", ""fund_manager_name"": ""85"", ""fund_manager_qualification"": ""85"", ""fund_manager_total_exp"": ""85"", ""load_entry"": ""85"", ""load_exit"": ""85"", ""main_scheme_name"": ""85"", ""metrics_port_turnover_ratio"": ""85"", ""metrics_tracking_error"": ""85"", ""min_addl_amt"": ""85"", ""min_addl_amt_multiple"": ""85"", ""min_amt"": ""85"", ""min_amt_multiple"": ""85"", ""monthly_aaum_date"": ""85"", ""monthly_aaum_value"": ""85"", ""mutual_fund_name"": ""85"", ""riskometer"": ""85"", ""riskometer_benchmark"": ""85"", ""scheme_launch_date"": ""85""}"
Kotak Mahindra Asset Management Company Limited,KOTAK BSE SENSEX ETF,Kotak Mahindra Mutual Fund,BSE SENSEX TRI,20260131,25.64 crs,20080606,1,",",1,",",Nil.,Nil.,,,,,,,,,,,,,12.90,,,,,,0.03,,,,Devender Singhal,,,,Satish Dondapati,,,,,,,,,,,,"{""amc_name"": ""86"", ""benchmark_index"": ""86"", ""count"": 104, ""fund_manager_managing_fund_since"": ""86"", ""fund_manager_name"": ""86"", ""fund_manager_qualification"": ""86"", ""fund_manager_total_exp"": ""86"", ""load_entry"": ""86"", ""load_exit"": ""86"", ""main_scheme_name"": ""86"", ""metrics_port_turnover_ratio"": ""86"", ""metrics_tracking_error"": ""86"", ""min_addl_amt"": ""86"", ""min_addl_amt_multiple"": ""86"", ""min_amt"": ""86"", ""min_amt_multiple"": ""86"", ""monthly_aaum_date"": ""86"", ""monthly_aaum_value"": ""86"", ""mutual_fund_name"": ""86"", ""riskometer"": ""86"", ""riskometer_benchmark"": ""86"", ""scheme_launch_date"": ""86""}"
Kotak Mahindra Asset Management Company Limited,KOTAK NIFTY PSU BANK ETF,Kotak Mahindra Mutual Fund,Nifty PSU Bank Index TRI,20260131,"2,280.04 crs",20071108,1,",",1,",",Nil.,Nil.,,,,,,,,,,,,,25.82,,,,,,0.09,,,,Devender Singhal,,,,Satish Dondapati,,,,,,,,,,,,"{""amc_name"": ""87"", ""benchmark_index"": ""87"", ""count"": 104, ""fund_manager_managing_fund_since"": ""87"", ""fund_manager_name"": ""87"", ""fund_manager_qualification"": ""87"", ""fund_manager_total_exp"": ""87"", ""load_entry"": ""87"", ""load_exit"": ""87"", ""main_scheme_name"": ""87"", ""metrics_port_turnover_ratio"": ""87"", ""metrics_tracking_error"": ""87"", ""min_addl_amt"": ""87"", ""min_addl_amt_multiple"": ""87"", ""min_amt"": ""87"", ""min_amt_multiple"": ""87"", ""monthly_aaum_date"": ""87"", ""monthly_aaum_value"": ""87"", ""mutual_fund_name"": ""87"", ""riskometer"": ""87"", ""riskometer_benchmark"": ""87"", ""scheme_launch_date"": ""87""}"
Kotak Mahindra Asset Management Company Limited,KOTAK NIFTY 50 VALUE 20 ETF,Kotak Mahindra Mutual Fund,Nifty 50 Value 20 Index TRI,20260131,87.53 crs,20151202,1,",",1,",",Nil.,Nil.,,,,,,,,,,,,,44.98,,,,,,0.14,,,,Devender Singhal,,,,Satish Dondapati,,,,,,,,,,,,"{""amc_name"": ""88"", ""benchmark_index"": ""88"", ""count"": 104, ""fund_manager_managing_fund_since"": ""88"", ""fund_manager_name"": ""88"", ""fund_manager_qualification"": ""88"", ""fund_manager_total_exp"": ""88"", ""load_entry"": ""88"", ""load_exit"": ""88"", ""main_scheme_name"": ""88"", ""metrics_port_turnover_ratio"": ""88"", ""metrics_tracking_error"": ""88"", ""min_addl_amt"": ""88"", ""min_addl_amt_multiple"": ""88"", ""min_amt"": ""88"", ""min_amt_multiple"": ""88"", ""monthly_aaum_date"": ""88"", ""monthly_aaum_value"": ""88"", ""mutual_fund_name"": ""88"", ""riskometer"": ""88"", ""riskometer_benchmark"": ""88"", ""scheme_launch_date"": ""88""}"
Kotak Mahindra Asset Management Company Limited,KOTAK NIFTY ALPHA 50 ETF,Kotak Mahindra Mutual Fund,NIFTY Alpha 50 Index TRI,20260131,721.41 crs,20211222,1,",",1,",",Nil.,Nil.,,,,,,,,,,,,,196.64,,,,,,0.26,,,,Devender Singhal,,,,Satish Dondapati,,,,Abhishek Bisen,,,,,,,,"{""amc_name"": ""89"", ""benchmark_index"": ""89"", ""count"": 104, ""fund_manager_managing_fund_since"": ""89"", ""fund_manager_name"": ""89"", ""fund_manager_qualification"": ""89"", ""fund_manager_total_exp"": ""89"", ""load_entry"": ""89"", ""load_exit"": ""89"", ""main_scheme_name"": ""89"", ""metrics_port_turnover_ratio"": ""89"", ""metrics_tracking_error"": ""89"", ""min_addl_amt"": ""89"", ""min_addl_amt_multiple"": ""89"", ""min_amt"": ""89"", ""min_amt_multiple"": ""89"", ""monthly_aaum_date"": ""89"", ""monthly_aaum_value"": ""89"", ""mutual_fund_name"": ""89"", ""riskometer"": ""89"", ""riskometer_benchmark"": ""89"", ""scheme_launch_date"": ""89""}"
Kotak Mahindra Asset Management Company Limited,KOTAK NIFTY MIDCAP 50 ETF,Kotak Mahindra Mutual Fund,Nifty Midcap 50 TRI,20260131,139.48 crs,20220128,1,",",1,",",Nil.,Nil.,,,,,,,,,,,,,51.34,,,,,,0.09,,,,Devender Singhal,,,,Satish Dondapati,,,,Abhishek Bisen,,,,,,,,"{""amc_name"": ""90"", ""benchmark_index"": ""90"", ""count"": 104, ""fund_manager_managing_fund_since"": ""90"", ""fund_manager_name"": ""90"", ""fund_manager_qualification"": ""90"", ""fund_manager_total_exp"": ""90"", ""load_entry"": ""90"", ""load_exit"": ""90"", ""main_scheme_name"": ""90"", ""metrics_port_turnover_ratio"": ""90"", ""metrics_tracking_error"": ""90"", ""min_addl_amt"": ""90"", ""min_addl_amt_multiple"": ""90"", ""min_amt"": ""90"", ""min_amt_multiple"": ""90"", ""monthly_aaum_date"": ""90"", ""monthly_aaum_value"": ""90"", ""mutual_fund_name"": ""90"", ""riskometer"": ""90"", ""riskometer_benchmark"": ""90"", ""scheme_launch_date"": ""90""}"
Kotak Mahindra Asset Management Company Limited,KOTAK NIFTY 100 LOW VOLATILITY 30 ETF,Kotak Mahindra Mutual Fund,NIFTY 100 Low Volatility 30 TRI,20260131,173.94 crs,20220323,1,",",1,",",Nil.,Nil.,,,,,,,,,,,,,49.62,,,,,,0.04,,,,Devender Singhal,,,,Abhishek Bisen,,,,Satish Dondapati,,,,,,,,"{""amc_name"": ""91"", ""benchmark_index"": ""91"", ""count"": 104, ""fund_manager_managing_fund_since"": ""91"", ""fund_manager_name"": ""91"", ""fund_manager_qualification"": ""91"", ""fund_manager_total_exp"": ""91"", ""load_entry"": ""91"", ""load_exit"": ""91"", ""main_scheme_name"": ""91"", ""metrics_port_turnover_ratio"": ""91"", ""metrics_tracking_error"": ""91"", ""min_addl_amt"": ""91"", ""min_addl_amt_multiple"": ""91"", ""min_amt"": ""91"", ""min_amt_multiple"": ""91"", ""monthly_aaum_date"": ""91"", ""monthly_aaum_value"": ""91"", ""mutual_fund_name"": ""91"", ""riskometer"": ""91"", ""riskometer_benchmark"": ""91"", ""scheme_launch_date"": ""91""}"
Kotak Mahindra Asset Management Company Limited,KOTAK NIFTY INDIA CONSUMPTION ETF,Kotak Mahindra Mutual Fund,NIFTY India Consumption Index TRI,20260131,34.31 crs,20220728,1,",",1,",",Nil.,Nil.,,,,,,,,,,,,,22.98,,,,,,0.05,,,,Devender Singhal,,,,Satish Dondapati,,,,Abhishek Bisen,,,,,,,,"{""amc_name"": ""92"", ""benchmark_index"": ""92"", ""count"": 104, ""fund_manager_managing_fund_since"": ""92"", ""fund_manager_name"": ""92"", ""fund_manager_qualification"": ""92"", ""fund_manager_total_exp"": ""92"", ""load_entry"": ""92"", ""load_exit"": ""92"", ""main_scheme_name"": ""92"", ""metrics_port_turnover_ratio"": ""92"", ""metrics_tracking_error"": ""92"", ""min_addl_amt"": ""92"", ""min_addl_amt_multiple"": ""92"", ""min_amt"": ""92"", ""min_amt_multiple"": ""92"", ""monthly_aaum_date"": ""92"", ""monthly_aaum_value"": ""92"", ""mutual_fund_name"": ""92"", ""riskometer"": ""92"", ""riskometer_benchmark"": ""92"", ""scheme_launch_date"": ""92""}"
Kotak Mahindra Asset Management Company Limited,KOTAK NIFTY MNC ETF,Kotak Mahindra Mutual Fund,NIFTY MNC TRI,20260131,39.48 crs,20220805,1,",",1,",",Nil.,Nil.,,,,,,,,,,,,,42.76,,,,,,0.04,,,,Devender Singhal,,,,Satish Dondapati,,,,Abhishek Bisen,,,,,,,,"{""amc_name"": ""93"", ""benchmark_index"": ""93"", ""count"": 104, ""fund_manager_managing_fund_since"": ""93"", ""fund_manager_name"": ""93"", ""fund_manager_qualification"": ""93"", ""fund_manager_total_exp"": ""93"", ""load_entry"": ""93"", ""load_exit"": ""93"", ""main_scheme_name"": ""93"", ""metrics_port_turnover_ratio"": ""93"", ""metrics_tracking_error"": ""93"", ""min_addl_amt"": ""93"", ""min_addl_amt_multiple"": ""93"", ""min_amt"": ""93"", ""min_amt_multiple"": ""93"", ""monthly_aaum_date"": ""93"", ""monthly_aaum_value"": ""93"", ""mutual_fund_name"": ""93"", ""riskometer"": ""93"", ""riskometer_benchmark"": ""93"", ""scheme_launch_date"": ""93""}"
Kotak Mahindra Asset Management Company Limited,KOTAK MSCI INDIA ETF,Kotak Mahindra Mutual Fund,MSCI India Index TRI,20260131,"1,738.97 crs",20250219,1,",",1,",",Nil.,Nil.,,,,,,,,,,,,,100.78,,,,,,0.19,,,,Devender Singhal,,,,Satish Dondapati,,,,Abhishek Bisen,,,,,,,,"{""amc_name"": ""94"", ""benchmark_index"": ""94"", ""count"": 104, ""fund_manager_managing_fund_since"": ""94"", ""fund_manager_name"": ""94"", ""fund_manager_qualification"": ""94"", ""fund_manager_total_exp"": ""94"", ""load_entry"": ""94"", ""load_exit"": ""94"", ""main_scheme_name"": ""94"", ""metrics_port_turnover_ratio"": ""94"", ""metrics_tracking_error"": ""94"", ""min_addl_amt"": ""94"", ""min_addl_amt_multiple"": ""94"", ""min_amt"": ""94"", ""min_amt_multiple"": ""94"", ""monthly_aaum_date"": ""94"", ""monthly_aaum_value"": ""94"", ""mutual_fund_name"": ""94"", ""riskometer"": ""94"", ""riskometer_benchmark"": ""94"", ""scheme_launch_date"": ""94""}"
Kotak Mahindra Asset Management Company Limited,KOTAK NIFTY 100 EQUAL WEIGHT ETF,Kotak Mahindra Mutual Fund,Nifty 100 Equal Weight Index TRI,20260131,4.45 crs,20250224,1,",",1,",",Nil.,Nil.,,,,,,,,,,,,,257.33,,,,,,0.13,,,,Devender Singhal,,,,Satish Dondapati,,,,Abhishek Bisen,,,,,,,,"{""amc_name"": ""95"", ""benchmark_index"": ""95"", ""count"": 104, ""fund_manager_managing_fund_since"": ""95"", ""fund_manager_name"": ""95"", ""fund_manager_qualification"": ""95"", ""fund_manager_total_exp"": ""95"", ""load_entry"": ""95"", ""load_exit"": ""95"", ""main_scheme_name"": ""95"", ""metrics_port_turnover_ratio"": ""95"", ""metrics_tracking_error"": ""95"", ""min_addl_amt"": ""95"", ""min_addl_amt_multiple"": ""95"", ""min_amt"": ""95"", ""min_amt_multiple"": ""95"", ""monthly_aaum_date"": ""95"", ""monthly_aaum_value"": ""95"", ""mutual_fund_name"": ""95"", ""riskometer"": ""95"", ""riskometer_benchmark"": ""95"", ""scheme_launch_date"": ""95""}"
Kotak Mahindra Asset Management Company Limited,KOTAK NIFTY MIDCAP 150 ETF,Kotak Mahindra Mutual Fund,Nifty Midcap 150 Index TRI,20260131,4.91 crs,20250321,1,",",1,",",Nil.,Nil.,,,,,,,,,,,,,356.10,,,,,,0.96,,,,Devender Singhal,,,,Satish Dondapati,,,,Abhishek Bisen,,,,,,,,"{""amc_name"": ""96"", ""benchmark_index"": ""96"", ""count"": 104, ""fund_manager_managing_fund_since"": ""96"", ""fund_manager_name"": ""96"", ""fund_manager_qualification"": ""96"", ""fund_manager_total_exp"": ""96"", ""load_entry"": ""96"", ""load_exit"": ""96"", ""main_scheme_name"": ""96"", ""metrics_port_turnover_ratio"": ""96"", ""metrics_tracking_error"": ""96"", ""min_addl_amt"": ""96"", ""min_addl_amt_multiple"": ""96"", ""min_amt"": ""96"", ""min_amt_multiple"": ""96"", ""monthly_aaum_date"": ""96"", ""monthly_aaum_value"": ""96"", ""mutual_fund_name"": ""96"", ""riskometer"": ""96"", ""riskometer_benchmark"": ""96"", ""scheme_launch_date"": ""96""}"
Kotak Mahindra Asset Management Company Limited,KOTAK NIFTY200 QUALITY 30 ETF,Kotak Mahindra Mutual Fund,Nifty200 Quality 30 Index TRI,20260131,2.46 crs,20250714,1,",",1,",",Nil.,Nil.,,,,,,,,,,,,,185.56,,,,,,0.07,,,,Devender Singhal,,,,Satish Dondapati,,,,Abhishek Bisen,,,,,,,,"{""amc_name"": ""97"", ""benchmark_index"": ""97"", ""count"": 104, ""fund_manager_managing_fund_since"": ""97"", ""fund_manager_name"": ""97"", ""fund_manager_qualification"": ""97"", ""fund_manager_total_exp"": ""97"", ""load_entry"": ""97"", ""load_exit"": ""97"", ""main_scheme_name"": ""97"", ""metrics_port_turnover_ratio"": ""97"", ""metrics_tracking_error"": ""97"", ""min_addl_amt"": ""97"", ""min_addl_amt_multiple"": ""97"", ""min_amt"": ""97"", ""min_amt_multiple"": ""97"", ""monthly_aaum_date"": ""97"", ""monthly_aaum_value"": ""97"", ""mutual_fund_name"": ""97"", ""riskometer"": ""97"", ""riskometer_benchmark"": ""97"", ""scheme_launch_date"": ""97""}"
Kotak Mahindra Asset Management Company Limited,KOTAK NIFTY200 MOMENTUM 30 ETF,Kotak Mahindra Mutual Fund,Nifty200 Momentum 30 Index TRI,20260131,5.32 crs,20251010,1,",",1,",",Nil.,Nil.,,,,,,,,,,,,,98.17,,,,,,0.28,,,,Devender Singhal,,,,Satish Dondapati,,,,Abhishek Bisen,,,,,,,,"{""amc_name"": ""98"", ""benchmark_index"": ""98"", ""count"": 104, ""fund_manager_managing_fund_since"": ""98"", ""fund_manager_name"": ""98"", ""fund_manager_qualification"": ""98"", ""fund_manager_total_exp"": ""98"", ""load_entry"": ""98"", ""load_exit"": ""98"", ""main_scheme_name"": ""98"", ""metrics_port_turnover_ratio"": ""98"", ""metrics_tracking_error"": ""98"", ""min_addl_amt"": ""98"", ""min_addl_amt_multiple"": ""98"", ""min_amt"": ""98"", ""min_amt_multiple"": ""98"", ""monthly_aaum_date"": ""98"", ""monthly_aaum_value"": ""98"", ""mutual_fund_name"": ""98"", ""riskometer"": ""98"", ""riskometer_benchmark"": ""98"", ""scheme_launch_date"": ""98""}"
Kotak Mahindra Asset Management Company Limited,KOTAK NIFTY CHEMICALS ETF,Kotak Mahindra Mutual Fund,Nifty Chemicals Index TRI,20260131,28.76 crs,20251112,1,",",1,",",Nil.,Nil.,,,,,,,,,,,,,5.60,,,,,,0.13,,,,Devender Singhal,,,,Satish Dondapati,,,,Abhishek Bisen,,,,,,,,"{""amc_name"": ""99"", ""benchmark_index"": ""99"", ""count"": 104, ""fund_manager_managing_fund_since"": ""99"", ""fund_manager_name"": ""99"", ""fund_manager_qualification"": ""99"", ""fund_manager_total_exp"": ""99"", ""load_entry"": ""99"", ""load_exit"": ""99"", ""main_scheme_name"": ""99"", ""metrics_port_turnover_ratio"": ""99"", ""metrics_tracking_error"": ""99"", ""min_addl_amt"": ""99"", ""min_addl_amt_multiple"": ""99"", ""min_amt"": ""99"", ""min_amt_multiple"": ""99"", ""monthly_aaum_date"": ""99"", ""monthly_aaum_value"": ""99"", ""mutual_fund_name"": ""99"", ""riskometer"": ""99"", ""riskometer_benchmark"": ""99"", ""scheme_launch_date"": ""99""}"
Kotak Mahindra Asset Management Company Limited,KOTAK NIFTY NEXT 50 ETF,Kotak Mahindra Mutual Fund,Nifty Next 50 TRI,20260131,6.62 crs,"January 7, 2026 Minimum Investment Amount Through ",1,",",1,",",Nil.,Nil.,,,,,,,,,,,,,,,,,,,0.25,,,,Devender Singhal,,,,Satish Dondapati,,,,Abhishek Bisen,,,,,,,,"{""amc_name"": ""100"", ""benchmark_index"": ""100"", ""count"": 104, ""fund_manager_managing_fund_since"": ""100"", ""fund_manager_name"": ""100"", ""fund_manager_qualification"": ""100"", ""fund_manager_total_exp"": ""100"", ""load_entry"": ""100"", ""load_exit"": ""100"", ""main_scheme_name"": ""100"", ""metrics_tracking_error"": ""100"", ""min_addl_amt"": ""100"", ""min_addl_amt_multiple"": ""100"", ""min_amt"": ""100"", ""min_amt_multiple"": ""100"", ""monthly_aaum_date"": ""100"", ""monthly_aaum_value"": ""100"", ""mutual_fund_name"": ""100"", ""riskometer"": ""100"", ""riskometer_benchmark"": ""100"", ""scheme_launch_date"": ""100""}"
Kotak Mahindra Asset Management Company Limited,KOTAK GOLD ETF,Kotak Mahindra Mutual Fund,Prices of Gold,20260131,"13,792.96 crs",20070727,1,",",1,",",Nil.,Nil.,,,,,,,,,,,,,14.26,,,,,,0.31,,,,Abhishek Bisen,,,,Jeetu Valechha Sonar,,,,,,,,,,,,"{""amc_name"": ""101"", ""benchmark_index"": ""101"", ""count"": 104, ""fund_manager_managing_fund_since"": ""101"", ""fund_manager_name"": ""101"", ""fund_manager_qualification"": ""101"", ""fund_manager_total_exp"": ""101"", ""load_entry"": ""101"", ""load_exit"": ""101"", ""main_scheme_name"": ""101"", ""metrics_port_turnover_ratio"": ""101"", ""metrics_tracking_error"": ""101"", ""min_addl_amt"": ""101"", ""min_addl_amt_multiple"": ""101"", ""min_amt"": ""101"", ""min_amt_multiple"": ""101"", ""monthly_aaum_date"": ""101"", ""monthly_aaum_value"": ""101"", ""mutual_fund_name"": ""101"", ""riskometer"": ""101"", ""riskometer_benchmark"": ""101"", ""scheme_launch_date"": ""101""}"
Kotak Mahindra Asset Management Company Limited,KOTAK NIFTY 1D RATE LIQUID ETF,Kotak Mahindra Mutual Fund,NIFTY 1D Rate Index,20260131,"1,619.66 crs",20230124,1,",",1,",",Nil.,Nil.,,,,,,0.01,,,,,0.01,0.01,,,,,,,0.01,,,5.25,Abhishek Bisen,,,,Satish Dondapati,,,,,,,,,,,,"{""amc_name"": ""102"", ""benchmark_index"": ""102"", ""count"": 104, ""fund_manager_managing_fund_since"": ""102"", ""fund_manager_name"": ""102"", ""fund_manager_qualification"": ""102"", ""fund_manager_total_exp"": ""102"", ""load_entry"": ""102"", ""load_exit"": ""102"", ""main_scheme_name"": ""102"", ""metrics_avg_maturity"": ""102"", ""metrics_macaulay"": ""102"", ""metrics_mod_duration"": ""102"", ""metrics_tracking_error"": ""102"", ""metrics_ytm"": ""102"", ""min_addl_amt"": ""102"", ""min_addl_amt_multiple"": ""102"", ""min_amt"": ""102"", ""min_amt_multiple"": ""102"", ""monthly_aaum_date"": ""102"", ""monthly_aaum_value"": ""102"", ""mutual_fund_name"": ""102"", ""riskometer"": ""102"", ""riskometer_benchmark"": ""102"", ""scheme_launch_date"": ""102""}"
Kotak Mahindra Asset Management Company Limited,KOTAK NIFTY NEXT 50 INDEX FUND,Kotak Mahindra Mutual Fund,Nifty Next 50 Index TRI,20260131,884.93 crs,20210310,100,any,100,any,Nil. (applicable for all plans),Nil. (applicable for all plans),,,,,,,,,,,,,26.51,,,,,,0.10,,,,Devender Singhal,,,,Satish Dondapati,,,,,,,,,,,,"{""amc_name"": ""103"", ""benchmark_index"": ""103"", ""count"": 104, ""fund_manager_managing_fund_since"": ""103"", ""fund_manager_name"": ""103"", ""fund_manager_qualification"": ""103"", ""fund_manager_total_exp"": ""103"", ""load_entry"": ""103"", ""load_exit"": ""103"", ""main_scheme_name"": ""103"", ""metrics_port_turnover_ratio"": ""103"", ""metrics_tracking_error"": ""103"", ""min_addl_amt"": ""103"", ""min_addl_amt_multiple"": ""103"", ""min_amt"": ""103"", ""min_amt_multiple"": ""103"", ""monthly_aaum_date"": ""103"", ""monthly_aaum_value"": ""103"", ""mutual_fund_name"": ""103"", ""riskometer"": ""103"", ""riskometer_benchmark"": ""103"", ""scheme_launch_date"": ""103""}"
Kotak Mahindra Asset Management Company Limited,KOTAK NIFTY 50 INDEX FUND,Kotak Mahindra Mutual Fund,Nifty 50 Index TRI,20260131,"1,037.67 crs",20210621,100,any,100,any,Nil. (applicable for all plans),Nil. (applicable for all plans),,,,,,,,,,,,,16.14,,,,,,0.06,,,,Devender Singhal,,,,Satish Dondapati,,,,Abhishek Bisen,,,,,,,,"{""amc_name"": ""104"", ""benchmark_index"": ""104"", ""count"": 104, ""fund_manager_managing_fund_since"": ""104"", ""fund_manager_name"": ""104"", ""fund_manager_qualification"": ""104"", ""fund_manager_total_exp"": ""104"", ""load_entry"": ""104"", ""load_exit"": ""104"", ""main_scheme_name"": ""104"", ""metrics_port_turnover_ratio"": ""104"", ""metrics_tracking_error"": ""104"", ""min_addl_amt"": ""104"", ""min_addl_amt_multiple"": ""104"", ""min_amt"": ""104"", ""min_amt_multiple"": ""104"", ""monthly_aaum_date"": ""104"", ""monthly_aaum_value"": ""104"", ""mutual_fund_name"": ""104"", ""riskometer"": ""104"", ""riskometer_benchmark"": ""104"", ""scheme_launch_date"": ""104""}"
Kotak Mahindra Asset Management Company Limited,KOTAK NIFTY SMALLCAP 50 INDEX FUND,Kotak Mahindra Mutual Fund,Nifty Smallcap 50 Index TRI,20260131,177.64 crs,20230410,100,any,100,any,Nil. (applicable for all plans),Nil. (applicable for all plans),,,,,,,,,,,,,68.03,,,,,,0.10,,,,Devender Singhal,,,,Satish Dondapati,,,,Abhishek Bisen,,,,,,,,"{""amc_name"": ""105"", ""benchmark_index"": ""105"", ""count"": 104, ""fund_manager_managing_fund_since"": ""105"", ""fund_manager_name"": ""105"", ""fund_manager_qualification"": ""105"", ""fund_manager_total_exp"": ""105"", ""load_entry"": ""105"", ""load_exit"": ""105"", ""main_scheme_name"": ""105"", ""metrics_port_turnover_ratio"": ""105"", ""metrics_tracking_error"": ""105"", ""min_addl_amt"": ""105"", ""min_addl_amt_multiple"": ""105"", ""min_amt"": ""105"", ""min_amt_multiple"": ""105"", ""monthly_aaum_date"": ""105"", ""monthly_aaum_value"": ""105"", ""mutual_fund_name"": ""105"", ""riskometer"": ""105"", ""riskometer_benchmark"": ""105"", ""scheme_launch_date"": ""105""}"
Kotak Mahindra Asset Management Company Limited,KOTAK NIFTY 200 MOMENTUM 30 INDEX FUND,Kotak Mahindra Mutual Fund,Nifty 200 Momentum 30 Index TRI,20260131,509.28 crs,20230615,100,any,100,any,Nil. (applicable for all plans),Nil. (applicable for all plans),,,,,,,,,,,,,168.48,,,,,,0.23,,,,Devender Singhal,,,,Satish Dondapati,,,,Abhishek Bisen,,,,,,,,"{""amc_name"": ""106"", ""benchmark_index"": ""106"", ""count"": 104, ""fund_manager_managing_fund_since"": ""106"", ""fund_manager_name"": ""106"", ""fund_manager_qualification"": ""106"", ""fund_manager_total_exp"": ""106"", ""load_entry"": ""106"", ""load_exit"": ""106"", ""main_scheme_name"": ""106"", ""metrics_port_turnover_ratio"": ""106"", ""metrics_tracking_error"": ""106"", ""min_addl_amt"": ""106"", ""min_addl_amt_multiple"": ""106"", ""min_amt"": ""106"", ""min_amt_multiple"": ""106"", ""monthly_aaum_date"": ""106"", ""monthly_aaum_value"": ""106"", ""mutual_fund_name"": ""106"", ""riskometer"": ""106"", ""riskometer_benchmark"": ""106"", ""scheme_launch_date"": ""106""}"
Kotak Mahindra Asset Management Company Limited,KOTAK NIFTY FINANCIAL SERVICES EX-BANK INDEX FUND,Kotak Mahindra Mutual Fund,Nifty Financial Services Ex-Bank Index TRI,20260131,95.93 crs,20230814,100,any,100,any,Nil. (applicable for all plans),Nil. (applicable for all plans),,,,,,,,,,,,,43.19,,,,,,0.20,,,,Devender Singhal,,,,Satish Dondapati,,,,Abhishek Bisen,,,,,,,,"{""amc_name"": ""107"", ""benchmark_index"": ""107"", ""count"": 104, ""fund_manager_managing_fund_since"": ""107"", ""fund_manager_name"": ""107"", ""fund_manager_qualification"": ""107"", ""fund_manager_total_exp"": ""107"", ""load_entry"": ""107"", ""load_exit"": ""107"", ""main_scheme_name"": ""107"", ""metrics_port_turnover_ratio"": ""107"", ""metrics_tracking_error"": ""107"", ""min_addl_amt"": ""107"", ""min_addl_amt_multiple"": ""107"", ""min_amt"": ""107"", ""min_amt_multiple"": ""107"", ""monthly_aaum_date"": ""107"", ""monthly_aaum_value"": ""107"", ""mutual_fund_name"": ""107"", ""riskometer"": ""107"", ""riskometer_benchmark"": ""107"", ""scheme_launch_date"": ""107""}"
Kotak Mahindra Asset Management Company Limited,KOTAK BSE HOUSING INDEX FUND,Kotak Mahindra Mutual Fund,BSE Housing Index TRI,20260131,14.78 crs,20230828,100,any,100,any,Nil. (applicable for all plans),Nil. (applicable for all plans),,,,,,,,,,,,,34.91,,,,,,0.11,,,,Devender Singhal,,,,Satish Dondapati,,,,Abhishek Bisen,,,,,,,,"{""amc_name"": ""108"", ""benchmark_index"": ""108"", ""count"": 104, ""fund_manager_managing_fund_since"": ""108"", ""fund_manager_name"": ""108"", ""fund_manager_qualification"": ""108"", ""fund_manager_total_exp"": ""108"", ""load_entry"": ""108"", ""load_exit"": ""108"", ""main_scheme_name"": ""108"", ""metrics_port_turnover_ratio"": ""108"", ""metrics_tracking_error"": ""108"", ""min_addl_amt"": ""108"", ""min_addl_amt_multiple"": ""108"", ""min_amt"": ""108"", ""min_amt_multiple"": ""108"", ""monthly_aaum_date"": ""108"", ""monthly_aaum_value"": ""108"", ""mutual_fund_name"": ""108"", ""riskometer"": ""108"", ""riskometer_benchmark"": ""108"", ""scheme_launch_date"": ""108""}"
Kotak Mahindra Asset Management Company Limited,KOTAK NIFTY 100 LOW VOLATILITY 30 INDEX FUND,Kotak Mahindra Mutual Fund,NIFTY 100 Low Volatility 30 Index TRI,20260131,142.64 crs,20240607,100,any,100,any,Nil. (applicable for all plans),Nil. (applicable for all plans),,,,,,,,,,,,,48.14,,,,,,0.06,,,,Devender Singhal,,,,Satish Dondapati,,,,Abhishek Bisen,,,,,,,,"{""amc_name"": ""109"", ""benchmark_index"": ""109"", ""count"": 104, ""fund_manager_managing_fund_since"": ""109"", ""fund_manager_name"": ""109"", ""fund_manager_qualification"": ""109"", ""fund_manager_total_exp"": ""109"", ""load_entry"": ""109"", ""load_exit"": ""109"", ""main_scheme_name"": ""109"", ""metrics_port_turnover_ratio"": ""109"", ""metrics_tracking_error"": ""109"", ""min_addl_amt"": ""109"", ""min_addl_amt_multiple"": ""109"", ""min_amt"": ""109"", ""min_amt_multiple"": ""109"", ""monthly_aaum_date"": ""109"", ""monthly_aaum_value"": ""109"", ""mutual_fund_name"": ""109"", ""riskometer"": ""109"", ""riskometer_benchmark"": ""109"", ""scheme_launch_date"": ""109""}"
Kotak Mahindra Asset Management Company Limited,KOTAK BSE PSU INDEX FUND,Kotak Mahindra Mutual Fund,BSE PSU Index TRI,20260131,80.25 crs,20240731,100,any,100,any,Nil. (applicable for all plans),Nil. (applicable for all plans),,,,,,,,,,,,,33.22,,,,,,0.10,,,,Devender Singhal,,,,Satish Dondapati,,,,Abhishek Bisen,,,,,,,,"{""amc_name"": ""110"", ""benchmark_index"": ""110"", ""count"": 104, ""fund_manager_managing_fund_since"": ""110"", ""fund_manager_name"": ""110"", ""fund_manager_qualification"": ""110"", ""fund_manager_total_exp"": ""110"", ""load_entry"": ""110"", ""load_exit"": ""110"", ""main_scheme_name"": ""110"", ""metrics_port_turnover_ratio"": ""110"", ""metrics_tracking_error"": ""110"", ""min_addl_amt"": ""110"", ""min_addl_amt_multiple"": ""110"", ""min_amt"": ""110"", ""min_amt_multiple"": ""110"", ""monthly_aaum_date"": ""110"", ""monthly_aaum_value"": ""110"", ""mutual_fund_name"": ""110"", ""riskometer"": ""110"", ""riskometer_benchmark"": ""110"", ""scheme_launch_date"": ""110""}"
Kotak Mahindra Asset Management Company Limited,KOTAK NIFTY MIDCAP 50 INDEX FUND,Kotak Mahindra Mutual Fund,Nifty Midcap 50 Index TRI,20260131,68.36 crs,20240816,100,any,100,any,Nil. (applicable for all plans),Nil. (applicable for all plans),,,,,,,,,,,,,72.46,,,,,,0.13,,,,Devender Singhal,,,,Satish Dondapati,,,,Abhishek Bisen,,,,,,,,"{""amc_name"": ""111"", ""benchmark_index"": ""111"", ""count"": 104, ""fund_manager_managing_fund_since"": ""111"", ""fund_manager_name"": ""111"", ""fund_manager_qualification"": ""111"", ""fund_manager_total_exp"": ""111"", ""load_entry"": ""111"", ""load_exit"": ""111"", ""main_scheme_name"": ""111"", ""metrics_port_turnover_ratio"": ""111"", ""metrics_tracking_error"": ""111"", ""min_addl_amt"": ""111"", ""min_addl_amt_multiple"": ""111"", ""min_amt"": ""111"", ""min_amt_multiple"": ""111"", ""monthly_aaum_date"": ""111"", ""monthly_aaum_value"": ""111"", ""mutual_fund_name"": ""111"", ""riskometer"": ""111"", ""riskometer_benchmark"": ""111"", ""scheme_launch_date"": ""111""}"
Kotak Mahindra Asset Management Company Limited,KOTAK NIFTY INDIA TOURISM INDEX FUND,Kotak Mahindra Mutual Fund,Nifty India Tourism Index TRI,20260131,32.34 crs,20240923,100,any,100,any,Nil. (applicable for all plans),Nil. (applicable for all plans),,,,,,,,,,,,,97.54,,,,,,0.18,,,,Devender Singhal,,,,Satish Dondapati,,,,Abhishek Bisen,,,,,,,,"{""amc_name"": ""112"", ""benchmark_index"": ""112"", ""count"": 104, ""fund_manager_managing_fund_since"": ""112"", ""fund_manager_name"": ""112"", ""fund_manager_qualification"": ""112"", ""fund_manager_total_exp"": ""112"", ""load_entry"": ""112"", ""load_exit"": ""112"", ""main_scheme_name"": ""112"", ""metrics_port_turnover_ratio"": ""112"", ""metrics_tracking_error"": ""112"", ""min_addl_amt"": ""112"", ""min_addl_amt_multiple"": ""112"", ""min_amt"": ""112"", ""min_amt_multiple"": ""112"", ""monthly_aaum_date"": ""112"", ""monthly_aaum_value"": ""112"", ""mutual_fund_name"": ""112"", ""riskometer"": ""112"", ""riskometer_benchmark"": ""112"", ""scheme_launch_date"": ""112""}"
Kotak Mahindra Asset Management Company Limited,KOTAK NIFTY MIDCAP 150 MOMENTUM 50 INDEX FUND,Kotak Mahindra Mutual Fund,Nifty Midcap 150 Momentum 50 Index (TRI),20260131,305.30 crs,20241008,100,any,100,any,Nil. (applicable for all plans),Nil. (applicable for all plans),,,,,,,,,,,,,126.70,,,,,,0.20,,,,Devender Singhal,,,,Satish Dondapati,,,,Abhishek Bisen,,,,,,,,"{""amc_name"": ""113"", ""benchmark_index"": ""113"", ""count"": 104, ""fund_manager_managing_fund_since"": ""113"", ""fund_manager_name"": ""113"", ""fund_manager_qualification"": ""113"", ""fund_manager_total_exp"": ""113"", ""load_entry"": ""113"", ""load_exit"": ""113"", ""main_scheme_name"": ""113"", ""metrics_port_turnover_ratio"": ""113"", ""metrics_tracking_error"": ""113"", ""min_addl_amt"": ""113"", ""min_addl_amt_multiple"": ""113"", ""min_amt"": ""113"", ""min_amt_multiple"": ""113"", ""monthly_aaum_date"": ""113"", ""monthly_aaum_value"": ""113"", ""mutual_fund_name"": ""113"", ""riskometer"": ""113"", ""riskometer_benchmark"": ""113"", ""scheme_launch_date"": ""113""}"
Kotak Mahindra Asset Management Company Limited,KOTAK NIFTY 50 EQUAL WEIGHT INDEX FUND,Kotak Mahindra Mutual Fund,Nifty 50 Equal Weight Index (TRI),20260131,35.12 crs,20241223,100,any,100,any,Nil. (applicable for all plans),Nil. (applicable for all plans),,,,,,,,,,,,,69.14,,,,,,0.23,,,,Devender Singhal,,,,Satish Dondapati,,,,Abhishek Bisen,,,,,,,,"{""amc_name"": ""114"", ""benchmark_index"": ""114"", ""count"": 104, ""fund_manager_managing_fund_since"": ""114"", ""fund_manager_name"": ""114"", ""fund_manager_qualification"": ""114"", ""fund_manager_total_exp"": ""114"", ""load_entry"": ""114"", ""load_exit"": ""114"", ""main_scheme_name"": ""114"", ""metrics_port_turnover_ratio"": ""114"", ""metrics_tracking_error"": ""114"", ""min_addl_amt"": ""114"", ""min_addl_amt_multiple"": ""114"", ""min_amt"": ""114"", ""min_amt_multiple"": ""114"", ""monthly_aaum_date"": ""114"", ""monthly_aaum_value"": ""114"", ""mutual_fund_name"": ""114"", ""riskometer"": ""114"", ""riskometer_benchmark"": ""114"", ""scheme_launch_date"": ""114""}"
Kotak Mahindra Asset Management Company Limited,KOTAK NIFTY 100 EQUAL WEIGHT INDEX FUND,Kotak Mahindra Mutual Fund,Nifty 100 Equal Weight Index (TRI),20260131,28.53 crs,20241223,100,any,100,any,Nil. (applicable for all plans),Nil. (applicable for all plans),,,,,,,,,,,,,52.14,,,,,,0.17,,,,Devender Singhal,,,,Satish Dondapati,,,,Abhishek Bisen,,,,,,,,"{""amc_name"": ""115"", ""benchmark_index"": ""115"", ""count"": 104, ""fund_manager_managing_fund_since"": ""115"", ""fund_manager_name"": ""115"", ""fund_manager_qualification"": ""115"", ""fund_manager_total_exp"": ""115"", ""load_entry"": ""115"", ""load_exit"": ""115"", ""main_scheme_name"": ""115"", ""metrics_port_turnover_ratio"": ""115"", ""metrics_tracking_error"": ""115"", ""min_addl_amt"": ""115"", ""min_addl_amt_multiple"": ""115"", ""min_amt"": ""115"", ""min_amt_multiple"": ""115"", ""monthly_aaum_date"": ""115"", ""monthly_aaum_value"": ""115"", ""mutual_fund_name"": ""115"", ""riskometer"": ""115"", ""riskometer_benchmark"": ""115"", ""scheme_launch_date"": ""115""}"
Kotak Mahindra Asset Management Company Limited,KOTAK NIFTY SMALLCAP 250 INDEX FUND,Kotak Mahindra Mutual Fund,Nifty Smallcap 250 Index TRI,20260131,39.30 crs,20250127,100,any,100,any,Nil. (applicable for all plans),Nil. (applicable for all plans),,,,,,,,,,,,,40.32,,,,,,0.12,,,,Devender Singhal,,,,Satish Dondapati,,,,Abhishek Bisen,,,,,,,,"{""amc_name"": ""116"", ""benchmark_index"": ""116"", ""count"": 104, ""fund_manager_managing_fund_since"": ""116"", ""fund_manager_name"": ""116"", ""fund_manager_qualification"": ""116"", ""fund_manager_total_exp"": ""116"", ""load_entry"": ""116"", ""load_exit"": ""116"", ""main_scheme_name"": ""116"", ""metrics_port_turnover_ratio"": ""116"", ""metrics_tracking_error"": ""116"", ""min_addl_amt"": ""116"", ""min_addl_amt_multiple"": ""116"", ""min_amt"": ""116"", ""min_amt_multiple"": ""116"", ""monthly_aaum_date"": ""116"", ""monthly_aaum_value"": ""116"", ""mutual_fund_name"": ""116"", ""riskometer"": ""116"", ""riskometer_benchmark"": ""116"", ""scheme_launch_date"": ""116""}"
Kotak Mahindra Asset Management Company Limited,KOTAK BSE SENSEX INDEX FUND,Kotak Mahindra Mutual Fund,BSE Sensex Index TRI,20260131,16.14 crs,20250217,100,any,100,any,Nil. (applicable for all plans),Nil. (applicable for all plans),,,,,,,,,,,,,44.74,,,,,,0.20,,,,Devender Singhal,,,,Satish Dondapati,,,,Abhishek Bisen,,,,,,,,"{""amc_name"": ""118"", ""benchmark_index"": ""118"", ""count"": 104, ""fund_manager_managing_fund_since"": ""118"", ""fund_manager_name"": ""118"", ""fund_manager_qualification"": ""118"", ""fund_manager_total_exp"": ""118"", ""load_entry"": ""118"", ""load_exit"": ""118"", ""main_scheme_name"": ""118"", ""metrics_port_turnover_ratio"": ""118"", ""metrics_tracking_error"": ""118"", ""min_addl_amt"": ""118"", ""min_addl_amt_multiple"": ""118"", ""min_amt"": ""118"", ""min_amt_multiple"": ""118"", ""monthly_aaum_date"": ""118"", ""monthly_aaum_value"": ""118"", ""mutual_fund_name"": ""118"", ""riskometer"": ""118"", ""riskometer_benchmark"": ""118"", ""scheme_launch_date"": ""118""}"
Kotak Mahindra Asset Management Company Limited,KOTAK NIFTY COMMODITIES INDEX FUND,Kotak Mahindra Mutual Fund,Nifty Commodities Index TRI,20260131,229.39 crs,20250310,100,any,100,any,Nil. (applicable for all plans),Nil. (applicable for all plans),,,,,,,,,,,,,25.07,,,,,,0.47,,,,Devender Singhal,,,,Satish Dondapati,,,,Abhishek Bisen,,,,,,,,"{""amc_name"": ""119"", ""benchmark_index"": ""119"", ""count"": 104, ""fund_manager_managing_fund_since"": ""119"", ""fund_manager_name"": ""119"", ""fund_manager_qualification"": ""119"", ""fund_manager_total_exp"": ""119"", ""load_entry"": ""119"", ""load_exit"": ""119"", ""main_scheme_name"": ""119"", ""metrics_port_turnover_ratio"": ""119"", ""metrics_tracking_error"": ""119"", ""min_addl_amt"": ""119"", ""min_addl_amt_multiple"": ""119"", ""min_amt"": ""119"", ""min_amt_multiple"": ""119"", ""monthly_aaum_date"": ""119"", ""monthly_aaum_value"": ""119"", ""mutual_fund_name"": ""119"", ""riskometer"": ""119"", ""riskometer_benchmark"": ""119"", ""scheme_launch_date"": ""119""}"
Kotak Mahindra Asset Management Company Limited,KOTAK NIFTY MIDCAP 150 INDEX FUND,Kotak Mahindra Mutual Fund,Nifty Midcap 150 Index TRI,20260131,18.15 crs,20250321,100,any,100,any,Nil. (applicable for all plans),Nil. (applicable for all plans),,,,,,,,,,,,,76.03,,,,,,1.15,,,,Devender Singhal,,,,Satish Dondapati,,,,Abhishek Bisen,,,,,,,,"{""amc_name"": ""120"", ""benchmark_index"": ""120"", ""count"": 104, ""fund_manager_managing_fund_since"": ""120"", ""fund_manager_name"": ""120"", ""fund_manager_qualification"": ""120"", ""fund_manager_total_exp"": ""120"", ""load_entry"": ""120"", ""load_exit"": ""120"", ""main_scheme_name"": ""120"", ""metrics_port_turnover_ratio"": ""120"", ""metrics_tracking_error"": ""120"", ""min_addl_amt"": ""120"", ""min_addl_amt_multiple"": ""120"", ""min_amt"": ""120"", ""min_amt_multiple"": ""120"", ""monthly_aaum_date"": ""120"", ""monthly_aaum_value"": ""120"", ""mutual_fund_name"": ""120"", ""riskometer"": ""120"", ""riskometer_benchmark"": ""120"", ""scheme_launch_date"": ""120""}"
Kotak Mahindra Asset Management Company Limited,KOTAK NIFTY TOP 10 EQUAL WEIGHT INDEX FUND,Kotak Mahindra Mutual Fund,Nifty Top 10 Equal Weight Index TRI,20260131,26.04 crs,20250428,100,any,100,any,Nil. (applicable for all plans),Nil. (applicable for all plans),,,,,,,,,,,,,24.52,,,,,,0.11,,,,Devender Singhal,,,,Satish Dondapati,,,,Abhishek Bisen,,,,,,,,"{""amc_name"": ""121"", ""benchmark_index"": ""121"", ""count"": 104, ""fund_manager_managing_fund_since"": ""121"", ""fund_manager_name"": ""121"", ""fund_manager_qualification"": ""121"", ""fund_manager_total_exp"": ""121"", ""load_entry"": ""121"", ""load_exit"": ""121"", ""main_scheme_name"": ""121"", ""metrics_port_turnover_ratio"": ""121"", ""metrics_tracking_error"": ""121"", ""min_addl_amt"": ""121"", ""min_addl_amt_multiple"": ""121"", ""min_amt"": ""121"", ""min_amt_multiple"": ""121"", ""monthly_aaum_date"": ""121"", ""monthly_aaum_value"": ""121"", ""mutual_fund_name"": ""121"", ""riskometer"": ""121"", ""riskometer_benchmark"": ""121"", ""scheme_launch_date"": ""121""}"
Kotak Mahindra Asset Management Company Limited,KOTAK NIFTY 200 QUALITY 30 INDEX FUND,Kotak Mahindra Mutual Fund,Nifty 200 Quality 30 Index TRI,20260131,14.63 crs,20250714,100,any,100,any,Nil. (applicable for all plans),Nil. (applicable for all plans),,,,,,,,,,,,,16.91,,,,,,0.18,,,,Devender Singhal,,,,Satish Dondapati,,,,Abhishek Bisen,,,,,,,,"{""amc_name"": ""122"", ""benchmark_index"": ""122"", ""count"": 104, ""fund_manager_managing_fund_since"": ""122"", ""fund_manager_name"": ""122"", ""fund_manager_qualification"": ""122"", ""fund_manager_total_exp"": ""122"", ""load_entry"": ""122"", ""load_exit"": ""122"", ""main_scheme_name"": ""122"", ""metrics_port_turnover_ratio"": ""122"", ""metrics_tracking_error"": ""122"", ""min_addl_amt"": ""122"", ""min_addl_amt_multiple"": ""122"", ""min_amt"": ""122"", ""min_amt_multiple"": ""122"", ""monthly_aaum_date"": ""122"", ""monthly_aaum_value"": ""122"", ""mutual_fund_name"": ""122"", ""riskometer"": ""122"", ""riskometer_benchmark"": ""122"", ""scheme_launch_date"": ""122""}"
Kotak Mahindra Asset Management Company Limited,KOTAK NIFTY ALPHA 50 INDEX FUND,Kotak Mahindra Mutual Fund,Nifty Alpha 50 Index TRI,20260131,19.17 crs,20250819,100,any,100,any,Nil. (applicable for all plans),Nil. (applicable for all plans),,,,,,,,,,,,,91.72,,,,,,0.29,,,,Devender Singhal,,,,Satish Dondapati,,,,Abhishek Bisen,,,,,,,,"{""amc_name"": ""123"", ""benchmark_index"": ""123"", ""count"": 104, ""fund_manager_managing_fund_since"": ""123"", ""fund_manager_name"": ""123"", ""fund_manager_qualification"": ""123"", ""fund_manager_total_exp"": ""123"", ""load_entry"": ""123"", ""load_exit"": ""123"", ""main_scheme_name"": ""123"", ""metrics_port_turnover_ratio"": ""123"", ""metrics_tracking_error"": ""123"", ""min_addl_amt"": ""123"", ""min_addl_amt_multiple"": ""123"", ""min_amt"": ""123"", ""min_amt_multiple"": ""123"", ""monthly_aaum_date"": ""123"", ""monthly_aaum_value"": ""123"", ""mutual_fund_name"": ""123"", ""riskometer"": ""123"", ""riskometer_benchmark"": ""123"", ""scheme_launch_date"": ""123""}"
Kotak Mahindra Asset Management Company Limited,KOTAK NIFTY500 MOMENTUM 50 INDEX FUND,Kotak Mahindra Mutual Fund,Nifty500 Momentum 50 Index TRI,20260131,15.25 crs,20251211,100,any,100,any,Nil. (applicable for all plans),Nil. (applicable for all plans),,,,,,,,,,,,,71.27,,,,,,0.32,,,,Devender Singhal,,,,Satish Dondapati,,,,Abhishek Bisen,,,,,,,,"{""amc_name"": ""124"", ""benchmark_index"": ""124"", ""count"": 104, ""fund_manager_managing_fund_since"": ""124"", ""fund_manager_name"": ""124"", ""fund_manager_qualification"": ""124"", ""fund_manager_total_exp"": ""124"", ""load_entry"": ""124"", ""load_exit"": ""124"", ""main_scheme_name"": ""124"", ""metrics_port_turnover_ratio"": ""124"", ""metrics_tracking_error"": ""124"", ""min_addl_amt"": ""124"", ""min_addl_amt_multiple"": ""124"", ""min_amt"": ""124"", ""min_amt_multiple"": ""124"", ""monthly_aaum_date"": ""124"", ""monthly_aaum_value"": ""124"", ""mutual_fund_name"": ""124"", ""riskometer"": ""124"", ""riskometer_benchmark"": ""124"", ""scheme_launch_date"": ""124""}"
Kotak Mahindra Asset Management Company Limited,KOTAK NIFTY SDL APR 2027 TOP 12 EQUAL WEIGHT INDEX FUND,Kotak Mahindra Mutual Fund,Nifty SDL Apr 2027 Top 12 Equal Weight Index,20260131,"7,072.37 crs",20220211,100,any,100,any,Nil. (applicable for all plans),"For redemption switch-out of units on or before 30 days from the date of allotment 0.15% of applicable NAV. For redemption switch-out of units after 30 days from the date of allotment Nil. Any exit load charged (net off Goods and Services tax, if any) shall be credited back to the Scheme. Units issued on reinvestment of IDCW shall not be subject to entry and exit load.",,,,,,1.08,,,,,1.03,1.0,,,,,,,0.82,,,6.07,Abhishek Bisen,,,,,,,,,,,,,,,,"{""amc_name"": ""125"", ""benchmark_index"": ""125"", ""count"": 104, ""fund_manager_managing_fund_since"": ""125"", ""fund_manager_name"": ""125"", ""fund_manager_qualification"": ""125"", ""fund_manager_total_exp"": ""125"", ""load_entry"": ""125"", ""load_exit"": ""125"", ""main_scheme_name"": ""125"", ""metrics_avg_maturity"": ""125"", ""metrics_macaulay"": ""125"", ""metrics_mod_duration"": ""125"", ""metrics_tracking_error"": ""125"", ""metrics_ytm"": ""125"", ""min_addl_amt"": ""125"", ""min_addl_amt_multiple"": ""125"", ""min_amt"": ""125"", ""min_amt_multiple"": ""125"", ""monthly_aaum_date"": ""125"", ""monthly_aaum_value"": ""125"", ""mutual_fund_name"": ""125"", ""riskometer"": ""125"", ""riskometer_benchmark"": ""125"", ""scheme_launch_date"": ""125""}"
Kotak Mahindra Asset Management Company Limited,KOTAK NIFTY SDL APR 2032 TOP 12 EQUAL WEIGHT INDEX FUND,Kotak Mahindra Mutual Fund,Nifty SDL Apr 2032 Top 12 Equal Weight Index,20260131,"3,259.88 crs",20220211,100,any,100,any,Nil. (applicable for all plans),"For redemption switch-out of units on or before 30 days from the date of allotment 0.15% of applicable NAV. For redemption switch-out of units after 30 days from the date of allotment Nil Redemption of units would be done on First in First out Basis (FIFO). Any exit load charged (net off Goods & Service Tax, if any) shall be credited back to the respective Scheme. Units issued on reinvestment of IDCW shall not be subject to entry and exit load.",,,,,,5.96,,,,,4.8,4.63,,,,,,,2.32,,,7.36,Abhishek Bisen,,,,,,,,,,,,,,,,"{""amc_name"": ""126"", ""benchmark_index"": ""126"", ""count"": 104, ""fund_manager_managing_fund_since"": ""126"", ""fund_manager_name"": ""126"", ""fund_manager_qualification"": ""126"", ""fund_manager_total_exp"": ""126"", ""load_entry"": ""126"", ""load_exit"": ""126"", ""main_scheme_name"": ""126"", ""metrics_avg_maturity"": ""126"", ""metrics_macaulay"": ""126"", ""metrics_mod_duration"": ""126"", ""metrics_tracking_error"": ""126"", ""metrics_ytm"": ""126"", ""min_addl_amt"": ""126"", ""min_addl_amt_multiple"": ""126"", ""min_amt"": ""126"", ""min_amt_multiple"": ""126"", ""monthly_aaum_date"": ""126"", ""monthly_aaum_value"": ""126"", ""mutual_fund_name"": ""126"", ""riskometer"": ""126"", ""riskometer_benchmark"": ""126"", ""scheme_launch_date"": ""126""}"
Kotak Mahindra Asset Management Company Limited,KOTAK NIFTY SDL PLUS AAA PSU BOND JUL 2028 6040 INDEX FUND,Kotak Mahindra Mutual Fund,Nifty SDL Plus AAA PSU Bond Jul 2028 60 40 Index,20260131,546.06 crs,20221013,100,any,100,any,Nil. (applicable for all plans),"For redemption switch-out of units on or before 30 days from the date of allotment 0.15% of applicable NAV. For redemption switch-out of units after 30 days from the date of allotment Nil Redemption of units would be done on First in First out Basis (FIFO). Any exit load charged (net off Goods & Service Tax, if any) shall be credited back to the respective Scheme. Units issued on reinvestment of IDCW shall not be subject to entry and exit load.",,,,,,2.16,,,,,1.99,1.91,,,,,,,0.84,,,6.77,Abhishek Bisen,,,,,,,,,,,,,,,,"{""amc_name"": ""127"", ""benchmark_index"": ""127"", ""count"": 104, ""fund_manager_managing_fund_since"": ""127"", ""fund_manager_name"": ""127"", ""fund_manager_qualification"": ""127"", ""fund_manager_total_exp"": ""127"", ""load_entry"": ""127"", ""load_exit"": ""127"", ""main_scheme_name"": ""127"", ""metrics_avg_maturity"": ""127"", ""metrics_macaulay"": ""127"", ""metrics_mod_duration"": ""127"", ""metrics_tracking_error"": ""127"", ""metrics_ytm"": ""127"", ""min_addl_amt"": ""127"", ""min_addl_amt_multiple"": ""127"", ""min_amt"": ""127"", ""min_amt_multiple"": ""127"", ""monthly_aaum_date"": ""127"", ""monthly_aaum_value"": ""127"", ""mutual_fund_name"": ""127"", ""riskometer"": ""127"", ""riskometer_benchmark"": ""127"", ""scheme_launch_date"": ""127""}"
Kotak Mahindra Asset Management Company Limited,KOTAK NIFTY SDL JUL 2026 INDEX FUND,Kotak Mahindra Mutual Fund,Nifty SDL Jul 2026 Index,20260131,102.94 crs,20221222,100,any,100,any,Nil. (applicable for all plans),Nil,,,,,,0.41,,,,,0.41,0.4,,,,,,,0.54,,,5.74,Abhishek Bisen,,,,,,,,,,,,,,,,"{""amc_name"": ""128"", ""benchmark_index"": ""128"", ""count"": 104, ""fund_manager_managing_fund_since"": ""128"", ""fund_manager_name"": ""128"", ""fund_manager_qualification"": ""128"", ""fund_manager_total_exp"": ""128"", ""load_entry"": ""128"", ""load_exit"": ""128"", ""main_scheme_name"": ""128"", ""metrics_avg_maturity"": ""128"", ""metrics_macaulay"": ""128"", ""metrics_mod_duration"": ""128"", ""metrics_tracking_error"": ""128"", ""metrics_ytm"": ""128"", ""min_addl_amt"": ""128"", ""min_addl_amt_multiple"": ""128"", ""min_amt"": ""128"", ""min_amt_multiple"": ""128"", ""monthly_aaum_date"": ""128"", ""monthly_aaum_value"": ""128"", ""mutual_fund_name"": ""128"", ""riskometer"": ""128"", ""riskometer_benchmark"": ""128"", ""scheme_launch_date"": ""128""}"
Kotak Mahindra Asset Management Company Limited,KOTAK NIFTY SDL JUL 2033 INDEX FUND,Kotak Mahindra Mutual Fund,Nifty SDL Jul 2033 Index,20260131,193.07 crs,20230215,100,any,100,any,Nil. (applicable for all plans),Nil,,,,,,6.84,,,,,5.3,5.11,,,,,,,2.17,,,7.39,Abhishek Bisen,,,,,,,,,,,,,,,,"{""amc_name"": ""129"", ""benchmark_index"": ""129"", ""count"": 104, ""fund_manager_managing_fund_since"": ""129"", ""fund_manager_name"": ""129"", ""fund_manager_qualification"": ""129"", ""fund_manager_total_exp"": ""129"", ""load_entry"": ""129"", ""load_exit"": ""129"", ""main_scheme_name"": ""129"", ""metrics_avg_maturity"": ""129"", ""metrics_macaulay"": ""129"", ""metrics_mod_duration"": ""129"", ""metrics_tracking_error"": ""129"", ""metrics_ytm"": ""129"", ""min_addl_amt"": ""129"", ""min_addl_amt_multiple"": ""129"", ""min_amt"": ""129"", ""min_amt_multiple"": ""129"", ""monthly_aaum_date"": ""129"", ""monthly_aaum_value"": ""129"", ""mutual_fund_name"": ""129"", ""riskometer"": ""129"", ""riskometer_benchmark"": ""129"", ""scheme_launch_date"": ""129""}"
Kotak Mahindra Asset Management Company Limited,KOTAK NIFTY G-SEC JULY 2033 INDEX FUND,Kotak Mahindra Mutual Fund,Nifty G-sec July 2033 Index,20260131,22.24 crs,20231011,100,any,100,any,Nil. (applicable for all plans),Nil. (applicable for all plans),,,,,,6.67,,,,,5.21,5.04,,,,,,,0.73,,,6.76,Abhishek Bisen,,,,,,,,,,,,,,,,"{""amc_name"": ""130"", ""benchmark_index"": ""130"", ""count"": 104, ""fund_manager_managing_fund_since"": ""130"", ""fund_manager_name"": ""130"", ""fund_manager_qualification"": ""130"", ""fund_manager_total_exp"": ""130"", ""load_entry"": ""130"", ""load_exit"": ""130"", ""main_scheme_name"": ""130"", ""metrics_avg_maturity"": ""130"", ""metrics_macaulay"": ""130"", ""metrics_mod_duration"": ""130"", ""metrics_tracking_error"": ""130"", ""metrics_ytm"": ""130"", ""min_addl_amt"": ""130"", ""min_addl_amt_multiple"": ""130"", ""min_amt"": ""130"", ""min_amt_multiple"": ""130"", ""monthly_aaum_date"": ""130"", ""monthly_aaum_value"": ""130"", ""mutual_fund_name"": ""130"", ""riskometer"": ""130"", ""riskometer_benchmark"": ""130"", ""scheme_launch_date"": ""130""}"
Kotak Mahindra Asset Management Company Limited,KOTAK CRISIL-IBX AAA FINANCIAL SERVICES INDEX SEP 2027 FUND,Kotak Mahindra Mutual Fund,CRISIL-IBX AAA Financial Services Index Sep 2027,20260131,593.79 crs,20240913,100,any,100,any,Nil. (applicable for all plans),For redemption switch-out of units on or before 30 days from the date of allotment 0.25% of applicable NAV. For redemption switch-out of units after 30 days from the date of allotment- Nil.,,,,,,1.5,,,,,1.42,1.32,,,,,,,0.36,,,7.34,Abhishek Bisen,,,,,,,,,,,,,,,,"{""amc_name"": ""131"", ""benchmark_index"": ""131"", ""count"": 104, ""fund_manager_managing_fund_since"": ""131"", ""fund_manager_name"": ""131"", ""fund_manager_qualification"": ""131"", ""fund_manager_total_exp"": ""131"", ""load_entry"": ""131"", ""load_exit"": ""131"", ""main_scheme_name"": ""131"", ""metrics_avg_maturity"": ""131"", ""metrics_macaulay"": ""131"", ""metrics_mod_duration"": ""131"", ""metrics_tracking_error"": ""131"", ""metrics_ytm"": ""131"", ""min_addl_amt"": ""131"", ""min_addl_amt_multiple"": ""131"", ""min_amt"": ""131"", ""min_amt_multiple"": ""131"", ""monthly_aaum_date"": ""131"", ""monthly_aaum_value"": ""131"", ""mutual_fund_name"": ""131"", ""riskometer"": ""131"", ""riskometer_benchmark"": ""131"", ""scheme_launch_date"": ""131""}"
Kotak Mahindra Asset Management Company Limited,KOTAK CRISIL-IBX AAA BOND FINANCIAL SERVICES INDEX DEC 2026 FUND,Kotak Mahindra Mutual Fund,CRISIL-IBX AAA Financial Services Index Dec 2026,20260131,209.61 crs,20250217,100,any,100,any,Nil. (applicable for all plans),Nil.,,,,,,0.72,,,,,0.71,0.66,,,,,,,0.22,,,7.50,Abhishek Bisen,,,,,,,,,,,,,,,,"{""amc_name"": ""132"", ""benchmark_index"": ""132"", ""count"": 104, ""fund_manager_managing_fund_since"": ""132"", ""fund_manager_name"": ""132"", ""fund_manager_qualification"": ""132"", ""fund_manager_total_exp"": ""132"", ""load_entry"": ""132"", ""load_exit"": ""132"", ""main_scheme_name"": ""132"", ""metrics_avg_maturity"": ""132"", ""metrics_macaulay"": ""132"", ""metrics_mod_duration"": ""132"", ""metrics_tracking_error"": ""132"", ""metrics_ytm"": ""132"", ""min_addl_amt"": ""132"", ""min_addl_amt_multiple"": ""132"", ""min_amt"": ""132"", ""min_amt_multiple"": ""132"", ""monthly_aaum_date"": ""132"", ""monthly_aaum_value"": ""132"", ""mutual_fund_name"": ""132"", ""riskometer"": ""132"", ""riskometer_benchmark"": ""132"", ""scheme_launch_date"": ""132""}"
Kotak Mahindra Asset Management Company Limited,KOTAK CRISIL IBX FINANCIAL SERVICES 3-6 MONTHS DEBT INDEX FUND,Kotak Mahindra Mutual Fund,CRISIL-IBX Financial Services 3-6 Months Debt Index,20260131,368.09 crs,20250307,100,any,100,any,Nil. (applicable for all plans),Nil.,,,,,,0.3,,,,,0.3,0.29,,,,,,,0.44,,,7.30,Manu Sharma,,,,,,,,,,,,,,,,"{""amc_name"": ""133"", ""benchmark_index"": ""133"", ""count"": 104, ""fund_manager_managing_fund_since"": ""133"", ""fund_manager_name"": ""133"", ""fund_manager_qualification"": ""133"", ""fund_manager_total_exp"": ""133"", ""load_entry"": ""133"", ""load_exit"": ""133"", ""main_scheme_name"": ""133"", ""metrics_avg_maturity"": ""133"", ""metrics_macaulay"": ""133"", ""metrics_mod_duration"": ""133"", ""metrics_tracking_error"": ""133"", ""metrics_ytm"": ""133"", ""min_addl_amt"": ""133"", ""min_addl_amt_multiple"": ""133"", ""min_amt"": ""133"", ""min_amt_multiple"": ""133"", ""monthly_aaum_date"": ""133"", ""monthly_aaum_value"": ""133"", ""mutual_fund_name"": ""133"", ""riskometer"": ""133"", ""riskometer_benchmark"": ""133"", ""scheme_launch_date"": ""133""}"
Kotak Mahindra Asset Management Company Limited,KOTAK NIFTY AAA BOND FINANCIAL SERVICES MAR 2028 INDEX FUND,Kotak Mahindra Mutual Fund,Nifty AAA Financial Services Bond Mar 2028 Index,20260131,296.59 crs,20250709,100,any,100,any,Nil. (applicable for all plans),Nil.,,,,,,1.94,,,,,1.82,1.69,,,,,,,0.44,,,7.38,Abhishek Bisen,,,,,,,,,,,,,,,,"{""amc_name"": ""134"", ""benchmark_index"": ""134"", ""count"": 104, ""fund_manager_managing_fund_since"": ""134"", ""fund_manager_name"": ""134"", ""fund_manager_qualification"": ""134"", ""fund_manager_total_exp"": ""134"", ""load_entry"": ""134"", ""load_exit"": ""134"", ""main_scheme_name"": ""134"", ""metrics_avg_maturity"": ""134"", ""metrics_macaulay"": ""134"", ""metrics_mod_duration"": ""134"", ""metrics_tracking_error"": ""134"", ""metrics_ytm"": ""134"", ""min_addl_amt"": ""134"", ""min_addl_amt_multiple"": ""134"", ""min_amt"": ""134"", ""min_amt_multiple"": ""134"", ""monthly_aaum_date"": ""134"", ""monthly_aaum_value"": ""134"", ""mutual_fund_name"": ""134"", ""riskometer"": ""134"", ""riskometer_benchmark"": ""134"", ""scheme_launch_date"": ""134""}"
Kotak Mahindra Asset Management Company Limited,KOTAK CRISIL-IBX FINANCIAL SERVICES 9 TO 12 MONTHS DEBT INDEX FUND,Kotak Mahindra Mutual Fund,CRISIL-IBX Financial Services 9 - 12 Months Debt Index,20260131,669.86 crs,20250924,100,any,100,any,Nil. (applicable for all plans),Nil.,,,,,,0.55,,,,,0.55,0.52,,,,,,,0.11,,,7.39,Manu Sharma,,,,,,,,,,,,,,,,"{""amc_name"": ""135"", ""benchmark_index"": ""135"", ""count"": 104, ""fund_manager_managing_fund_since"": ""135"", ""fund_manager_name"": ""135"", ""fund_manager_qualification"": ""135"", ""fund_manager_total_exp"": ""135"", ""load_entry"": ""135"", ""load_exit"": ""135"", ""main_scheme_name"": ""135"", ""metrics_avg_maturity"": ""135"", ""metrics_macaulay"": ""135"", ""metrics_mod_duration"": ""135"", ""metrics_tracking_error"": ""135"", ""metrics_ytm"": ""135"", ""min_addl_amt"": ""135"", ""min_addl_amt_multiple"": ""135"", ""min_amt"": ""135"", ""min_amt_multiple"": ""135"", ""monthly_aaum_date"": ""135"", ""monthly_aaum_value"": ""135"", ""mutual_fund_name"": ""135"", ""riskometer"": ""135"", ""riskometer_benchmark"": ""135"", ""scheme_launch_date"": ""135""}"
